2026-01-05 16:52:53
Mon Jan  5 16:52:53 2026       
+-----------------------------------------------------------------------------------------+
| NVIDIA-SMI 580.95.05              Driver Version: 580.95.05      CUDA Version: 13.0     |
+-----------------------------------------+------------------------+----------------------+
| GPU  Name                 Persistence-M | Bus-Id          Disp.A | Volatile Uncorr. ECC |
| Fan  Temp   Perf          Pwr:Usage/Cap |           Memory-Usage | GPU-Util  Compute M. |
|                                         |                        |               MIG M. |
|=========================================+========================+======================|
|   0  NVIDIA A16                     Off |   00000000:00:10.0 Off |                    0 |
|  0%   55C    P0             30W /   62W |     546MiB /  15356MiB |      0%      Default |
|                                         |                        |                  N/A |
+-----------------------------------------+------------------------+----------------------+

+-----------------------------------------------------------------------------------------+
| Processes:                                                                              |
|  GPU   GI   CI              PID   Type   Process name                        GPU Memory |
|        ID   ID                                                               Usage      |
|=========================================================================================|
|    0   N/A  N/A            1147      G   /usr/lib/xorg/Xorg                        4MiB |
|    0   N/A  N/A         2598792      C   /opt/conda/bin/python                   524MiB |
+-----------------------------------------------------------------------------------------+
-------------------------------------
2026-01-05 16:52:55
Mon Jan  5 16:52:55 2026       
+-----------------------------------------------------------------------------------------+
| NVIDIA-SMI 580.95.05              Driver Version: 580.95.05      CUDA Version: 13.0     |
+-----------------------------------------+------------------------+----------------------+
| GPU  Name                 Persistence-M | Bus-Id          Disp.A | Volatile Uncorr. ECC |
| Fan  Temp   Perf          Pwr:Usage/Cap |           Memory-Usage | GPU-Util  Compute M. |
|                                         |                        |               MIG M. |
|=========================================+========================+======================|
|   0  NVIDIA A16                     Off |   00000000:00:10.0 Off |                    0 |
|  0%   61C    P0             59W /   62W |     546MiB /  15356MiB |    100%      Default |
|                                         |                        |                  N/A |
+-----------------------------------------+------------------------+----------------------+

+-----------------------------------------------------------------------------------------+
| Processes:                                                                              |
|  GPU   GI   CI              PID   Type   Process name                        GPU Memory |
|        ID   ID                                                               Usage      |
|=========================================================================================|
|    0   N/A  N/A            1147      G   /usr/lib/xorg/Xorg                        4MiB |
|    0   N/A  N/A         2598792      C   /opt/conda/bin/python                   524MiB |
+-----------------------------------------------------------------------------------------+
-------------------------------------
2026-01-05 16:52:57
Mon Jan  5 16:52:57 2026       
+-----------------------------------------------------------------------------------------+
| NVIDIA-SMI 580.95.05              Driver Version: 580.95.05      CUDA Version: 13.0     |
+-----------------------------------------+------------------------+----------------------+
| GPU  Name                 Persistence-M | Bus-Id          Disp.A | Volatile Uncorr. ECC |
| Fan  Temp   Perf          Pwr:Usage/Cap |           Memory-Usage | GPU-Util  Compute M. |
|                                         |                        |               MIG M. |
|=========================================+========================+======================|
|   0  NVIDIA A16                     Off |   00000000:00:10.0 Off |                    0 |
|  0%   64C    P0             59W /   62W |     546MiB /  15356MiB |    100%      Default |
|                                         |                        |                  N/A |
+-----------------------------------------+------------------------+----------------------+

+-----------------------------------------------------------------------------------------+
| Processes:                                                                              |
|  GPU   GI   CI              PID   Type   Process name                        GPU Memory |
|        ID   ID                                                               Usage      |
|=========================================================================================|
|    0   N/A  N/A            1147      G   /usr/lib/xorg/Xorg                        4MiB |
|    0   N/A  N/A         2598792      C   /opt/conda/bin/python                   524MiB |
+-----------------------------------------------------------------------------------------+
-------------------------------------
2026-01-05 16:53:00
Mon Jan  5 16:53:00 2026       
+-----------------------------------------------------------------------------------------+
| NVIDIA-SMI 580.95.05              Driver Version: 580.95.05      CUDA Version: 13.0     |
+-----------------------------------------+------------------------+----------------------+
| GPU  Name                 Persistence-M | Bus-Id          Disp.A | Volatile Uncorr. ECC |
| Fan  Temp   Perf          Pwr:Usage/Cap |           Memory-Usage | GPU-Util  Compute M. |
|                                         |                        |               MIG M. |
|=========================================+========================+======================|
|   0  NVIDIA A16                     Off |   00000000:00:10.0 Off |                    0 |
|  0%   64C    P0             59W /   62W |     546MiB /  15356MiB |    100%      Default |
|                                         |                        |                  N/A |
+-----------------------------------------+------------------------+----------------------+

+-----------------------------------------------------------------------------------------+
| Processes:                                                                              |
|  GPU   GI   CI              PID   Type   Process name                        GPU Memory |
|        ID   ID                                                               Usage      |
|=========================================================================================|
|    0   N/A  N/A            1147      G   /usr/lib/xorg/Xorg                        4MiB |
|    0   N/A  N/A         2598792      C   /opt/conda/bin/python                   524MiB |
+-----------------------------------------------------------------------------------------+
-------------------------------------
2026-01-05 16:53:02
Mon Jan  5 16:53:02 2026       
+-----------------------------------------------------------------------------------------+
| NVIDIA-SMI 580.95.05              Driver Version: 580.95.05      CUDA Version: 13.0     |
+-----------------------------------------+------------------------+----------------------+
| GPU  Name                 Persistence-M | Bus-Id          Disp.A | Volatile Uncorr. ECC |
| Fan  Temp   Perf          Pwr:Usage/Cap |           Memory-Usage | GPU-Util  Compute M. |
|                                         |                        |               MIG M. |
|=========================================+========================+======================|
|   0  NVIDIA A16                     Off |   00000000:00:10.0 Off |                    0 |
|  0%   64C    P0             59W /   62W |     546MiB /  15356MiB |    100%      Default |
|                                         |                        |                  N/A |
+-----------------------------------------+------------------------+----------------------+

+-----------------------------------------------------------------------------------------+
| Processes:                                                                              |
|  GPU   GI   CI              PID   Type   Process name                        GPU Memory |
|        ID   ID                                                               Usage      |
|=========================================================================================|
|    0   N/A  N/A            1147      G   /usr/lib/xorg/Xorg                        4MiB |
|    0   N/A  N/A         2598792      C   /opt/conda/bin/python                   524MiB |
+-----------------------------------------------------------------------------------------+
-------------------------------------
2026-01-05 16:53:04
Mon Jan  5 16:53:04 2026       
+-----------------------------------------------------------------------------------------+
| NVIDIA-SMI 580.95.05              Driver Version: 580.95.05      CUDA Version: 13.0     |
+-----------------------------------------+------------------------+----------------------+
| GPU  Name                 Persistence-M | Bus-Id          Disp.A | Volatile Uncorr. ECC |
| Fan  Temp   Perf          Pwr:Usage/Cap |           Memory-Usage | GPU-Util  Compute M. |
|                                         |                        |               MIG M. |
|=========================================+========================+======================|
|   0  NVIDIA A16                     Off |   00000000:00:10.0 Off |                    0 |
|  0%   65C    P0             58W /   62W |     546MiB /  15356MiB |    100%      Default |
|                                         |                        |                  N/A |
+-----------------------------------------+------------------------+----------------------+

+-----------------------------------------------------------------------------------------+
| Processes:                                                                              |
|  GPU   GI   CI              PID   Type   Process name                        GPU Memory |
|        ID   ID                                                               Usage      |
|=========================================================================================|
|    0   N/A  N/A            1147      G   /usr/lib/xorg/Xorg                        4MiB |
|    0   N/A  N/A         2598792      C   /opt/conda/bin/python                   524MiB |
+-----------------------------------------------------------------------------------------+
-------------------------------------
2026-01-05 16:53:06
Mon Jan  5 16:53:07 2026       
+-----------------------------------------------------------------------------------------+
| NVIDIA-SMI 580.95.05              Driver Version: 580.95.05      CUDA Version: 13.0     |
+-----------------------------------------+------------------------+----------------------+
| GPU  Name                 Persistence-M | Bus-Id          Disp.A | Volatile Uncorr. ECC |
| Fan  Temp   Perf          Pwr:Usage/Cap |           Memory-Usage | GPU-Util  Compute M. |
|                                         |                        |               MIG M. |
|=========================================+========================+======================|
|   0  NVIDIA A16                     Off |   00000000:00:10.0 Off |                    0 |
|  0%   66C    P0             58W /   62W |     546MiB /  15356MiB |    100%      Default |
|                                         |                        |                  N/A |
+-----------------------------------------+------------------------+----------------------+

+-----------------------------------------------------------------------------------------+
| Processes:                                                                              |
|  GPU   GI   CI              PID   Type   Process name                        GPU Memory |
|        ID   ID                                                               Usage      |
|=========================================================================================|
|    0   N/A  N/A            1147      G   /usr/lib/xorg/Xorg                        4MiB |
|    0   N/A  N/A         2598792      C   /opt/conda/bin/python                   524MiB |
+-----------------------------------------------------------------------------------------+
-------------------------------------
2026-01-05 16:53:09
Mon Jan  5 16:53:09 2026       
+-----------------------------------------------------------------------------------------+
| NVIDIA-SMI 580.95.05              Driver Version: 580.95.05      CUDA Version: 13.0     |
+-----------------------------------------+------------------------+----------------------+
| GPU  Name                 Persistence-M | Bus-Id          Disp.A | Volatile Uncorr. ECC |
| Fan  Temp   Perf          Pwr:Usage/Cap |           Memory-Usage | GPU-Util  Compute M. |
|                                         |                        |               MIG M. |
|=========================================+========================+======================|
|   0  NVIDIA A16                     Off |   00000000:00:10.0 Off |                    0 |
|  0%   66C    P0             59W /   62W |     546MiB /  15356MiB |    100%      Default |
|                                         |                        |                  N/A |
+-----------------------------------------+------------------------+----------------------+

+-----------------------------------------------------------------------------------------+
| Processes:                                                                              |
|  GPU   GI   CI              PID   Type   Process name                        GPU Memory |
|        ID   ID                                                               Usage      |
|=========================================================================================|
|    0   N/A  N/A            1147      G   /usr/lib/xorg/Xorg                        4MiB |
|    0   N/A  N/A         2598792      C   /opt/conda/bin/python                   524MiB |
+-----------------------------------------------------------------------------------------+
-------------------------------------
2026-01-05 16:53:11
Mon Jan  5 16:53:11 2026       
+-----------------------------------------------------------------------------------------+
| NVIDIA-SMI 580.95.05              Driver Version: 580.95.05      CUDA Version: 13.0     |
+-----------------------------------------+------------------------+----------------------+
| GPU  Name                 Persistence-M | Bus-Id          Disp.A | Volatile Uncorr. ECC |
| Fan  Temp   Perf          Pwr:Usage/Cap |           Memory-Usage | GPU-Util  Compute M. |
|                                         |                        |               MIG M. |
|=========================================+========================+======================|
|   0  NVIDIA A16                     Off |   00000000:00:10.0 Off |                    0 |
|  0%   66C    P0             59W /   62W |     546MiB /  15356MiB |    100%      Default |
|                                         |                        |                  N/A |
+-----------------------------------------+------------------------+----------------------+

+-----------------------------------------------------------------------------------------+
| Processes:                                                                              |
|  GPU   GI   CI              PID   Type   Process name                        GPU Memory |
|        ID   ID                                                               Usage      |
|=========================================================================================|
|    0   N/A  N/A            1147      G   /usr/lib/xorg/Xorg                        4MiB |
|    0   N/A  N/A         2598792      C   /opt/conda/bin/python                   524MiB |
+-----------------------------------------------------------------------------------------+
-------------------------------------
2026-01-05 16:53:13
Mon Jan  5 16:53:13 2026       
+-----------------------------------------------------------------------------------------+
| NVIDIA-SMI 580.95.05              Driver Version: 580.95.05      CUDA Version: 13.0     |
+-----------------------------------------+------------------------+----------------------+
| GPU  Name                 Persistence-M | Bus-Id          Disp.A | Volatile Uncorr. ECC |
| Fan  Temp   Perf          Pwr:Usage/Cap |           Memory-Usage | GPU-Util  Compute M. |
|                                         |                        |               MIG M. |
|=========================================+========================+======================|
|   0  NVIDIA A16                     Off |   00000000:00:10.0 Off |                    0 |
|  0%   67C    P0             59W /   62W |     546MiB /  15356MiB |    100%      Default |
|                                         |                        |                  N/A |
+-----------------------------------------+------------------------+----------------------+

+-----------------------------------------------------------------------------------------+
| Processes:                                                                              |
|  GPU   GI   CI              PID   Type   Process name                        GPU Memory |
|        ID   ID                                                               Usage      |
|=========================================================================================|
|    0   N/A  N/A            1147      G   /usr/lib/xorg/Xorg                        4MiB |
|    0   N/A  N/A         2598792      C   /opt/conda/bin/python                   524MiB |
+-----------------------------------------------------------------------------------------+
-------------------------------------
2026-01-05 16:53:16
Mon Jan  5 16:53:16 2026       
+-----------------------------------------------------------------------------------------+
| NVIDIA-SMI 580.95.05              Driver Version: 580.95.05      CUDA Version: 13.0     |
+-----------------------------------------+------------------------+----------------------+
| GPU  Name                 Persistence-M | Bus-Id          Disp.A | Volatile Uncorr. ECC |
| Fan  Temp   Perf          Pwr:Usage/Cap |           Memory-Usage | GPU-Util  Compute M. |
|                                         |                        |               MIG M. |
|=========================================+========================+======================|
|   0  NVIDIA A16                     Off |   00000000:00:10.0 Off |                    0 |
|  0%   67C    P0             59W /   62W |     546MiB /  15356MiB |    100%      Default |
|                                         |                        |                  N/A |
+-----------------------------------------+------------------------+----------------------+

+-----------------------------------------------------------------------------------------+
| Processes:                                                                              |
|  GPU   GI   CI              PID   Type   Process name                        GPU Memory |
|        ID   ID                                                               Usage      |
|=========================================================================================|
|    0   N/A  N/A            1147      G   /usr/lib/xorg/Xorg                        4MiB |
|    0   N/A  N/A         2598792      C   /opt/conda/bin/python                   524MiB |
+-----------------------------------------------------------------------------------------+
-------------------------------------
2026-01-05 16:53:18
Mon Jan  5 16:53:18 2026       
+-----------------------------------------------------------------------------------------+
| NVIDIA-SMI 580.95.05              Driver Version: 580.95.05      CUDA Version: 13.0     |
+-----------------------------------------+------------------------+----------------------+
| GPU  Name                 Persistence-M | Bus-Id          Disp.A | Volatile Uncorr. ECC |
| Fan  Temp   Perf          Pwr:Usage/Cap |           Memory-Usage | GPU-Util  Compute M. |
|                                         |                        |               MIG M. |
|=========================================+========================+======================|
|   0  NVIDIA A16                     Off |   00000000:00:10.0 Off |                    0 |
|  0%   67C    P0             58W /   62W |     546MiB /  15356MiB |    100%      Default |
|                                         |                        |                  N/A |
+-----------------------------------------+------------------------+----------------------+

+-----------------------------------------------------------------------------------------+
| Processes:                                                                              |
|  GPU   GI   CI              PID   Type   Process name                        GPU Memory |
|        ID   ID                                                               Usage      |
|=========================================================================================|
|    0   N/A  N/A            1147      G   /usr/lib/xorg/Xorg                        4MiB |
|    0   N/A  N/A         2598792      C   /opt/conda/bin/python                   524MiB |
+-----------------------------------------------------------------------------------------+
-------------------------------------
2026-01-05 16:53:20
Mon Jan  5 16:53:20 2026       
+-----------------------------------------------------------------------------------------+
| NVIDIA-SMI 580.95.05              Driver Version: 580.95.05      CUDA Version: 13.0     |
+-----------------------------------------+------------------------+----------------------+
| GPU  Name                 Persistence-M | Bus-Id          Disp.A | Volatile Uncorr. ECC |
| Fan  Temp   Perf          Pwr:Usage/Cap |           Memory-Usage | GPU-Util  Compute M. |
|                                         |                        |               MIG M. |
|=========================================+========================+======================|
|   0  NVIDIA A16                     Off |   00000000:00:10.0 Off |                    0 |
|  0%   67C    P0             58W /   62W |     546MiB /  15356MiB |    100%      Default |
|                                         |                        |                  N/A |
+-----------------------------------------+------------------------+----------------------+

+-----------------------------------------------------------------------------------------+
| Processes:                                                                              |
|  GPU   GI   CI              PID   Type   Process name                        GPU Memory |
|        ID   ID                                                               Usage      |
|=========================================================================================|
|    0   N/A  N/A            1147      G   /usr/lib/xorg/Xorg                        4MiB |
|    0   N/A  N/A         2598792      C   /opt/conda/bin/python                   524MiB |
+-----------------------------------------------------------------------------------------+
-------------------------------------
2026-01-05 16:53:22
Mon Jan  5 16:53:22 2026       
+-----------------------------------------------------------------------------------------+
| NVIDIA-SMI 580.95.05              Driver Version: 580.95.05      CUDA Version: 13.0     |
+-----------------------------------------+------------------------+----------------------+
| GPU  Name                 Persistence-M | Bus-Id          Disp.A | Volatile Uncorr. ECC |
| Fan  Temp   Perf          Pwr:Usage/Cap |           Memory-Usage | GPU-Util  Compute M. |
|                                         |                        |               MIG M. |
|=========================================+========================+======================|
|   0  NVIDIA A16                     Off |   00000000:00:10.0 Off |                    0 |
|  0%   68C    P0             59W /   62W |     546MiB /  15356MiB |    100%      Default |
|                                         |                        |                  N/A |
+-----------------------------------------+------------------------+----------------------+

+-----------------------------------------------------------------------------------------+
| Processes:                                                                              |
|  GPU   GI   CI              PID   Type   Process name                        GPU Memory |
|        ID   ID                                                               Usage      |
|=========================================================================================|
|    0   N/A  N/A            1147      G   /usr/lib/xorg/Xorg                        4MiB |
|    0   N/A  N/A         2598792      C   /opt/conda/bin/python                   524MiB |
+-----------------------------------------------------------------------------------------+
-------------------------------------
2026-01-05 16:53:25
Mon Jan  5 16:53:25 2026       
+-----------------------------------------------------------------------------------------+
| NVIDIA-SMI 580.95.05              Driver Version: 580.95.05      CUDA Version: 13.0     |
+-----------------------------------------+------------------------+----------------------+
| GPU  Name                 Persistence-M | Bus-Id          Disp.A | Volatile Uncorr. ECC |
| Fan  Temp   Perf          Pwr:Usage/Cap |           Memory-Usage | GPU-Util  Compute M. |
|                                         |                        |               MIG M. |
|=========================================+========================+======================|
|   0  NVIDIA A16                     Off |   00000000:00:10.0 Off |                    0 |
|  0%   68C    P0             59W /   62W |     546MiB /  15356MiB |    100%      Default |
|                                         |                        |                  N/A |
+-----------------------------------------+------------------------+----------------------+

+-----------------------------------------------------------------------------------------+
| Processes:                                                                              |
|  GPU   GI   CI              PID   Type   Process name                        GPU Memory |
|        ID   ID                                                               Usage      |
|=========================================================================================|
|    0   N/A  N/A            1147      G   /usr/lib/xorg/Xorg                        4MiB |
|    0   N/A  N/A         2598792      C   /opt/conda/bin/python                   524MiB |
+-----------------------------------------------------------------------------------------+
-------------------------------------
2026-01-05 16:53:27
Mon Jan  5 16:53:27 2026       
+-----------------------------------------------------------------------------------------+
| NVIDIA-SMI 580.95.05              Driver Version: 580.95.05      CUDA Version: 13.0     |
+-----------------------------------------+------------------------+----------------------+
| GPU  Name                 Persistence-M | Bus-Id          Disp.A | Volatile Uncorr. ECC |
| Fan  Temp   Perf          Pwr:Usage/Cap |           Memory-Usage | GPU-Util  Compute M. |
|                                         |                        |               MIG M. |
|=========================================+========================+======================|
|   0  NVIDIA A16                     Off |   00000000:00:10.0 Off |                    0 |
|  0%   68C    P0             59W /   62W |     546MiB /  15356MiB |    100%      Default |
|                                         |                        |                  N/A |
+-----------------------------------------+------------------------+----------------------+

+-----------------------------------------------------------------------------------------+
| Processes:                                                                              |
|  GPU   GI   CI              PID   Type   Process name                        GPU Memory |
|        ID   ID                                                               Usage      |
|=========================================================================================|
|    0   N/A  N/A            1147      G   /usr/lib/xorg/Xorg                        4MiB |
|    0   N/A  N/A         2598792      C   /opt/conda/bin/python                   524MiB |
+-----------------------------------------------------------------------------------------+
-------------------------------------
2026-01-05 16:53:29
Mon Jan  5 16:53:29 2026       
+-----------------------------------------------------------------------------------------+
| NVIDIA-SMI 580.95.05              Driver Version: 580.95.05      CUDA Version: 13.0     |
+-----------------------------------------+------------------------+----------------------+
| GPU  Name                 Persistence-M | Bus-Id          Disp.A | Volatile Uncorr. ECC |
| Fan  Temp   Perf          Pwr:Usage/Cap |           Memory-Usage | GPU-Util  Compute M. |
|                                         |                        |               MIG M. |
|=========================================+========================+======================|
|   0  NVIDIA A16                     Off |   00000000:00:10.0 Off |                    0 |
|  0%   68C    P0             59W /   62W |     546MiB /  15356MiB |    100%      Default |
|                                         |                        |                  N/A |
+-----------------------------------------+------------------------+----------------------+

+-----------------------------------------------------------------------------------------+
| Processes:                                                                              |
|  GPU   GI   CI              PID   Type   Process name                        GPU Memory |
|        ID   ID                                                               Usage      |
|=========================================================================================|
|    0   N/A  N/A            1147      G   /usr/lib/xorg/Xorg                        4MiB |
|    0   N/A  N/A         2598792      C   /opt/conda/bin/python                   524MiB |
+-----------------------------------------------------------------------------------------+
-------------------------------------
2026-01-05 16:53:31
Mon Jan  5 16:53:31 2026       
+-----------------------------------------------------------------------------------------+
| NVIDIA-SMI 580.95.05              Driver Version: 580.95.05      CUDA Version: 13.0     |
+-----------------------------------------+------------------------+----------------------+
| GPU  Name                 Persistence-M | Bus-Id          Disp.A | Volatile Uncorr. ECC |
| Fan  Temp   Perf          Pwr:Usage/Cap |           Memory-Usage | GPU-Util  Compute M. |
|                                         |                        |               MIG M. |
|=========================================+========================+======================|
|   0  NVIDIA A16                     Off |   00000000:00:10.0 Off |                    0 |
|  0%   68C    P0             58W /   62W |     546MiB /  15356MiB |    100%      Default |
|                                         |                        |                  N/A |
+-----------------------------------------+------------------------+----------------------+

+-----------------------------------------------------------------------------------------+
| Processes:                                                                              |
|  GPU   GI   CI              PID   Type   Process name                        GPU Memory |
|        ID   ID                                                               Usage      |
|=========================================================================================|
|    0   N/A  N/A            1147      G   /usr/lib/xorg/Xorg                        4MiB |
|    0   N/A  N/A         2598792      C   /opt/conda/bin/python                   524MiB |
+-----------------------------------------------------------------------------------------+
-------------------------------------
2026-01-05 16:53:34
Mon Jan  5 16:53:34 2026       
+-----------------------------------------------------------------------------------------+
| NVIDIA-SMI 580.95.05              Driver Version: 580.95.05      CUDA Version: 13.0     |
+-----------------------------------------+------------------------+----------------------+
| GPU  Name                 Persistence-M | Bus-Id          Disp.A | Volatile Uncorr. ECC |
| Fan  Temp   Perf          Pwr:Usage/Cap |           Memory-Usage | GPU-Util  Compute M. |
|                                         |                        |               MIG M. |
|=========================================+========================+======================|
|   0  NVIDIA A16                     Off |   00000000:00:10.0 Off |                    0 |
|  0%   68C    P0             59W /   62W |     546MiB /  15356MiB |    100%      Default |
|                                         |                        |                  N/A |
+-----------------------------------------+------------------------+----------------------+

+-----------------------------------------------------------------------------------------+
| Processes:                                                                              |
|  GPU   GI   CI              PID   Type   Process name                        GPU Memory |
|        ID   ID                                                               Usage      |
|=========================================================================================|
|    0   N/A  N/A            1147      G   /usr/lib/xorg/Xorg                        4MiB |
|    0   N/A  N/A         2598792      C   /opt/conda/bin/python                   524MiB |
+-----------------------------------------------------------------------------------------+
-------------------------------------
2026-01-05 16:53:36
Mon Jan  5 16:53:36 2026       
+-----------------------------------------------------------------------------------------+
| NVIDIA-SMI 580.95.05              Driver Version: 580.95.05      CUDA Version: 13.0     |
+-----------------------------------------+------------------------+----------------------+
| GPU  Name                 Persistence-M | Bus-Id          Disp.A | Volatile Uncorr. ECC |
| Fan  Temp   Perf          Pwr:Usage/Cap |           Memory-Usage | GPU-Util  Compute M. |
|                                         |                        |               MIG M. |
|=========================================+========================+======================|
|   0  NVIDIA A16                     Off |   00000000:00:10.0 Off |                    0 |
|  0%   69C    P0             59W /   62W |     546MiB /  15356MiB |    100%      Default |
|                                         |                        |                  N/A |
+-----------------------------------------+------------------------+----------------------+

+-----------------------------------------------------------------------------------------+
| Processes:                                                                              |
|  GPU   GI   CI              PID   Type   Process name                        GPU Memory |
|        ID   ID                                                               Usage      |
|=========================================================================================|
|    0   N/A  N/A            1147      G   /usr/lib/xorg/Xorg                        4MiB |
|    0   N/A  N/A         2598792      C   /opt/conda/bin/python                   524MiB |
+-----------------------------------------------------------------------------------------+
-------------------------------------
2026-01-05 16:53:38
Mon Jan  5 16:53:38 2026       
+-----------------------------------------------------------------------------------------+
| NVIDIA-SMI 580.95.05              Driver Version: 580.95.05      CUDA Version: 13.0     |
+-----------------------------------------+------------------------+----------------------+
| GPU  Name                 Persistence-M | Bus-Id          Disp.A | Volatile Uncorr. ECC |
| Fan  Temp   Perf          Pwr:Usage/Cap |           Memory-Usage | GPU-Util  Compute M. |
|                                         |                        |               MIG M. |
|=========================================+========================+======================|
|   0  NVIDIA A16                     Off |   00000000:00:10.0 Off |                    0 |
|  0%   69C    P0             59W /   62W |     546MiB /  15356MiB |    100%      Default |
|                                         |                        |                  N/A |
+-----------------------------------------+------------------------+----------------------+

+-----------------------------------------------------------------------------------------+
| Processes:                                                                              |
|  GPU   GI   CI              PID   Type   Process name                        GPU Memory |
|        ID   ID                                                               Usage      |
|=========================================================================================|
|    0   N/A  N/A            1147      G   /usr/lib/xorg/Xorg                        4MiB |
|    0   N/A  N/A         2598792      C   /opt/conda/bin/python                   524MiB |
+-----------------------------------------------------------------------------------------+
-------------------------------------
2026-01-05 16:53:40
Mon Jan  5 16:53:40 2026       
+-----------------------------------------------------------------------------------------+
| NVIDIA-SMI 580.95.05              Driver Version: 580.95.05      CUDA Version: 13.0     |
+-----------------------------------------+------------------------+----------------------+
| GPU  Name                 Persistence-M | Bus-Id          Disp.A | Volatile Uncorr. ECC |
| Fan  Temp   Perf          Pwr:Usage/Cap |           Memory-Usage | GPU-Util  Compute M. |
|                                         |                        |               MIG M. |
|=========================================+========================+======================|
|   0  NVIDIA A16                     Off |   00000000:00:10.0 Off |                    0 |
|  0%   69C    P0             59W /   62W |     546MiB /  15356MiB |    100%      Default |
|                                         |                        |                  N/A |
+-----------------------------------------+------------------------+----------------------+

+-----------------------------------------------------------------------------------------+
| Processes:                                                                              |
|  GPU   GI   CI              PID   Type   Process name                        GPU Memory |
|        ID   ID                                                               Usage      |
|=========================================================================================|
|    0   N/A  N/A            1147      G   /usr/lib/xorg/Xorg                        4MiB |
|    0   N/A  N/A         2598792      C   /opt/conda/bin/python                   524MiB |
+-----------------------------------------------------------------------------------------+
-------------------------------------
2026-01-05 16:53:43
Mon Jan  5 16:53:43 2026       
+-----------------------------------------------------------------------------------------+
| NVIDIA-SMI 580.95.05              Driver Version: 580.95.05      CUDA Version: 13.0     |
+-----------------------------------------+------------------------+----------------------+
| GPU  Name                 Persistence-M | Bus-Id          Disp.A | Volatile Uncorr. ECC |
| Fan  Temp   Perf          Pwr:Usage/Cap |           Memory-Usage | GPU-Util  Compute M. |
|                                         |                        |               MIG M. |
|=========================================+========================+======================|
|   0  NVIDIA A16                     Off |   00000000:00:10.0 Off |                    0 |
|  0%   69C    P0             59W /   62W |     546MiB /  15356MiB |    100%      Default |
|                                         |                        |                  N/A |
+-----------------------------------------+------------------------+----------------------+

+-----------------------------------------------------------------------------------------+
| Processes:                                                                              |
|  GPU   GI   CI              PID   Type   Process name                        GPU Memory |
|        ID   ID                                                               Usage      |
|=========================================================================================|
|    0   N/A  N/A            1147      G   /usr/lib/xorg/Xorg                        4MiB |
|    0   N/A  N/A         2598792      C   /opt/conda/bin/python                   524MiB |
+-----------------------------------------------------------------------------------------+
-------------------------------------
2026-01-05 16:53:45
Mon Jan  5 16:53:45 2026       
+-----------------------------------------------------------------------------------------+
| NVIDIA-SMI 580.95.05              Driver Version: 580.95.05      CUDA Version: 13.0     |
+-----------------------------------------+------------------------+----------------------+
| GPU  Name                 Persistence-M | Bus-Id          Disp.A | Volatile Uncorr. ECC |
| Fan  Temp   Perf          Pwr:Usage/Cap |           Memory-Usage | GPU-Util  Compute M. |
|                                         |                        |               MIG M. |
|=========================================+========================+======================|
|   0  NVIDIA A16                     Off |   00000000:00:10.0 Off |                    0 |
|  0%   69C    P0             59W /   62W |     546MiB /  15356MiB |    100%      Default |
|                                         |                        |                  N/A |
+-----------------------------------------+------------------------+----------------------+

+-----------------------------------------------------------------------------------------+
| Processes:                                                                              |
|  GPU   GI   CI              PID   Type   Process name                        GPU Memory |
|        ID   ID                                                               Usage      |
|=========================================================================================|
|    0   N/A  N/A            1147      G   /usr/lib/xorg/Xorg                        4MiB |
|    0   N/A  N/A         2598792      C   /opt/conda/bin/python                   524MiB |
+-----------------------------------------------------------------------------------------+
-------------------------------------
2026-01-05 16:53:47
Mon Jan  5 16:53:47 2026       
+-----------------------------------------------------------------------------------------+
| NVIDIA-SMI 580.95.05              Driver Version: 580.95.05      CUDA Version: 13.0     |
+-----------------------------------------+------------------------+----------------------+
| GPU  Name                 Persistence-M | Bus-Id          Disp.A | Volatile Uncorr. ECC |
| Fan  Temp   Perf          Pwr:Usage/Cap |           Memory-Usage | GPU-Util  Compute M. |
|                                         |                        |               MIG M. |
|=========================================+========================+======================|
|   0  NVIDIA A16                     Off |   00000000:00:10.0 Off |                    0 |
|  0%   69C    P0             59W /   62W |     546MiB /  15356MiB |    100%      Default |
|                                         |                        |                  N/A |
+-----------------------------------------+------------------------+----------------------+

+-----------------------------------------------------------------------------------------+
| Processes:                                                                              |
|  GPU   GI   CI              PID   Type   Process name                        GPU Memory |
|        ID   ID                                                               Usage      |
|=========================================================================================|
|    0   N/A  N/A            1147      G   /usr/lib/xorg/Xorg                        4MiB |
|    0   N/A  N/A         2598792      C   /opt/conda/bin/python                   524MiB |
+-----------------------------------------------------------------------------------------+
-------------------------------------
2026-01-05 16:53:50
Mon Jan  5 16:53:50 2026       
+-----------------------------------------------------------------------------------------+
| NVIDIA-SMI 580.95.05              Driver Version: 580.95.05      CUDA Version: 13.0     |
+-----------------------------------------+------------------------+----------------------+
| GPU  Name                 Persistence-M | Bus-Id          Disp.A | Volatile Uncorr. ECC |
| Fan  Temp   Perf          Pwr:Usage/Cap |           Memory-Usage | GPU-Util  Compute M. |
|                                         |                        |               MIG M. |
|=========================================+========================+======================|
|   0  NVIDIA A16                     Off |   00000000:00:10.0 Off |                    0 |
|  0%   69C    P0             58W /   62W |     546MiB /  15356MiB |    100%      Default |
|                                         |                        |                  N/A |
+-----------------------------------------+------------------------+----------------------+

+-----------------------------------------------------------------------------------------+
| Processes:                                                                              |
|  GPU   GI   CI              PID   Type   Process name                        GPU Memory |
|        ID   ID                                                               Usage      |
|=========================================================================================|
|    0   N/A  N/A            1147      G   /usr/lib/xorg/Xorg                        4MiB |
|    0   N/A  N/A         2598792      C   /opt/conda/bin/python                   524MiB |
+-----------------------------------------------------------------------------------------+
-------------------------------------
2026-01-05 16:53:52
Mon Jan  5 16:53:52 2026       
+-----------------------------------------------------------------------------------------+
| NVIDIA-SMI 580.95.05              Driver Version: 580.95.05      CUDA Version: 13.0     |
+-----------------------------------------+------------------------+----------------------+
| GPU  Name                 Persistence-M | Bus-Id          Disp.A | Volatile Uncorr. ECC |
| Fan  Temp   Perf          Pwr:Usage/Cap |           Memory-Usage | GPU-Util  Compute M. |
|                                         |                        |               MIG M. |
|=========================================+========================+======================|
|   0  NVIDIA A16                     Off |   00000000:00:10.0 Off |                    0 |
|  0%   69C    P0             59W /   62W |     546MiB /  15356MiB |    100%      Default |
|                                         |                        |                  N/A |
+-----------------------------------------+------------------------+----------------------+

+-----------------------------------------------------------------------------------------+
| Processes:                                                                              |
|  GPU   GI   CI              PID   Type   Process name                        GPU Memory |
|        ID   ID                                                               Usage      |
|=========================================================================================|
|    0   N/A  N/A            1147      G   /usr/lib/xorg/Xorg                        4MiB |
|    0   N/A  N/A         2598792      C   /opt/conda/bin/python                   524MiB |
+-----------------------------------------------------------------------------------------+
-------------------------------------
2026-01-05 16:53:54
Mon Jan  5 16:53:54 2026       
+-----------------------------------------------------------------------------------------+
| NVIDIA-SMI 580.95.05              Driver Version: 580.95.05      CUDA Version: 13.0     |
+-----------------------------------------+------------------------+----------------------+
| GPU  Name                 Persistence-M | Bus-Id          Disp.A | Volatile Uncorr. ECC |
| Fan  Temp   Perf          Pwr:Usage/Cap |           Memory-Usage | GPU-Util  Compute M. |
|                                         |                        |               MIG M. |
|=========================================+========================+======================|
|   0  NVIDIA A16                     Off |   00000000:00:10.0 Off |                    0 |
|  0%   70C    P0             59W /   62W |     546MiB /  15356MiB |    100%      Default |
|                                         |                        |                  N/A |
+-----------------------------------------+------------------------+----------------------+

+-----------------------------------------------------------------------------------------+
| Processes:                                                                              |
|  GPU   GI   CI              PID   Type   Process name                        GPU Memory |
|        ID   ID                                                               Usage      |
|=========================================================================================|
|    0   N/A  N/A            1147      G   /usr/lib/xorg/Xorg                        4MiB |
|    0   N/A  N/A         2598792      C   /opt/conda/bin/python                   524MiB |
+-----------------------------------------------------------------------------------------+
-------------------------------------
2026-01-05 16:53:56
Mon Jan  5 16:53:56 2026       
+-----------------------------------------------------------------------------------------+
| NVIDIA-SMI 580.95.05              Driver Version: 580.95.05      CUDA Version: 13.0     |
+-----------------------------------------+------------------------+----------------------+
| GPU  Name                 Persistence-M | Bus-Id          Disp.A | Volatile Uncorr. ECC |
| Fan  Temp   Perf          Pwr:Usage/Cap |           Memory-Usage | GPU-Util  Compute M. |
|                                         |                        |               MIG M. |
|=========================================+========================+======================|
|   0  NVIDIA A16                     Off |   00000000:00:10.0 Off |                    0 |
|  0%   69C    P0             59W /   62W |     546MiB /  15356MiB |    100%      Default |
|                                         |                        |                  N/A |
+-----------------------------------------+------------------------+----------------------+

+-----------------------------------------------------------------------------------------+
| Processes:                                                                              |
|  GPU   GI   CI              PID   Type   Process name                        GPU Memory |
|        ID   ID                                                               Usage      |
|=========================================================================================|
|    0   N/A  N/A            1147      G   /usr/lib/xorg/Xorg                        4MiB |
|    0   N/A  N/A         2598792      C   /opt/conda/bin/python                   524MiB |
+-----------------------------------------------------------------------------------------+
-------------------------------------
2026-01-05 16:53:59
Mon Jan  5 16:53:59 2026       
+-----------------------------------------------------------------------------------------+
| NVIDIA-SMI 580.95.05              Driver Version: 580.95.05      CUDA Version: 13.0     |
+-----------------------------------------+------------------------+----------------------+
| GPU  Name                 Persistence-M | Bus-Id          Disp.A | Volatile Uncorr. ECC |
| Fan  Temp   Perf          Pwr:Usage/Cap |           Memory-Usage | GPU-Util  Compute M. |
|                                         |                        |               MIG M. |
|=========================================+========================+======================|
|   0  NVIDIA A16                     Off |   00000000:00:10.0 Off |                    0 |
|  0%   70C    P0             59W /   62W |     546MiB /  15356MiB |    100%      Default |
|                                         |                        |                  N/A |
+-----------------------------------------+------------------------+----------------------+

+-----------------------------------------------------------------------------------------+
| Processes:                                                                              |
|  GPU   GI   CI              PID   Type   Process name                        GPU Memory |
|        ID   ID                                                               Usage      |
|=========================================================================================|
|    0   N/A  N/A            1147      G   /usr/lib/xorg/Xorg                        4MiB |
|    0   N/A  N/A         2598792      C   /opt/conda/bin/python                   524MiB |
+-----------------------------------------------------------------------------------------+
-------------------------------------
2026-01-05 16:54:01
Mon Jan  5 16:54:01 2026       
+-----------------------------------------------------------------------------------------+
| NVIDIA-SMI 580.95.05              Driver Version: 580.95.05      CUDA Version: 13.0     |
+-----------------------------------------+------------------------+----------------------+
| GPU  Name                 Persistence-M | Bus-Id          Disp.A | Volatile Uncorr. ECC |
| Fan  Temp   Perf          Pwr:Usage/Cap |           Memory-Usage | GPU-Util  Compute M. |
|                                         |                        |               MIG M. |
|=========================================+========================+======================|
|   0  NVIDIA A16                     Off |   00000000:00:10.0 Off |                    0 |
|  0%   70C    P0             59W /   62W |     546MiB /  15356MiB |    100%      Default |
|                                         |                        |                  N/A |
+-----------------------------------------+------------------------+----------------------+

+-----------------------------------------------------------------------------------------+
| Processes:                                                                              |
|  GPU   GI   CI              PID   Type   Process name                        GPU Memory |
|        ID   ID                                                               Usage      |
|=========================================================================================|
|    0   N/A  N/A            1147      G   /usr/lib/xorg/Xorg                        4MiB |
|    0   N/A  N/A         2598792      C   /opt/conda/bin/python                   524MiB |
+-----------------------------------------------------------------------------------------+
-------------------------------------
2026-01-05 16:54:03
Mon Jan  5 16:54:03 2026       
+-----------------------------------------------------------------------------------------+
| NVIDIA-SMI 580.95.05              Driver Version: 580.95.05      CUDA Version: 13.0     |
+-----------------------------------------+------------------------+----------------------+
| GPU  Name                 Persistence-M | Bus-Id          Disp.A | Volatile Uncorr. ECC |
| Fan  Temp   Perf          Pwr:Usage/Cap |           Memory-Usage | GPU-Util  Compute M. |
|                                         |                        |               MIG M. |
|=========================================+========================+======================|
|   0  NVIDIA A16                     Off |   00000000:00:10.0 Off |                    0 |
|  0%   70C    P0             59W /   62W |     546MiB /  15356MiB |    100%      Default |
|                                         |                        |                  N/A |
+-----------------------------------------+------------------------+----------------------+

+-----------------------------------------------------------------------------------------+
| Processes:                                                                              |
|  GPU   GI   CI              PID   Type   Process name                        GPU Memory |
|        ID   ID                                                               Usage      |
|=========================================================================================|
|    0   N/A  N/A            1147      G   /usr/lib/xorg/Xorg                        4MiB |
|    0   N/A  N/A         2598792      C   /opt/conda/bin/python                   524MiB |
+-----------------------------------------------------------------------------------------+
-------------------------------------
2026-01-05 16:54:05
Mon Jan  5 16:54:05 2026       
+-----------------------------------------------------------------------------------------+
| NVIDIA-SMI 580.95.05              Driver Version: 580.95.05      CUDA Version: 13.0     |
+-----------------------------------------+------------------------+----------------------+
| GPU  Name                 Persistence-M | Bus-Id          Disp.A | Volatile Uncorr. ECC |
| Fan  Temp   Perf          Pwr:Usage/Cap |           Memory-Usage | GPU-Util  Compute M. |
|                                         |                        |               MIG M. |
|=========================================+========================+======================|
|   0  NVIDIA A16                     Off |   00000000:00:10.0 Off |                    0 |
|  0%   70C    P0             59W /   62W |     546MiB /  15356MiB |    100%      Default |
|                                         |                        |                  N/A |
+-----------------------------------------+------------------------+----------------------+

+-----------------------------------------------------------------------------------------+
| Processes:                                                                              |
|  GPU   GI   CI              PID   Type   Process name                        GPU Memory |
|        ID   ID                                                               Usage      |
|=========================================================================================|
|    0   N/A  N/A            1147      G   /usr/lib/xorg/Xorg                        4MiB |
|    0   N/A  N/A         2598792      C   /opt/conda/bin/python                   524MiB |
+-----------------------------------------------------------------------------------------+
-------------------------------------
2026-01-05 16:54:08
Mon Jan  5 16:54:08 2026       
+-----------------------------------------------------------------------------------------+
| NVIDIA-SMI 580.95.05              Driver Version: 580.95.05      CUDA Version: 13.0     |
+-----------------------------------------+------------------------+----------------------+
| GPU  Name                 Persistence-M | Bus-Id          Disp.A | Volatile Uncorr. ECC |
| Fan  Temp   Perf          Pwr:Usage/Cap |           Memory-Usage | GPU-Util  Compute M. |
|                                         |                        |               MIG M. |
|=========================================+========================+======================|
|   0  NVIDIA A16                     Off |   00000000:00:10.0 Off |                    0 |
|  0%   70C    P0             59W /   62W |     546MiB /  15356MiB |    100%      Default |
|                                         |                        |                  N/A |
+-----------------------------------------+------------------------+----------------------+

+-----------------------------------------------------------------------------------------+
| Processes:                                                                              |
|  GPU   GI   CI              PID   Type   Process name                        GPU Memory |
|        ID   ID                                                               Usage      |
|=========================================================================================|
|    0   N/A  N/A            1147      G   /usr/lib/xorg/Xorg                        4MiB |
|    0   N/A  N/A         2598792      C   /opt/conda/bin/python                   524MiB |
+-----------------------------------------------------------------------------------------+
-------------------------------------
2026-01-05 16:54:10
Mon Jan  5 16:54:10 2026       
+-----------------------------------------------------------------------------------------+
| NVIDIA-SMI 580.95.05              Driver Version: 580.95.05      CUDA Version: 13.0     |
+-----------------------------------------+------------------------+----------------------+
| GPU  Name                 Persistence-M | Bus-Id          Disp.A | Volatile Uncorr. ECC |
| Fan  Temp   Perf          Pwr:Usage/Cap |           Memory-Usage | GPU-Util  Compute M. |
|                                         |                        |               MIG M. |
|=========================================+========================+======================|
|   0  NVIDIA A16                     Off |   00000000:00:10.0 Off |                    0 |
|  0%   70C    P0             59W /   62W |     546MiB /  15356MiB |    100%      Default |
|                                         |                        |                  N/A |
+-----------------------------------------+------------------------+----------------------+

+-----------------------------------------------------------------------------------------+
| Processes:                                                                              |
|  GPU   GI   CI              PID   Type   Process name                        GPU Memory |
|        ID   ID                                                               Usage      |
|=========================================================================================|
|    0   N/A  N/A            1147      G   /usr/lib/xorg/Xorg                        4MiB |
|    0   N/A  N/A         2598792      C   /opt/conda/bin/python                   524MiB |
+-----------------------------------------------------------------------------------------+
-------------------------------------
2026-01-05 16:54:12
Mon Jan  5 16:54:12 2026       
+-----------------------------------------------------------------------------------------+
| NVIDIA-SMI 580.95.05              Driver Version: 580.95.05      CUDA Version: 13.0     |
+-----------------------------------------+------------------------+----------------------+
| GPU  Name                 Persistence-M | Bus-Id          Disp.A | Volatile Uncorr. ECC |
| Fan  Temp   Perf          Pwr:Usage/Cap |           Memory-Usage | GPU-Util  Compute M. |
|                                         |                        |               MIG M. |
|=========================================+========================+======================|
|   0  NVIDIA A16                     Off |   00000000:00:10.0 Off |                    0 |
|  0%   70C    P0             59W /   62W |     546MiB /  15356MiB |    100%      Default |
|                                         |                        |                  N/A |
+-----------------------------------------+------------------------+----------------------+

+-----------------------------------------------------------------------------------------+
| Processes:                                                                              |
|  GPU   GI   CI              PID   Type   Process name                        GPU Memory |
|        ID   ID                                                               Usage      |
|=========================================================================================|
|    0   N/A  N/A            1147      G   /usr/lib/xorg/Xorg                        4MiB |
|    0   N/A  N/A         2598792      C   /opt/conda/bin/python                   524MiB |
+-----------------------------------------------------------------------------------------+
-------------------------------------
2026-01-05 16:54:14
Mon Jan  5 16:54:14 2026       
+-----------------------------------------------------------------------------------------+
| NVIDIA-SMI 580.95.05              Driver Version: 580.95.05      CUDA Version: 13.0     |
+-----------------------------------------+------------------------+----------------------+
| GPU  Name                 Persistence-M | Bus-Id          Disp.A | Volatile Uncorr. ECC |
| Fan  Temp   Perf          Pwr:Usage/Cap |           Memory-Usage | GPU-Util  Compute M. |
|                                         |                        |               MIG M. |
|=========================================+========================+======================|
|   0  NVIDIA A16                     Off |   00000000:00:10.0 Off |                    0 |
|  0%   70C    P0             59W /   62W |     546MiB /  15356MiB |    100%      Default |
|                                         |                        |                  N/A |
+-----------------------------------------+------------------------+----------------------+

+-----------------------------------------------------------------------------------------+
| Processes:                                                                              |
|  GPU   GI   CI              PID   Type   Process name                        GPU Memory |
|        ID   ID                                                               Usage      |
|=========================================================================================|
|    0   N/A  N/A            1147      G   /usr/lib/xorg/Xorg                        4MiB |
|    0   N/A  N/A         2598792      C   /opt/conda/bin/python                   524MiB |
+-----------------------------------------------------------------------------------------+
-------------------------------------
2026-01-05 16:54:17
Mon Jan  5 16:54:17 2026       
+-----------------------------------------------------------------------------------------+
| NVIDIA-SMI 580.95.05              Driver Version: 580.95.05      CUDA Version: 13.0     |
+-----------------------------------------+------------------------+----------------------+
| GPU  Name                 Persistence-M | Bus-Id          Disp.A | Volatile Uncorr. ECC |
| Fan  Temp   Perf          Pwr:Usage/Cap |           Memory-Usage | GPU-Util  Compute M. |
|                                         |                        |               MIG M. |
|=========================================+========================+======================|
|   0  NVIDIA A16                     Off |   00000000:00:10.0 Off |                    0 |
|  0%   70C    P0             59W /   62W |     546MiB /  15356MiB |    100%      Default |
|                                         |                        |                  N/A |
+-----------------------------------------+------------------------+----------------------+

+-----------------------------------------------------------------------------------------+
| Processes:                                                                              |
|  GPU   GI   CI              PID   Type   Process name                        GPU Memory |
|        ID   ID                                                               Usage      |
|=========================================================================================|
|    0   N/A  N/A            1147      G   /usr/lib/xorg/Xorg                        4MiB |
|    0   N/A  N/A         2598792      C   /opt/conda/bin/python                   524MiB |
+-----------------------------------------------------------------------------------------+
-------------------------------------
2026-01-05 16:54:19
Mon Jan  5 16:54:19 2026       
+-----------------------------------------------------------------------------------------+
| NVIDIA-SMI 580.95.05              Driver Version: 580.95.05      CUDA Version: 13.0     |
+-----------------------------------------+------------------------+----------------------+
| GPU  Name                 Persistence-M | Bus-Id          Disp.A | Volatile Uncorr. ECC |
| Fan  Temp   Perf          Pwr:Usage/Cap |           Memory-Usage | GPU-Util  Compute M. |
|                                         |                        |               MIG M. |
|=========================================+========================+======================|
|   0  NVIDIA A16                     Off |   00000000:00:10.0 Off |                    0 |
|  0%   70C    P0             59W /   62W |     546MiB /  15356MiB |    100%      Default |
|                                         |                        |                  N/A |
+-----------------------------------------+------------------------+----------------------+

+-----------------------------------------------------------------------------------------+
| Processes:                                                                              |
|  GPU   GI   CI              PID   Type   Process name                        GPU Memory |
|        ID   ID                                                               Usage      |
|=========================================================================================|
|    0   N/A  N/A            1147      G   /usr/lib/xorg/Xorg                        4MiB |
|    0   N/A  N/A         2598792      C   /opt/conda/bin/python                   524MiB |
+-----------------------------------------------------------------------------------------+
-------------------------------------
2026-01-05 16:54:21
Mon Jan  5 16:54:21 2026       
+-----------------------------------------------------------------------------------------+
| NVIDIA-SMI 580.95.05              Driver Version: 580.95.05      CUDA Version: 13.0     |
+-----------------------------------------+------------------------+----------------------+
| GPU  Name                 Persistence-M | Bus-Id          Disp.A | Volatile Uncorr. ECC |
| Fan  Temp   Perf          Pwr:Usage/Cap |           Memory-Usage | GPU-Util  Compute M. |
|                                         |                        |               MIG M. |
|=========================================+========================+======================|
|   0  NVIDIA A16                     Off |   00000000:00:10.0 Off |                    0 |
|  0%   70C    P0             58W /   62W |     546MiB /  15356MiB |    100%      Default |
|                                         |                        |                  N/A |
+-----------------------------------------+------------------------+----------------------+

+-----------------------------------------------------------------------------------------+
| Processes:                                                                              |
|  GPU   GI   CI              PID   Type   Process name                        GPU Memory |
|        ID   ID                                                               Usage      |
|=========================================================================================|
|    0   N/A  N/A            1147      G   /usr/lib/xorg/Xorg                        4MiB |
|    0   N/A  N/A         2598792      C   /opt/conda/bin/python                   524MiB |
+-----------------------------------------------------------------------------------------+
-------------------------------------
2026-01-05 16:54:23
Mon Jan  5 16:54:24 2026       
+-----------------------------------------------------------------------------------------+
| NVIDIA-SMI 580.95.05              Driver Version: 580.95.05      CUDA Version: 13.0     |
+-----------------------------------------+------------------------+----------------------+
| GPU  Name                 Persistence-M | Bus-Id          Disp.A | Volatile Uncorr. ECC |
| Fan  Temp   Perf          Pwr:Usage/Cap |           Memory-Usage | GPU-Util  Compute M. |
|                                         |                        |               MIG M. |
|=========================================+========================+======================|
|   0  NVIDIA A16                     Off |   00000000:00:10.0 Off |                    0 |
|  0%   70C    P0             59W /   62W |     546MiB /  15356MiB |    100%      Default |
|                                         |                        |                  N/A |
+-----------------------------------------+------------------------+----------------------+

+-----------------------------------------------------------------------------------------+
| Processes:                                                                              |
|  GPU   GI   CI              PID   Type   Process name                        GPU Memory |
|        ID   ID                                                               Usage      |
|=========================================================================================|
|    0   N/A  N/A            1147      G   /usr/lib/xorg/Xorg                        4MiB |
|    0   N/A  N/A         2598792      C   /opt/conda/bin/python                   524MiB |
+-----------------------------------------------------------------------------------------+
-------------------------------------
2026-01-05 16:54:26
Mon Jan  5 16:54:26 2026       
+-----------------------------------------------------------------------------------------+
| NVIDIA-SMI 580.95.05              Driver Version: 580.95.05      CUDA Version: 13.0     |
+-----------------------------------------+------------------------+----------------------+
| GPU  Name                 Persistence-M | Bus-Id          Disp.A | Volatile Uncorr. ECC |
| Fan  Temp   Perf          Pwr:Usage/Cap |           Memory-Usage | GPU-Util  Compute M. |
|                                         |                        |               MIG M. |
|=========================================+========================+======================|
|   0  NVIDIA A16                     Off |   00000000:00:10.0 Off |                    0 |
|  0%   70C    P0             59W /   62W |     546MiB /  15356MiB |    100%      Default |
|                                         |                        |                  N/A |
+-----------------------------------------+------------------------+----------------------+

+-----------------------------------------------------------------------------------------+
| Processes:                                                                              |
|  GPU   GI   CI              PID   Type   Process name                        GPU Memory |
|        ID   ID                                                               Usage      |
|=========================================================================================|
|    0   N/A  N/A            1147      G   /usr/lib/xorg/Xorg                        4MiB |
|    0   N/A  N/A         2598792      C   /opt/conda/bin/python                   524MiB |
+-----------------------------------------------------------------------------------------+
-------------------------------------
2026-01-05 16:54:28
Mon Jan  5 16:54:28 2026       
+-----------------------------------------------------------------------------------------+
| NVIDIA-SMI 580.95.05              Driver Version: 580.95.05      CUDA Version: 13.0     |
+-----------------------------------------+------------------------+----------------------+
| GPU  Name                 Persistence-M | Bus-Id          Disp.A | Volatile Uncorr. ECC |
| Fan  Temp   Perf          Pwr:Usage/Cap |           Memory-Usage | GPU-Util  Compute M. |
|                                         |                        |               MIG M. |
|=========================================+========================+======================|
|   0  NVIDIA A16                     Off |   00000000:00:10.0 Off |                    0 |
|  0%   71C    P0             59W /   62W |     546MiB /  15356MiB |    100%      Default |
|                                         |                        |                  N/A |
+-----------------------------------------+------------------------+----------------------+

+-----------------------------------------------------------------------------------------+
| Processes:                                                                              |
|  GPU   GI   CI              PID   Type   Process name                        GPU Memory |
|        ID   ID                                                               Usage      |
|=========================================================================================|
|    0   N/A  N/A            1147      G   /usr/lib/xorg/Xorg                        4MiB |
|    0   N/A  N/A         2598792      C   /opt/conda/bin/python                   524MiB |
+-----------------------------------------------------------------------------------------+
-------------------------------------
2026-01-05 16:54:30
Mon Jan  5 16:54:30 2026       
+-----------------------------------------------------------------------------------------+
| NVIDIA-SMI 580.95.05              Driver Version: 580.95.05      CUDA Version: 13.0     |
+-----------------------------------------+------------------------+----------------------+
| GPU  Name                 Persistence-M | Bus-Id          Disp.A | Volatile Uncorr. ECC |
| Fan  Temp   Perf          Pwr:Usage/Cap |           Memory-Usage | GPU-Util  Compute M. |
|                                         |                        |               MIG M. |
|=========================================+========================+======================|
|   0  NVIDIA A16                     Off |   00000000:00:10.0 Off |                    0 |
|  0%   71C    P0             59W /   62W |     546MiB /  15356MiB |    100%      Default |
|                                         |                        |                  N/A |
+-----------------------------------------+------------------------+----------------------+

+-----------------------------------------------------------------------------------------+
| Processes:                                                                              |
|  GPU   GI   CI              PID   Type   Process name                        GPU Memory |
|        ID   ID                                                               Usage      |
|=========================================================================================|
|    0   N/A  N/A            1147      G   /usr/lib/xorg/Xorg                        4MiB |
|    0   N/A  N/A         2598792      C   /opt/conda/bin/python                   524MiB |
+-----------------------------------------------------------------------------------------+
-------------------------------------
2026-01-05 16:54:33
Mon Jan  5 16:54:33 2026       
+-----------------------------------------------------------------------------------------+
| NVIDIA-SMI 580.95.05              Driver Version: 580.95.05      CUDA Version: 13.0     |
+-----------------------------------------+------------------------+----------------------+
| GPU  Name                 Persistence-M | Bus-Id          Disp.A | Volatile Uncorr. ECC |
| Fan  Temp   Perf          Pwr:Usage/Cap |           Memory-Usage | GPU-Util  Compute M. |
|                                         |                        |               MIG M. |
|=========================================+========================+======================|
|   0  NVIDIA A16                     Off |   00000000:00:10.0 Off |                    0 |
|  0%   70C    P0             59W /   62W |     546MiB /  15356MiB |    100%      Default |
|                                         |                        |                  N/A |
+-----------------------------------------+------------------------+----------------------+

+-----------------------------------------------------------------------------------------+
| Processes:                                                                              |
|  GPU   GI   CI              PID   Type   Process name                        GPU Memory |
|        ID   ID                                                               Usage      |
|=========================================================================================|
|    0   N/A  N/A            1147      G   /usr/lib/xorg/Xorg                        4MiB |
|    0   N/A  N/A         2598792      C   /opt/conda/bin/python                   524MiB |
+-----------------------------------------------------------------------------------------+
-------------------------------------
2026-01-05 16:54:35
Mon Jan  5 16:54:35 2026       
+-----------------------------------------------------------------------------------------+
| NVIDIA-SMI 580.95.05              Driver Version: 580.95.05      CUDA Version: 13.0     |
+-----------------------------------------+------------------------+----------------------+
| GPU  Name                 Persistence-M | Bus-Id          Disp.A | Volatile Uncorr. ECC |
| Fan  Temp   Perf          Pwr:Usage/Cap |           Memory-Usage | GPU-Util  Compute M. |
|                                         |                        |               MIG M. |
|=========================================+========================+======================|
|   0  NVIDIA A16                     Off |   00000000:00:10.0 Off |                    0 |
|  0%   71C    P0             58W /   62W |     546MiB /  15356MiB |    100%      Default |
|                                         |                        |                  N/A |
+-----------------------------------------+------------------------+----------------------+

+-----------------------------------------------------------------------------------------+
| Processes:                                                                              |
|  GPU   GI   CI              PID   Type   Process name                        GPU Memory |
|        ID   ID                                                               Usage      |
|=========================================================================================|
|    0   N/A  N/A            1147      G   /usr/lib/xorg/Xorg                        4MiB |
|    0   N/A  N/A         2598792      C   /opt/conda/bin/python                   524MiB |
+-----------------------------------------------------------------------------------------+
-------------------------------------
2026-01-05 16:54:37
Mon Jan  5 16:54:37 2026       
+-----------------------------------------------------------------------------------------+
| NVIDIA-SMI 580.95.05              Driver Version: 580.95.05      CUDA Version: 13.0     |
+-----------------------------------------+------------------------+----------------------+
| GPU  Name                 Persistence-M | Bus-Id          Disp.A | Volatile Uncorr. ECC |
| Fan  Temp   Perf          Pwr:Usage/Cap |           Memory-Usage | GPU-Util  Compute M. |
|                                         |                        |               MIG M. |
|=========================================+========================+======================|
|   0  NVIDIA A16                     Off |   00000000:00:10.0 Off |                    0 |
|  0%   70C    P0             59W /   62W |     546MiB /  15356MiB |    100%      Default |
|                                         |                        |                  N/A |
+-----------------------------------------+------------------------+----------------------+

+-----------------------------------------------------------------------------------------+
| Processes:                                                                              |
|  GPU   GI   CI              PID   Type   Process name                        GPU Memory |
|        ID   ID                                                               Usage      |
|=========================================================================================|
|    0   N/A  N/A            1147      G   /usr/lib/xorg/Xorg                        4MiB |
|    0   N/A  N/A         2598792      C   /opt/conda/bin/python                   524MiB |
+-----------------------------------------------------------------------------------------+
-------------------------------------
2026-01-05 16:54:39
Mon Jan  5 16:54:39 2026       
+-----------------------------------------------------------------------------------------+
| NVIDIA-SMI 580.95.05              Driver Version: 580.95.05      CUDA Version: 13.0     |
+-----------------------------------------+------------------------+----------------------+
| GPU  Name                 Persistence-M | Bus-Id          Disp.A | Volatile Uncorr. ECC |
| Fan  Temp   Perf          Pwr:Usage/Cap |           Memory-Usage | GPU-Util  Compute M. |
|                                         |                        |               MIG M. |
|=========================================+========================+======================|
|   0  NVIDIA A16                     Off |   00000000:00:10.0 Off |                    0 |
|  0%   71C    P0             59W /   62W |     546MiB /  15356MiB |    100%      Default |
|                                         |                        |                  N/A |
+-----------------------------------------+------------------------+----------------------+

+-----------------------------------------------------------------------------------------+
| Processes:                                                                              |
|  GPU   GI   CI              PID   Type   Process name                        GPU Memory |
|        ID   ID                                                               Usage      |
|=========================================================================================|
|    0   N/A  N/A            1147      G   /usr/lib/xorg/Xorg                        4MiB |
|    0   N/A  N/A         2598792      C   /opt/conda/bin/python                   524MiB |
+-----------------------------------------------------------------------------------------+
-------------------------------------
2026-01-05 16:54:42
Mon Jan  5 16:54:42 2026       
+-----------------------------------------------------------------------------------------+
| NVIDIA-SMI 580.95.05              Driver Version: 580.95.05      CUDA Version: 13.0     |
+-----------------------------------------+------------------------+----------------------+
| GPU  Name                 Persistence-M | Bus-Id          Disp.A | Volatile Uncorr. ECC |
| Fan  Temp   Perf          Pwr:Usage/Cap |           Memory-Usage | GPU-Util  Compute M. |
|                                         |                        |               MIG M. |
|=========================================+========================+======================|
|   0  NVIDIA A16                     Off |   00000000:00:10.0 Off |                    0 |
|  0%   71C    P0             59W /   62W |     546MiB /  15356MiB |    100%      Default |
|                                         |                        |                  N/A |
+-----------------------------------------+------------------------+----------------------+

+-----------------------------------------------------------------------------------------+
| Processes:                                                                              |
|  GPU   GI   CI              PID   Type   Process name                        GPU Memory |
|        ID   ID                                                               Usage      |
|=========================================================================================|
|    0   N/A  N/A            1147      G   /usr/lib/xorg/Xorg                        4MiB |
|    0   N/A  N/A         2598792      C   /opt/conda/bin/python                   524MiB |
+-----------------------------------------------------------------------------------------+
-------------------------------------
2026-01-05 16:54:44
Mon Jan  5 16:54:44 2026       
+-----------------------------------------------------------------------------------------+
| NVIDIA-SMI 580.95.05              Driver Version: 580.95.05      CUDA Version: 13.0     |
+-----------------------------------------+------------------------+----------------------+
| GPU  Name                 Persistence-M | Bus-Id          Disp.A | Volatile Uncorr. ECC |
| Fan  Temp   Perf          Pwr:Usage/Cap |           Memory-Usage | GPU-Util  Compute M. |
|                                         |                        |               MIG M. |
|=========================================+========================+======================|
|   0  NVIDIA A16                     Off |   00000000:00:10.0 Off |                    0 |
|  0%   70C    P0             59W /   62W |     546MiB /  15356MiB |    100%      Default |
|                                         |                        |                  N/A |
+-----------------------------------------+------------------------+----------------------+

+-----------------------------------------------------------------------------------------+
| Processes:                                                                              |
|  GPU   GI   CI              PID   Type   Process name                        GPU Memory |
|        ID   ID                                                               Usage      |
|=========================================================================================|
|    0   N/A  N/A            1147      G   /usr/lib/xorg/Xorg                        4MiB |
|    0   N/A  N/A         2598792      C   /opt/conda/bin/python                   524MiB |
+-----------------------------------------------------------------------------------------+
-------------------------------------
2026-01-05 16:54:46
Mon Jan  5 16:54:46 2026       
+-----------------------------------------------------------------------------------------+
| NVIDIA-SMI 580.95.05              Driver Version: 580.95.05      CUDA Version: 13.0     |
+-----------------------------------------+------------------------+----------------------+
| GPU  Name                 Persistence-M | Bus-Id          Disp.A | Volatile Uncorr. ECC |
| Fan  Temp   Perf          Pwr:Usage/Cap |           Memory-Usage | GPU-Util  Compute M. |
|                                         |                        |               MIG M. |
|=========================================+========================+======================|
|   0  NVIDIA A16                     Off |   00000000:00:10.0 Off |                    0 |
|  0%   70C    P0             59W /   62W |     546MiB /  15356MiB |    100%      Default |
|                                         |                        |                  N/A |
+-----------------------------------------+------------------------+----------------------+

+-----------------------------------------------------------------------------------------+
| Processes:                                                                              |
|  GPU   GI   CI              PID   Type   Process name                        GPU Memory |
|        ID   ID                                                               Usage      |
|=========================================================================================|
|    0   N/A  N/A            1147      G   /usr/lib/xorg/Xorg                        4MiB |
|    0   N/A  N/A         2598792      C   /opt/conda/bin/python                   524MiB |
+-----------------------------------------------------------------------------------------+
-------------------------------------
2026-01-05 16:54:48
Mon Jan  5 16:54:48 2026       
+-----------------------------------------------------------------------------------------+
| NVIDIA-SMI 580.95.05              Driver Version: 580.95.05      CUDA Version: 13.0     |
+-----------------------------------------+------------------------+----------------------+
| GPU  Name                 Persistence-M | Bus-Id          Disp.A | Volatile Uncorr. ECC |
| Fan  Temp   Perf          Pwr:Usage/Cap |           Memory-Usage | GPU-Util  Compute M. |
|                                         |                        |               MIG M. |
|=========================================+========================+======================|
|   0  NVIDIA A16                     Off |   00000000:00:10.0 Off |                    0 |
|  0%   71C    P0             59W /   62W |     546MiB /  15356MiB |    100%      Default |
|                                         |                        |                  N/A |
+-----------------------------------------+------------------------+----------------------+

+-----------------------------------------------------------------------------------------+
| Processes:                                                                              |
|  GPU   GI   CI              PID   Type   Process name                        GPU Memory |
|        ID   ID                                                               Usage      |
|=========================================================================================|
|    0   N/A  N/A            1147      G   /usr/lib/xorg/Xorg                        4MiB |
|    0   N/A  N/A         2598792      C   /opt/conda/bin/python                   524MiB |
+-----------------------------------------------------------------------------------------+
-------------------------------------
2026-01-05 16:54:51
Mon Jan  5 16:54:51 2026       
+-----------------------------------------------------------------------------------------+
| NVIDIA-SMI 580.95.05              Driver Version: 580.95.05      CUDA Version: 13.0     |
+-----------------------------------------+------------------------+----------------------+
| GPU  Name                 Persistence-M | Bus-Id          Disp.A | Volatile Uncorr. ECC |
| Fan  Temp   Perf          Pwr:Usage/Cap |           Memory-Usage | GPU-Util  Compute M. |
|                                         |                        |               MIG M. |
|=========================================+========================+======================|
|   0  NVIDIA A16                     Off |   00000000:00:10.0 Off |                    0 |
|  0%   71C    P0             59W /   62W |     546MiB /  15356MiB |    100%      Default |
|                                         |                        |                  N/A |
+-----------------------------------------+------------------------+----------------------+

+-----------------------------------------------------------------------------------------+
| Processes:                                                                              |
|  GPU   GI   CI              PID   Type   Process name                        GPU Memory |
|        ID   ID                                                               Usage      |
|=========================================================================================|
|    0   N/A  N/A            1147      G   /usr/lib/xorg/Xorg                        4MiB |
|    0   N/A  N/A         2598792      C   /opt/conda/bin/python                   524MiB |
+-----------------------------------------------------------------------------------------+
-------------------------------------
2026-01-05 16:54:53
Mon Jan  5 16:54:53 2026       
+-----------------------------------------------------------------------------------------+
| NVIDIA-SMI 580.95.05              Driver Version: 580.95.05      CUDA Version: 13.0     |
+-----------------------------------------+------------------------+----------------------+
| GPU  Name                 Persistence-M | Bus-Id          Disp.A | Volatile Uncorr. ECC |
| Fan  Temp   Perf          Pwr:Usage/Cap |           Memory-Usage | GPU-Util  Compute M. |
|                                         |                        |               MIG M. |
|=========================================+========================+======================|
|   0  NVIDIA A16                     Off |   00000000:00:10.0 Off |                    0 |
|  0%   71C    P0             59W /   62W |     546MiB /  15356MiB |    100%      Default |
|                                         |                        |                  N/A |
+-----------------------------------------+------------------------+----------------------+

+-----------------------------------------------------------------------------------------+
| Processes:                                                                              |
|  GPU   GI   CI              PID   Type   Process name                        GPU Memory |
|        ID   ID                                                               Usage      |
|=========================================================================================|
|    0   N/A  N/A            1147      G   /usr/lib/xorg/Xorg                        4MiB |
|    0   N/A  N/A         2598792      C   /opt/conda/bin/python                   524MiB |
+-----------------------------------------------------------------------------------------+
-------------------------------------
2026-01-05 16:54:55
Mon Jan  5 16:54:55 2026       
+-----------------------------------------------------------------------------------------+
| NVIDIA-SMI 580.95.05              Driver Version: 580.95.05      CUDA Version: 13.0     |
+-----------------------------------------+------------------------+----------------------+
| GPU  Name                 Persistence-M | Bus-Id          Disp.A | Volatile Uncorr. ECC |
| Fan  Temp   Perf          Pwr:Usage/Cap |           Memory-Usage | GPU-Util  Compute M. |
|                                         |                        |               MIG M. |
|=========================================+========================+======================|
|   0  NVIDIA A16                     Off |   00000000:00:10.0 Off |                    0 |
|  0%   71C    P0             59W /   62W |     546MiB /  15356MiB |    100%      Default |
|                                         |                        |                  N/A |
+-----------------------------------------+------------------------+----------------------+

+-----------------------------------------------------------------------------------------+
| Processes:                                                                              |
|  GPU   GI   CI              PID   Type   Process name                        GPU Memory |
|        ID   ID                                                               Usage      |
|=========================================================================================|
|    0   N/A  N/A            1147      G   /usr/lib/xorg/Xorg                        4MiB |
|    0   N/A  N/A         2598792      C   /opt/conda/bin/python                   524MiB |
+-----------------------------------------------------------------------------------------+
-------------------------------------
2026-01-05 16:54:57
Mon Jan  5 16:54:57 2026       
+-----------------------------------------------------------------------------------------+
| NVIDIA-SMI 580.95.05              Driver Version: 580.95.05      CUDA Version: 13.0     |
+-----------------------------------------+------------------------+----------------------+
| GPU  Name                 Persistence-M | Bus-Id          Disp.A | Volatile Uncorr. ECC |
| Fan  Temp   Perf          Pwr:Usage/Cap |           Memory-Usage | GPU-Util  Compute M. |
|                                         |                        |               MIG M. |
|=========================================+========================+======================|
|   0  NVIDIA A16                     Off |   00000000:00:10.0 Off |                    0 |
|  0%   71C    P0             59W /   62W |     546MiB /  15356MiB |    100%      Default |
|                                         |                        |                  N/A |
+-----------------------------------------+------------------------+----------------------+

+-----------------------------------------------------------------------------------------+
| Processes:                                                                              |
|  GPU   GI   CI              PID   Type   Process name                        GPU Memory |
|        ID   ID                                                               Usage      |
|=========================================================================================|
|    0   N/A  N/A            1147      G   /usr/lib/xorg/Xorg                        4MiB |
|    0   N/A  N/A         2598792      C   /opt/conda/bin/python                   524MiB |
+-----------------------------------------------------------------------------------------+
-------------------------------------
2026-01-05 16:55:00
Mon Jan  5 16:55:00 2026       
+-----------------------------------------------------------------------------------------+
| NVIDIA-SMI 580.95.05              Driver Version: 580.95.05      CUDA Version: 13.0     |
+-----------------------------------------+------------------------+----------------------+
| GPU  Name                 Persistence-M | Bus-Id          Disp.A | Volatile Uncorr. ECC |
| Fan  Temp   Perf          Pwr:Usage/Cap |           Memory-Usage | GPU-Util  Compute M. |
|                                         |                        |               MIG M. |
|=========================================+========================+======================|
|   0  NVIDIA A16                     Off |   00000000:00:10.0 Off |                    0 |
|  0%   71C    P0             58W /   62W |     546MiB /  15356MiB |    100%      Default |
|                                         |                        |                  N/A |
+-----------------------------------------+------------------------+----------------------+

+-----------------------------------------------------------------------------------------+
| Processes:                                                                              |
|  GPU   GI   CI              PID   Type   Process name                        GPU Memory |
|        ID   ID                                                               Usage      |
|=========================================================================================|
|    0   N/A  N/A            1147      G   /usr/lib/xorg/Xorg                        4MiB |
|    0   N/A  N/A         2598792      C   /opt/conda/bin/python                   524MiB |
+-----------------------------------------------------------------------------------------+
-------------------------------------
2026-01-05 16:55:02
Mon Jan  5 16:55:02 2026       
+-----------------------------------------------------------------------------------------+
| NVIDIA-SMI 580.95.05              Driver Version: 580.95.05      CUDA Version: 13.0     |
+-----------------------------------------+------------------------+----------------------+
| GPU  Name                 Persistence-M | Bus-Id          Disp.A | Volatile Uncorr. ECC |
| Fan  Temp   Perf          Pwr:Usage/Cap |           Memory-Usage | GPU-Util  Compute M. |
|                                         |                        |               MIG M. |
|=========================================+========================+======================|
|   0  NVIDIA A16                     Off |   00000000:00:10.0 Off |                    0 |
|  0%   71C    P0             59W /   62W |     546MiB /  15356MiB |    100%      Default |
|                                         |                        |                  N/A |
+-----------------------------------------+------------------------+----------------------+

+-----------------------------------------------------------------------------------------+
| Processes:                                                                              |
|  GPU   GI   CI              PID   Type   Process name                        GPU Memory |
|        ID   ID                                                               Usage      |
|=========================================================================================|
|    0   N/A  N/A            1147      G   /usr/lib/xorg/Xorg                        4MiB |
|    0   N/A  N/A         2598792      C   /opt/conda/bin/python                   524MiB |
+-----------------------------------------------------------------------------------------+
-------------------------------------
2026-01-05 16:55:04
Mon Jan  5 16:55:04 2026       
+-----------------------------------------------------------------------------------------+
| NVIDIA-SMI 580.95.05              Driver Version: 580.95.05      CUDA Version: 13.0     |
+-----------------------------------------+------------------------+----------------------+
| GPU  Name                 Persistence-M | Bus-Id          Disp.A | Volatile Uncorr. ECC |
| Fan  Temp   Perf          Pwr:Usage/Cap |           Memory-Usage | GPU-Util  Compute M. |
|                                         |                        |               MIG M. |
|=========================================+========================+======================|
|   0  NVIDIA A16                     Off |   00000000:00:10.0 Off |                    0 |
|  0%   71C    P0             59W /   62W |     546MiB /  15356MiB |    100%      Default |
|                                         |                        |                  N/A |
+-----------------------------------------+------------------------+----------------------+

+-----------------------------------------------------------------------------------------+
| Processes:                                                                              |
|  GPU   GI   CI              PID   Type   Process name                        GPU Memory |
|        ID   ID                                                               Usage      |
|=========================================================================================|
|    0   N/A  N/A            1147      G   /usr/lib/xorg/Xorg                        4MiB |
|    0   N/A  N/A         2598792      C   /opt/conda/bin/python                   524MiB |
+-----------------------------------------------------------------------------------------+
-------------------------------------
2026-01-05 16:55:06
Mon Jan  5 16:55:07 2026       
+-----------------------------------------------------------------------------------------+
| NVIDIA-SMI 580.95.05              Driver Version: 580.95.05      CUDA Version: 13.0     |
+-----------------------------------------+------------------------+----------------------+
| GPU  Name                 Persistence-M | Bus-Id          Disp.A | Volatile Uncorr. ECC |
| Fan  Temp   Perf          Pwr:Usage/Cap |           Memory-Usage | GPU-Util  Compute M. |
|                                         |                        |               MIG M. |
|=========================================+========================+======================|
|   0  NVIDIA A16                     Off |   00000000:00:10.0 Off |                    0 |
|  0%   71C    P0             58W /   62W |     546MiB /  15356MiB |    100%      Default |
|                                         |                        |                  N/A |
+-----------------------------------------+------------------------+----------------------+

+-----------------------------------------------------------------------------------------+
| Processes:                                                                              |
|  GPU   GI   CI              PID   Type   Process name                        GPU Memory |
|        ID   ID                                                               Usage      |
|=========================================================================================|
|    0   N/A  N/A            1147      G   /usr/lib/xorg/Xorg                        4MiB |
|    0   N/A  N/A         2598792      C   /opt/conda/bin/python                   524MiB |
+-----------------------------------------------------------------------------------------+
-------------------------------------
2026-01-05 16:55:09
Mon Jan  5 16:55:09 2026       
+-----------------------------------------------------------------------------------------+
| NVIDIA-SMI 580.95.05              Driver Version: 580.95.05      CUDA Version: 13.0     |
+-----------------------------------------+------------------------+----------------------+
| GPU  Name                 Persistence-M | Bus-Id          Disp.A | Volatile Uncorr. ECC |
| Fan  Temp   Perf          Pwr:Usage/Cap |           Memory-Usage | GPU-Util  Compute M. |
|                                         |                        |               MIG M. |
|=========================================+========================+======================|
|   0  NVIDIA A16                     Off |   00000000:00:10.0 Off |                    0 |
|  0%   71C    P0             59W /   62W |     546MiB /  15356MiB |    100%      Default |
|                                         |                        |                  N/A |
+-----------------------------------------+------------------------+----------------------+

+-----------------------------------------------------------------------------------------+
| Processes:                                                                              |
|  GPU   GI   CI              PID   Type   Process name                        GPU Memory |
|        ID   ID                                                               Usage      |
|=========================================================================================|
|    0   N/A  N/A            1147      G   /usr/lib/xorg/Xorg                        4MiB |
|    0   N/A  N/A         2598792      C   /opt/conda/bin/python                   524MiB |
+-----------------------------------------------------------------------------------------+
-------------------------------------
2026-01-05 16:55:11
Mon Jan  5 16:55:11 2026       
+-----------------------------------------------------------------------------------------+
| NVIDIA-SMI 580.95.05              Driver Version: 580.95.05      CUDA Version: 13.0     |
+-----------------------------------------+------------------------+----------------------+
| GPU  Name                 Persistence-M | Bus-Id          Disp.A | Volatile Uncorr. ECC |
| Fan  Temp   Perf          Pwr:Usage/Cap |           Memory-Usage | GPU-Util  Compute M. |
|                                         |                        |               MIG M. |
|=========================================+========================+======================|
|   0  NVIDIA A16                     Off |   00000000:00:10.0 Off |                    0 |
|  0%   71C    P0             59W /   62W |     546MiB /  15356MiB |    100%      Default |
|                                         |                        |                  N/A |
+-----------------------------------------+------------------------+----------------------+

+-----------------------------------------------------------------------------------------+
| Processes:                                                                              |
|  GPU   GI   CI              PID   Type   Process name                        GPU Memory |
|        ID   ID                                                               Usage      |
|=========================================================================================|
|    0   N/A  N/A            1147      G   /usr/lib/xorg/Xorg                        4MiB |
|    0   N/A  N/A         2598792      C   /opt/conda/bin/python                   524MiB |
+-----------------------------------------------------------------------------------------+
-------------------------------------
2026-01-05 16:55:13
Mon Jan  5 16:55:13 2026       
+-----------------------------------------------------------------------------------------+
| NVIDIA-SMI 580.95.05              Driver Version: 580.95.05      CUDA Version: 13.0     |
+-----------------------------------------+------------------------+----------------------+
| GPU  Name                 Persistence-M | Bus-Id          Disp.A | Volatile Uncorr. ECC |
| Fan  Temp   Perf          Pwr:Usage/Cap |           Memory-Usage | GPU-Util  Compute M. |
|                                         |                        |               MIG M. |
|=========================================+========================+======================|
|   0  NVIDIA A16                     Off |   00000000:00:10.0 Off |                    0 |
|  0%   71C    P0             59W /   62W |     546MiB /  15356MiB |    100%      Default |
|                                         |                        |                  N/A |
+-----------------------------------------+------------------------+----------------------+

+-----------------------------------------------------------------------------------------+
| Processes:                                                                              |
|  GPU   GI   CI              PID   Type   Process name                        GPU Memory |
|        ID   ID                                                               Usage      |
|=========================================================================================|
|    0   N/A  N/A            1147      G   /usr/lib/xorg/Xorg                        4MiB |
|    0   N/A  N/A         2598792      C   /opt/conda/bin/python                   524MiB |
+-----------------------------------------------------------------------------------------+
-------------------------------------
2026-01-05 16:55:16
Mon Jan  5 16:55:16 2026       
+-----------------------------------------------------------------------------------------+
| NVIDIA-SMI 580.95.05              Driver Version: 580.95.05      CUDA Version: 13.0     |
+-----------------------------------------+------------------------+----------------------+
| GPU  Name                 Persistence-M | Bus-Id          Disp.A | Volatile Uncorr. ECC |
| Fan  Temp   Perf          Pwr:Usage/Cap |           Memory-Usage | GPU-Util  Compute M. |
|                                         |                        |               MIG M. |
|=========================================+========================+======================|
|   0  NVIDIA A16                     Off |   00000000:00:10.0 Off |                    0 |
|  0%   71C    P0             59W /   62W |     546MiB /  15356MiB |    100%      Default |
|                                         |                        |                  N/A |
+-----------------------------------------+------------------------+----------------------+

+-----------------------------------------------------------------------------------------+
| Processes:                                                                              |
|  GPU   GI   CI              PID   Type   Process name                        GPU Memory |
|        ID   ID                                                               Usage      |
|=========================================================================================|
|    0   N/A  N/A            1147      G   /usr/lib/xorg/Xorg                        4MiB |
|    0   N/A  N/A         2598792      C   /opt/conda/bin/python                   524MiB |
+-----------------------------------------------------------------------------------------+
-------------------------------------
2026-01-05 16:55:18
Mon Jan  5 16:55:18 2026       
+-----------------------------------------------------------------------------------------+
| NVIDIA-SMI 580.95.05              Driver Version: 580.95.05      CUDA Version: 13.0     |
+-----------------------------------------+------------------------+----------------------+
| GPU  Name                 Persistence-M | Bus-Id          Disp.A | Volatile Uncorr. ECC |
| Fan  Temp   Perf          Pwr:Usage/Cap |           Memory-Usage | GPU-Util  Compute M. |
|                                         |                        |               MIG M. |
|=========================================+========================+======================|
|   0  NVIDIA A16                     Off |   00000000:00:10.0 Off |                    0 |
|  0%   71C    P0             59W /   62W |     546MiB /  15356MiB |    100%      Default |
|                                         |                        |                  N/A |
+-----------------------------------------+------------------------+----------------------+

+-----------------------------------------------------------------------------------------+
| Processes:                                                                              |
|  GPU   GI   CI              PID   Type   Process name                        GPU Memory |
|        ID   ID                                                               Usage      |
|=========================================================================================|
|    0   N/A  N/A            1147      G   /usr/lib/xorg/Xorg                        4MiB |
|    0   N/A  N/A         2598792      C   /opt/conda/bin/python                   524MiB |
+-----------------------------------------------------------------------------------------+
-------------------------------------
2026-01-05 16:55:20
Mon Jan  5 16:55:20 2026       
+-----------------------------------------------------------------------------------------+
| NVIDIA-SMI 580.95.05              Driver Version: 580.95.05      CUDA Version: 13.0     |
+-----------------------------------------+------------------------+----------------------+
| GPU  Name                 Persistence-M | Bus-Id          Disp.A | Volatile Uncorr. ECC |
| Fan  Temp   Perf          Pwr:Usage/Cap |           Memory-Usage | GPU-Util  Compute M. |
|                                         |                        |               MIG M. |
|=========================================+========================+======================|
|   0  NVIDIA A16                     Off |   00000000:00:10.0 Off |                    0 |
|  0%   71C    P0             59W /   62W |     546MiB /  15356MiB |    100%      Default |
|                                         |                        |                  N/A |
+-----------------------------------------+------------------------+----------------------+

+-----------------------------------------------------------------------------------------+
| Processes:                                                                              |
|  GPU   GI   CI              PID   Type   Process name                        GPU Memory |
|        ID   ID                                                               Usage      |
|=========================================================================================|
|    0   N/A  N/A            1147      G   /usr/lib/xorg/Xorg                        4MiB |
|    0   N/A  N/A         2598792      C   /opt/conda/bin/python                   524MiB |
+-----------------------------------------------------------------------------------------+
-------------------------------------
2026-01-05 16:55:22
Mon Jan  5 16:55:22 2026       
+-----------------------------------------------------------------------------------------+
| NVIDIA-SMI 580.95.05              Driver Version: 580.95.05      CUDA Version: 13.0     |
+-----------------------------------------+------------------------+----------------------+
| GPU  Name                 Persistence-M | Bus-Id          Disp.A | Volatile Uncorr. ECC |
| Fan  Temp   Perf          Pwr:Usage/Cap |           Memory-Usage | GPU-Util  Compute M. |
|                                         |                        |               MIG M. |
|=========================================+========================+======================|
|   0  NVIDIA A16                     Off |   00000000:00:10.0 Off |                    0 |
|  0%   71C    P0             58W /   62W |     546MiB /  15356MiB |    100%      Default |
|                                         |                        |                  N/A |
+-----------------------------------------+------------------------+----------------------+

+-----------------------------------------------------------------------------------------+
| Processes:                                                                              |
|  GPU   GI   CI              PID   Type   Process name                        GPU Memory |
|        ID   ID                                                               Usage      |
|=========================================================================================|
|    0   N/A  N/A            1147      G   /usr/lib/xorg/Xorg                        4MiB |
|    0   N/A  N/A         2598792      C   /opt/conda/bin/python                   524MiB |
+-----------------------------------------------------------------------------------------+
-------------------------------------
2026-01-05 16:55:25
Mon Jan  5 16:55:25 2026       
+-----------------------------------------------------------------------------------------+
| NVIDIA-SMI 580.95.05              Driver Version: 580.95.05      CUDA Version: 13.0     |
+-----------------------------------------+------------------------+----------------------+
| GPU  Name                 Persistence-M | Bus-Id          Disp.A | Volatile Uncorr. ECC |
| Fan  Temp   Perf          Pwr:Usage/Cap |           Memory-Usage | GPU-Util  Compute M. |
|                                         |                        |               MIG M. |
|=========================================+========================+======================|
|   0  NVIDIA A16                     Off |   00000000:00:10.0 Off |                    0 |
|  0%   71C    P0             58W /   62W |     546MiB /  15356MiB |    100%      Default |
|                                         |                        |                  N/A |
+-----------------------------------------+------------------------+----------------------+

+-----------------------------------------------------------------------------------------+
| Processes:                                                                              |
|  GPU   GI   CI              PID   Type   Process name                        GPU Memory |
|        ID   ID                                                               Usage      |
|=========================================================================================|
|    0   N/A  N/A            1147      G   /usr/lib/xorg/Xorg                        4MiB |
|    0   N/A  N/A         2598792      C   /opt/conda/bin/python                   524MiB |
+-----------------------------------------------------------------------------------------+
-------------------------------------
2026-01-05 16:55:27
Mon Jan  5 16:55:27 2026       
+-----------------------------------------------------------------------------------------+
| NVIDIA-SMI 580.95.05              Driver Version: 580.95.05      CUDA Version: 13.0     |
+-----------------------------------------+------------------------+----------------------+
| GPU  Name                 Persistence-M | Bus-Id          Disp.A | Volatile Uncorr. ECC |
| Fan  Temp   Perf          Pwr:Usage/Cap |           Memory-Usage | GPU-Util  Compute M. |
|                                         |                        |               MIG M. |
|=========================================+========================+======================|
|   0  NVIDIA A16                     Off |   00000000:00:10.0 Off |                    0 |
|  0%   71C    P0             59W /   62W |     546MiB /  15356MiB |    100%      Default |
|                                         |                        |                  N/A |
+-----------------------------------------+------------------------+----------------------+

+-----------------------------------------------------------------------------------------+
| Processes:                                                                              |
|  GPU   GI   CI              PID   Type   Process name                        GPU Memory |
|        ID   ID                                                               Usage      |
|=========================================================================================|
|    0   N/A  N/A            1147      G   /usr/lib/xorg/Xorg                        4MiB |
|    0   N/A  N/A         2598792      C   /opt/conda/bin/python                   524MiB |
+-----------------------------------------------------------------------------------------+
-------------------------------------
2026-01-05 16:55:29
Mon Jan  5 16:55:29 2026       
+-----------------------------------------------------------------------------------------+
| NVIDIA-SMI 580.95.05              Driver Version: 580.95.05      CUDA Version: 13.0     |
+-----------------------------------------+------------------------+----------------------+
| GPU  Name                 Persistence-M | Bus-Id          Disp.A | Volatile Uncorr. ECC |
| Fan  Temp   Perf          Pwr:Usage/Cap |           Memory-Usage | GPU-Util  Compute M. |
|                                         |                        |               MIG M. |
|=========================================+========================+======================|
|   0  NVIDIA A16                     Off |   00000000:00:10.0 Off |                    0 |
|  0%   71C    P0             58W /   62W |     546MiB /  15356MiB |    100%      Default |
|                                         |                        |                  N/A |
+-----------------------------------------+------------------------+----------------------+

+-----------------------------------------------------------------------------------------+
| Processes:                                                                              |
|  GPU   GI   CI              PID   Type   Process name                        GPU Memory |
|        ID   ID                                                               Usage      |
|=========================================================================================|
|    0   N/A  N/A            1147      G   /usr/lib/xorg/Xorg                        4MiB |
|    0   N/A  N/A         2598792      C   /opt/conda/bin/python                   524MiB |
+-----------------------------------------------------------------------------------------+
-------------------------------------
2026-01-05 16:55:31
Mon Jan  5 16:55:31 2026       
+-----------------------------------------------------------------------------------------+
| NVIDIA-SMI 580.95.05              Driver Version: 580.95.05      CUDA Version: 13.0     |
+-----------------------------------------+------------------------+----------------------+
| GPU  Name                 Persistence-M | Bus-Id          Disp.A | Volatile Uncorr. ECC |
| Fan  Temp   Perf          Pwr:Usage/Cap |           Memory-Usage | GPU-Util  Compute M. |
|                                         |                        |               MIG M. |
|=========================================+========================+======================|
|   0  NVIDIA A16                     Off |   00000000:00:10.0 Off |                    0 |
|  0%   71C    P0             59W /   62W |     546MiB /  15356MiB |    100%      Default |
|                                         |                        |                  N/A |
+-----------------------------------------+------------------------+----------------------+

+-----------------------------------------------------------------------------------------+
| Processes:                                                                              |
|  GPU   GI   CI              PID   Type   Process name                        GPU Memory |
|        ID   ID                                                               Usage      |
|=========================================================================================|
|    0   N/A  N/A            1147      G   /usr/lib/xorg/Xorg                        4MiB |
|    0   N/A  N/A         2598792      C   /opt/conda/bin/python                   524MiB |
+-----------------------------------------------------------------------------------------+
-------------------------------------
2026-01-05 16:55:34
Mon Jan  5 16:55:34 2026       
+-----------------------------------------------------------------------------------------+
| NVIDIA-SMI 580.95.05              Driver Version: 580.95.05      CUDA Version: 13.0     |
+-----------------------------------------+------------------------+----------------------+
| GPU  Name                 Persistence-M | Bus-Id          Disp.A | Volatile Uncorr. ECC |
| Fan  Temp   Perf          Pwr:Usage/Cap |           Memory-Usage | GPU-Util  Compute M. |
|                                         |                        |               MIG M. |
|=========================================+========================+======================|
|   0  NVIDIA A16                     Off |   00000000:00:10.0 Off |                    0 |
|  0%   71C    P0             59W /   62W |     546MiB /  15356MiB |    100%      Default |
|                                         |                        |                  N/A |
+-----------------------------------------+------------------------+----------------------+

+-----------------------------------------------------------------------------------------+
| Processes:                                                                              |
|  GPU   GI   CI              PID   Type   Process name                        GPU Memory |
|        ID   ID                                                               Usage      |
|=========================================================================================|
|    0   N/A  N/A            1147      G   /usr/lib/xorg/Xorg                        4MiB |
|    0   N/A  N/A         2598792      C   /opt/conda/bin/python                   524MiB |
+-----------------------------------------------------------------------------------------+
-------------------------------------
2026-01-05 16:55:36
Mon Jan  5 16:55:36 2026       
+-----------------------------------------------------------------------------------------+
| NVIDIA-SMI 580.95.05              Driver Version: 580.95.05      CUDA Version: 13.0     |
+-----------------------------------------+------------------------+----------------------+
| GPU  Name                 Persistence-M | Bus-Id          Disp.A | Volatile Uncorr. ECC |
| Fan  Temp   Perf          Pwr:Usage/Cap |           Memory-Usage | GPU-Util  Compute M. |
|                                         |                        |               MIG M. |
|=========================================+========================+======================|
|   0  NVIDIA A16                     Off |   00000000:00:10.0 Off |                    0 |
|  0%   71C    P0             58W /   62W |     546MiB /  15356MiB |    100%      Default |
|                                         |                        |                  N/A |
+-----------------------------------------+------------------------+----------------------+

+-----------------------------------------------------------------------------------------+
| Processes:                                                                              |
|  GPU   GI   CI              PID   Type   Process name                        GPU Memory |
|        ID   ID                                                               Usage      |
|=========================================================================================|
|    0   N/A  N/A            1147      G   /usr/lib/xorg/Xorg                        4MiB |
|    0   N/A  N/A         2598792      C   /opt/conda/bin/python                   524MiB |
+-----------------------------------------------------------------------------------------+
-------------------------------------
2026-01-05 16:55:38
Mon Jan  5 16:55:38 2026       
+-----------------------------------------------------------------------------------------+
| NVIDIA-SMI 580.95.05              Driver Version: 580.95.05      CUDA Version: 13.0     |
+-----------------------------------------+------------------------+----------------------+
| GPU  Name                 Persistence-M | Bus-Id          Disp.A | Volatile Uncorr. ECC |
| Fan  Temp   Perf          Pwr:Usage/Cap |           Memory-Usage | GPU-Util  Compute M. |
|                                         |                        |               MIG M. |
|=========================================+========================+======================|
|   0  NVIDIA A16                     Off |   00000000:00:10.0 Off |                    0 |
|  0%   71C    P0             59W /   62W |     546MiB /  15356MiB |    100%      Default |
|                                         |                        |                  N/A |
+-----------------------------------------+------------------------+----------------------+

+-----------------------------------------------------------------------------------------+
| Processes:                                                                              |
|  GPU   GI   CI              PID   Type   Process name                        GPU Memory |
|        ID   ID                                                               Usage      |
|=========================================================================================|
|    0   N/A  N/A            1147      G   /usr/lib/xorg/Xorg                        4MiB |
|    0   N/A  N/A         2598792      C   /opt/conda/bin/python                   524MiB |
+-----------------------------------------------------------------------------------------+
-------------------------------------
2026-01-05 16:55:40
Mon Jan  5 16:55:40 2026       
+-----------------------------------------------------------------------------------------+
| NVIDIA-SMI 580.95.05              Driver Version: 580.95.05      CUDA Version: 13.0     |
+-----------------------------------------+------------------------+----------------------+
| GPU  Name                 Persistence-M | Bus-Id          Disp.A | Volatile Uncorr. ECC |
| Fan  Temp   Perf          Pwr:Usage/Cap |           Memory-Usage | GPU-Util  Compute M. |
|                                         |                        |               MIG M. |
|=========================================+========================+======================|
|   0  NVIDIA A16                     Off |   00000000:00:10.0 Off |                    0 |
|  0%   71C    P0             59W /   62W |     546MiB /  15356MiB |    100%      Default |
|                                         |                        |                  N/A |
+-----------------------------------------+------------------------+----------------------+

+-----------------------------------------------------------------------------------------+
| Processes:                                                                              |
|  GPU   GI   CI              PID   Type   Process name                        GPU Memory |
|        ID   ID                                                               Usage      |
|=========================================================================================|
|    0   N/A  N/A            1147      G   /usr/lib/xorg/Xorg                        4MiB |
|    0   N/A  N/A         2598792      C   /opt/conda/bin/python                   524MiB |
+-----------------------------------------------------------------------------------------+
-------------------------------------
2026-01-05 16:55:43
Mon Jan  5 16:55:43 2026       
+-----------------------------------------------------------------------------------------+
| NVIDIA-SMI 580.95.05              Driver Version: 580.95.05      CUDA Version: 13.0     |
+-----------------------------------------+------------------------+----------------------+
| GPU  Name                 Persistence-M | Bus-Id          Disp.A | Volatile Uncorr. ECC |
| Fan  Temp   Perf          Pwr:Usage/Cap |           Memory-Usage | GPU-Util  Compute M. |
|                                         |                        |               MIG M. |
|=========================================+========================+======================|
|   0  NVIDIA A16                     Off |   00000000:00:10.0 Off |                    0 |
|  0%   71C    P0             59W /   62W |     546MiB /  15356MiB |    100%      Default |
|                                         |                        |                  N/A |
+-----------------------------------------+------------------------+----------------------+

+-----------------------------------------------------------------------------------------+
| Processes:                                                                              |
|  GPU   GI   CI              PID   Type   Process name                        GPU Memory |
|        ID   ID                                                               Usage      |
|=========================================================================================|
|    0   N/A  N/A            1147      G   /usr/lib/xorg/Xorg                        4MiB |
|    0   N/A  N/A         2598792      C   /opt/conda/bin/python                   524MiB |
+-----------------------------------------------------------------------------------------+
-------------------------------------
2026-01-05 16:55:45
Mon Jan  5 16:55:45 2026       
+-----------------------------------------------------------------------------------------+
| NVIDIA-SMI 580.95.05              Driver Version: 580.95.05      CUDA Version: 13.0     |
+-----------------------------------------+------------------------+----------------------+
| GPU  Name                 Persistence-M | Bus-Id          Disp.A | Volatile Uncorr. ECC |
| Fan  Temp   Perf          Pwr:Usage/Cap |           Memory-Usage | GPU-Util  Compute M. |
|                                         |                        |               MIG M. |
|=========================================+========================+======================|
|   0  NVIDIA A16                     Off |   00000000:00:10.0 Off |                    0 |
|  0%   71C    P0             58W /   62W |     546MiB /  15356MiB |    100%      Default |
|                                         |                        |                  N/A |
+-----------------------------------------+------------------------+----------------------+

+-----------------------------------------------------------------------------------------+
| Processes:                                                                              |
|  GPU   GI   CI              PID   Type   Process name                        GPU Memory |
|        ID   ID                                                               Usage      |
|=========================================================================================|
|    0   N/A  N/A            1147      G   /usr/lib/xorg/Xorg                        4MiB |
|    0   N/A  N/A         2598792      C   /opt/conda/bin/python                   524MiB |
+-----------------------------------------------------------------------------------------+
-------------------------------------
2026-01-05 16:55:47
Mon Jan  5 16:55:47 2026       
+-----------------------------------------------------------------------------------------+
| NVIDIA-SMI 580.95.05              Driver Version: 580.95.05      CUDA Version: 13.0     |
+-----------------------------------------+------------------------+----------------------+
| GPU  Name                 Persistence-M | Bus-Id          Disp.A | Volatile Uncorr. ECC |
| Fan  Temp   Perf          Pwr:Usage/Cap |           Memory-Usage | GPU-Util  Compute M. |
|                                         |                        |               MIG M. |
|=========================================+========================+======================|
|   0  NVIDIA A16                     Off |   00000000:00:10.0 Off |                    0 |
|  0%   71C    P0             59W /   62W |     546MiB /  15356MiB |    100%      Default |
|                                         |                        |                  N/A |
+-----------------------------------------+------------------------+----------------------+

+-----------------------------------------------------------------------------------------+
| Processes:                                                                              |
|  GPU   GI   CI              PID   Type   Process name                        GPU Memory |
|        ID   ID                                                               Usage      |
|=========================================================================================|
|    0   N/A  N/A            1147      G   /usr/lib/xorg/Xorg                        4MiB |
|    0   N/A  N/A         2598792      C   /opt/conda/bin/python                   524MiB |
+-----------------------------------------------------------------------------------------+
-------------------------------------
2026-01-05 16:55:50
Mon Jan  5 16:55:50 2026       
+-----------------------------------------------------------------------------------------+
| NVIDIA-SMI 580.95.05              Driver Version: 580.95.05      CUDA Version: 13.0     |
+-----------------------------------------+------------------------+----------------------+
| GPU  Name                 Persistence-M | Bus-Id          Disp.A | Volatile Uncorr. ECC |
| Fan  Temp   Perf          Pwr:Usage/Cap |           Memory-Usage | GPU-Util  Compute M. |
|                                         |                        |               MIG M. |
|=========================================+========================+======================|
|   0  NVIDIA A16                     Off |   00000000:00:10.0 Off |                    0 |
|  0%   71C    P0             59W /   62W |     546MiB /  15356MiB |    100%      Default |
|                                         |                        |                  N/A |
+-----------------------------------------+------------------------+----------------------+

+-----------------------------------------------------------------------------------------+
| Processes:                                                                              |
|  GPU   GI   CI              PID   Type   Process name                        GPU Memory |
|        ID   ID                                                               Usage      |
|=========================================================================================|
|    0   N/A  N/A            1147      G   /usr/lib/xorg/Xorg                        4MiB |
|    0   N/A  N/A         2598792      C   /opt/conda/bin/python                   524MiB |
+-----------------------------------------------------------------------------------------+
-------------------------------------
2026-01-05 16:55:52
Mon Jan  5 16:55:52 2026       
+-----------------------------------------------------------------------------------------+
| NVIDIA-SMI 580.95.05              Driver Version: 580.95.05      CUDA Version: 13.0     |
+-----------------------------------------+------------------------+----------------------+
| GPU  Name                 Persistence-M | Bus-Id          Disp.A | Volatile Uncorr. ECC |
| Fan  Temp   Perf          Pwr:Usage/Cap |           Memory-Usage | GPU-Util  Compute M. |
|                                         |                        |               MIG M. |
|=========================================+========================+======================|
|   0  NVIDIA A16                     Off |   00000000:00:10.0 Off |                    0 |
|  0%   71C    P0             59W /   62W |     546MiB /  15356MiB |    100%      Default |
|                                         |                        |                  N/A |
+-----------------------------------------+------------------------+----------------------+

+-----------------------------------------------------------------------------------------+
| Processes:                                                                              |
|  GPU   GI   CI              PID   Type   Process name                        GPU Memory |
|        ID   ID                                                               Usage      |
|=========================================================================================|
|    0   N/A  N/A            1147      G   /usr/lib/xorg/Xorg                        4MiB |
|    0   N/A  N/A         2598792      C   /opt/conda/bin/python                   524MiB |
+-----------------------------------------------------------------------------------------+
-------------------------------------
2026-01-05 16:55:54
Mon Jan  5 16:55:54 2026       
+-----------------------------------------------------------------------------------------+
| NVIDIA-SMI 580.95.05              Driver Version: 580.95.05      CUDA Version: 13.0     |
+-----------------------------------------+------------------------+----------------------+
| GPU  Name                 Persistence-M | Bus-Id          Disp.A | Volatile Uncorr. ECC |
| Fan  Temp   Perf          Pwr:Usage/Cap |           Memory-Usage | GPU-Util  Compute M. |
|                                         |                        |               MIG M. |
|=========================================+========================+======================|
|   0  NVIDIA A16                     Off |   00000000:00:10.0 Off |                    0 |
|  0%   71C    P0             59W /   62W |     546MiB /  15356MiB |    100%      Default |
|                                         |                        |                  N/A |
+-----------------------------------------+------------------------+----------------------+

+-----------------------------------------------------------------------------------------+
| Processes:                                                                              |
|  GPU   GI   CI              PID   Type   Process name                        GPU Memory |
|        ID   ID                                                               Usage      |
|=========================================================================================|
|    0   N/A  N/A            1147      G   /usr/lib/xorg/Xorg                        4MiB |
|    0   N/A  N/A         2598792      C   /opt/conda/bin/python                   524MiB |
+-----------------------------------------------------------------------------------------+
-------------------------------------
2026-01-05 16:55:56
Mon Jan  5 16:55:56 2026       
+-----------------------------------------------------------------------------------------+
| NVIDIA-SMI 580.95.05              Driver Version: 580.95.05      CUDA Version: 13.0     |
+-----------------------------------------+------------------------+----------------------+
| GPU  Name                 Persistence-M | Bus-Id          Disp.A | Volatile Uncorr. ECC |
| Fan  Temp   Perf          Pwr:Usage/Cap |           Memory-Usage | GPU-Util  Compute M. |
|                                         |                        |               MIG M. |
|=========================================+========================+======================|
|   0  NVIDIA A16                     Off |   00000000:00:10.0 Off |                    0 |
|  0%   71C    P0             59W /   62W |     546MiB /  15356MiB |    100%      Default |
|                                         |                        |                  N/A |
+-----------------------------------------+------------------------+----------------------+

+-----------------------------------------------------------------------------------------+
| Processes:                                                                              |
|  GPU   GI   CI              PID   Type   Process name                        GPU Memory |
|        ID   ID                                                               Usage      |
|=========================================================================================|
|    0   N/A  N/A            1147      G   /usr/lib/xorg/Xorg                        4MiB |
|    0   N/A  N/A         2598792      C   /opt/conda/bin/python                   524MiB |
+-----------------------------------------------------------------------------------------+
-------------------------------------
2026-01-05 16:55:59
Mon Jan  5 16:55:59 2026       
+-----------------------------------------------------------------------------------------+
| NVIDIA-SMI 580.95.05              Driver Version: 580.95.05      CUDA Version: 13.0     |
+-----------------------------------------+------------------------+----------------------+
| GPU  Name                 Persistence-M | Bus-Id          Disp.A | Volatile Uncorr. ECC |
| Fan  Temp   Perf          Pwr:Usage/Cap |           Memory-Usage | GPU-Util  Compute M. |
|                                         |                        |               MIG M. |
|=========================================+========================+======================|
|   0  NVIDIA A16                     Off |   00000000:00:10.0 Off |                    0 |
|  0%   71C    P0             59W /   62W |     546MiB /  15356MiB |    100%      Default |
|                                         |                        |                  N/A |
+-----------------------------------------+------------------------+----------------------+

+-----------------------------------------------------------------------------------------+
| Processes:                                                                              |
|  GPU   GI   CI              PID   Type   Process name                        GPU Memory |
|        ID   ID                                                               Usage      |
|=========================================================================================|
|    0   N/A  N/A            1147      G   /usr/lib/xorg/Xorg                        4MiB |
|    0   N/A  N/A         2598792      C   /opt/conda/bin/python                   524MiB |
+-----------------------------------------------------------------------------------------+
-------------------------------------
2026-01-05 16:56:01
Mon Jan  5 16:56:01 2026       
+-----------------------------------------------------------------------------------------+
| NVIDIA-SMI 580.95.05              Driver Version: 580.95.05      CUDA Version: 13.0     |
+-----------------------------------------+------------------------+----------------------+
| GPU  Name                 Persistence-M | Bus-Id          Disp.A | Volatile Uncorr. ECC |
| Fan  Temp   Perf          Pwr:Usage/Cap |           Memory-Usage | GPU-Util  Compute M. |
|                                         |                        |               MIG M. |
|=========================================+========================+======================|
|   0  NVIDIA A16                     Off |   00000000:00:10.0 Off |                    0 |
|  0%   71C    P0             59W /   62W |     546MiB /  15356MiB |    100%      Default |
|                                         |                        |                  N/A |
+-----------------------------------------+------------------------+----------------------+

+-----------------------------------------------------------------------------------------+
| Processes:                                                                              |
|  GPU   GI   CI              PID   Type   Process name                        GPU Memory |
|        ID   ID                                                               Usage      |
|=========================================================================================|
|    0   N/A  N/A            1147      G   /usr/lib/xorg/Xorg                        4MiB |
|    0   N/A  N/A         2598792      C   /opt/conda/bin/python                   524MiB |
+-----------------------------------------------------------------------------------------+
-------------------------------------
2026-01-05 16:56:03
Mon Jan  5 16:56:03 2026       
+-----------------------------------------------------------------------------------------+
| NVIDIA-SMI 580.95.05              Driver Version: 580.95.05      CUDA Version: 13.0     |
+-----------------------------------------+------------------------+----------------------+
| GPU  Name                 Persistence-M | Bus-Id          Disp.A | Volatile Uncorr. ECC |
| Fan  Temp   Perf          Pwr:Usage/Cap |           Memory-Usage | GPU-Util  Compute M. |
|                                         |                        |               MIG M. |
|=========================================+========================+======================|
|   0  NVIDIA A16                     Off |   00000000:00:10.0 Off |                    0 |
|  0%   71C    P0             59W /   62W |     546MiB /  15356MiB |    100%      Default |
|                                         |                        |                  N/A |
+-----------------------------------------+------------------------+----------------------+

+-----------------------------------------------------------------------------------------+
| Processes:                                                                              |
|  GPU   GI   CI              PID   Type   Process name                        GPU Memory |
|        ID   ID                                                               Usage      |
|=========================================================================================|
|    0   N/A  N/A            1147      G   /usr/lib/xorg/Xorg                        4MiB |
|    0   N/A  N/A         2598792      C   /opt/conda/bin/python                   524MiB |
+-----------------------------------------------------------------------------------------+
-------------------------------------
2026-01-05 16:56:05
Mon Jan  5 16:56:05 2026       
+-----------------------------------------------------------------------------------------+
| NVIDIA-SMI 580.95.05              Driver Version: 580.95.05      CUDA Version: 13.0     |
+-----------------------------------------+------------------------+----------------------+
| GPU  Name                 Persistence-M | Bus-Id          Disp.A | Volatile Uncorr. ECC |
| Fan  Temp   Perf          Pwr:Usage/Cap |           Memory-Usage | GPU-Util  Compute M. |
|                                         |                        |               MIG M. |
|=========================================+========================+======================|
|   0  NVIDIA A16                     Off |   00000000:00:10.0 Off |                    0 |
|  0%   71C    P0             58W /   62W |     546MiB /  15356MiB |    100%      Default |
|                                         |                        |                  N/A |
+-----------------------------------------+------------------------+----------------------+

+-----------------------------------------------------------------------------------------+
| Processes:                                                                              |
|  GPU   GI   CI              PID   Type   Process name                        GPU Memory |
|        ID   ID                                                               Usage      |
|=========================================================================================|
|    0   N/A  N/A            1147      G   /usr/lib/xorg/Xorg                        4MiB |
|    0   N/A  N/A         2598792      C   /opt/conda/bin/python                   524MiB |
+-----------------------------------------------------------------------------------------+
-------------------------------------
2026-01-05 16:56:08
Mon Jan  5 16:56:08 2026       
+-----------------------------------------------------------------------------------------+
| NVIDIA-SMI 580.95.05              Driver Version: 580.95.05      CUDA Version: 13.0     |
+-----------------------------------------+------------------------+----------------------+
| GPU  Name                 Persistence-M | Bus-Id          Disp.A | Volatile Uncorr. ECC |
| Fan  Temp   Perf          Pwr:Usage/Cap |           Memory-Usage | GPU-Util  Compute M. |
|                                         |                        |               MIG M. |
|=========================================+========================+======================|
|   0  NVIDIA A16                     Off |   00000000:00:10.0 Off |                    0 |
|  0%   71C    P0             59W /   62W |     546MiB /  15356MiB |    100%      Default |
|                                         |                        |                  N/A |
+-----------------------------------------+------------------------+----------------------+

+-----------------------------------------------------------------------------------------+
| Processes:                                                                              |
|  GPU   GI   CI              PID   Type   Process name                        GPU Memory |
|        ID   ID                                                               Usage      |
|=========================================================================================|
|    0   N/A  N/A            1147      G   /usr/lib/xorg/Xorg                        4MiB |
|    0   N/A  N/A         2598792      C   /opt/conda/bin/python                   524MiB |
+-----------------------------------------------------------------------------------------+
-------------------------------------
2026-01-05 16:56:10
Mon Jan  5 16:56:10 2026       
+-----------------------------------------------------------------------------------------+
| NVIDIA-SMI 580.95.05              Driver Version: 580.95.05      CUDA Version: 13.0     |
+-----------------------------------------+------------------------+----------------------+
| GPU  Name                 Persistence-M | Bus-Id          Disp.A | Volatile Uncorr. ECC |
| Fan  Temp   Perf          Pwr:Usage/Cap |           Memory-Usage | GPU-Util  Compute M. |
|                                         |                        |               MIG M. |
|=========================================+========================+======================|
|   0  NVIDIA A16                     Off |   00000000:00:10.0 Off |                    0 |
|  0%   71C    P0             59W /   62W |     546MiB /  15356MiB |    100%      Default |
|                                         |                        |                  N/A |
+-----------------------------------------+------------------------+----------------------+

+-----------------------------------------------------------------------------------------+
| Processes:                                                                              |
|  GPU   GI   CI              PID   Type   Process name                        GPU Memory |
|        ID   ID                                                               Usage      |
|=========================================================================================|
|    0   N/A  N/A            1147      G   /usr/lib/xorg/Xorg                        4MiB |
|    0   N/A  N/A         2598792      C   /opt/conda/bin/python                   524MiB |
+-----------------------------------------------------------------------------------------+
-------------------------------------
2026-01-05 16:56:12
Mon Jan  5 16:56:12 2026       
+-----------------------------------------------------------------------------------------+
| NVIDIA-SMI 580.95.05              Driver Version: 580.95.05      CUDA Version: 13.0     |
+-----------------------------------------+------------------------+----------------------+
| GPU  Name                 Persistence-M | Bus-Id          Disp.A | Volatile Uncorr. ECC |
| Fan  Temp   Perf          Pwr:Usage/Cap |           Memory-Usage | GPU-Util  Compute M. |
|                                         |                        |               MIG M. |
|=========================================+========================+======================|
|   0  NVIDIA A16                     Off |   00000000:00:10.0 Off |                    0 |
|  0%   71C    P0             59W /   62W |     546MiB /  15356MiB |    100%      Default |
|                                         |                        |                  N/A |
+-----------------------------------------+------------------------+----------------------+

+-----------------------------------------------------------------------------------------+
| Processes:                                                                              |
|  GPU   GI   CI              PID   Type   Process name                        GPU Memory |
|        ID   ID                                                               Usage      |
|=========================================================================================|
|    0   N/A  N/A            1147      G   /usr/lib/xorg/Xorg                        4MiB |
|    0   N/A  N/A         2598792      C   /opt/conda/bin/python                   524MiB |
+-----------------------------------------------------------------------------------------+
-------------------------------------
2026-01-05 16:56:14
Mon Jan  5 16:56:14 2026       
+-----------------------------------------------------------------------------------------+
| NVIDIA-SMI 580.95.05              Driver Version: 580.95.05      CUDA Version: 13.0     |
+-----------------------------------------+------------------------+----------------------+
| GPU  Name                 Persistence-M | Bus-Id          Disp.A | Volatile Uncorr. ECC |
| Fan  Temp   Perf          Pwr:Usage/Cap |           Memory-Usage | GPU-Util  Compute M. |
|                                         |                        |               MIG M. |
|=========================================+========================+======================|
|   0  NVIDIA A16                     Off |   00000000:00:10.0 Off |                    0 |
|  0%   71C    P0             58W /   62W |     546MiB /  15356MiB |    100%      Default |
|                                         |                        |                  N/A |
+-----------------------------------------+------------------------+----------------------+

+-----------------------------------------------------------------------------------------+
| Processes:                                                                              |
|  GPU   GI   CI              PID   Type   Process name                        GPU Memory |
|        ID   ID                                                               Usage      |
|=========================================================================================|
|    0   N/A  N/A            1147      G   /usr/lib/xorg/Xorg                        4MiB |
|    0   N/A  N/A         2598792      C   /opt/conda/bin/python                   524MiB |
+-----------------------------------------------------------------------------------------+
-------------------------------------
2026-01-05 16:56:17
Mon Jan  5 16:56:17 2026       
+-----------------------------------------------------------------------------------------+
| NVIDIA-SMI 580.95.05              Driver Version: 580.95.05      CUDA Version: 13.0     |
+-----------------------------------------+------------------------+----------------------+
| GPU  Name                 Persistence-M | Bus-Id          Disp.A | Volatile Uncorr. ECC |
| Fan  Temp   Perf          Pwr:Usage/Cap |           Memory-Usage | GPU-Util  Compute M. |
|                                         |                        |               MIG M. |
|=========================================+========================+======================|
|   0  NVIDIA A16                     Off |   00000000:00:10.0 Off |                    0 |
|  0%   71C    P0             59W /   62W |     546MiB /  15356MiB |    100%      Default |
|                                         |                        |                  N/A |
+-----------------------------------------+------------------------+----------------------+

+-----------------------------------------------------------------------------------------+
| Processes:                                                                              |
|  GPU   GI   CI              PID   Type   Process name                        GPU Memory |
|        ID   ID                                                               Usage      |
|=========================================================================================|
|    0   N/A  N/A            1147      G   /usr/lib/xorg/Xorg                        4MiB |
|    0   N/A  N/A         2598792      C   /opt/conda/bin/python                   524MiB |
+-----------------------------------------------------------------------------------------+
-------------------------------------
2026-01-05 16:56:19
Mon Jan  5 16:56:19 2026       
+-----------------------------------------------------------------------------------------+
| NVIDIA-SMI 580.95.05              Driver Version: 580.95.05      CUDA Version: 13.0     |
+-----------------------------------------+------------------------+----------------------+
| GPU  Name                 Persistence-M | Bus-Id          Disp.A | Volatile Uncorr. ECC |
| Fan  Temp   Perf          Pwr:Usage/Cap |           Memory-Usage | GPU-Util  Compute M. |
|                                         |                        |               MIG M. |
|=========================================+========================+======================|
|   0  NVIDIA A16                     Off |   00000000:00:10.0 Off |                    0 |
|  0%   71C    P0             58W /   62W |     546MiB /  15356MiB |    100%      Default |
|                                         |                        |                  N/A |
+-----------------------------------------+------------------------+----------------------+

+-----------------------------------------------------------------------------------------+
| Processes:                                                                              |
|  GPU   GI   CI              PID   Type   Process name                        GPU Memory |
|        ID   ID                                                               Usage      |
|=========================================================================================|
|    0   N/A  N/A            1147      G   /usr/lib/xorg/Xorg                        4MiB |
|    0   N/A  N/A         2598792      C   /opt/conda/bin/python                   524MiB |
+-----------------------------------------------------------------------------------------+
-------------------------------------
2026-01-05 16:56:21
Mon Jan  5 16:56:21 2026       
+-----------------------------------------------------------------------------------------+
| NVIDIA-SMI 580.95.05              Driver Version: 580.95.05      CUDA Version: 13.0     |
+-----------------------------------------+------------------------+----------------------+
| GPU  Name                 Persistence-M | Bus-Id          Disp.A | Volatile Uncorr. ECC |
| Fan  Temp   Perf          Pwr:Usage/Cap |           Memory-Usage | GPU-Util  Compute M. |
|                                         |                        |               MIG M. |
|=========================================+========================+======================|
|   0  NVIDIA A16                     Off |   00000000:00:10.0 Off |                    0 |
|  0%   71C    P0             59W /   62W |     546MiB /  15356MiB |    100%      Default |
|                                         |                        |                  N/A |
+-----------------------------------------+------------------------+----------------------+

+-----------------------------------------------------------------------------------------+
| Processes:                                                                              |
|  GPU   GI   CI              PID   Type   Process name                        GPU Memory |
|        ID   ID                                                               Usage      |
|=========================================================================================|
|    0   N/A  N/A            1147      G   /usr/lib/xorg/Xorg                        4MiB |
|    0   N/A  N/A         2598792      C   /opt/conda/bin/python                   524MiB |
+-----------------------------------------------------------------------------------------+
-------------------------------------
2026-01-05 16:56:23
Mon Jan  5 16:56:23 2026       
+-----------------------------------------------------------------------------------------+
| NVIDIA-SMI 580.95.05              Driver Version: 580.95.05      CUDA Version: 13.0     |
+-----------------------------------------+------------------------+----------------------+
| GPU  Name                 Persistence-M | Bus-Id          Disp.A | Volatile Uncorr. ECC |
| Fan  Temp   Perf          Pwr:Usage/Cap |           Memory-Usage | GPU-Util  Compute M. |
|                                         |                        |               MIG M. |
|=========================================+========================+======================|
|   0  NVIDIA A16                     Off |   00000000:00:10.0 Off |                    0 |
|  0%   71C    P0             59W /   62W |     546MiB /  15356MiB |    100%      Default |
|                                         |                        |                  N/A |
+-----------------------------------------+------------------------+----------------------+

+-----------------------------------------------------------------------------------------+
| Processes:                                                                              |
|  GPU   GI   CI              PID   Type   Process name                        GPU Memory |
|        ID   ID                                                               Usage      |
|=========================================================================================|
|    0   N/A  N/A            1147      G   /usr/lib/xorg/Xorg                        4MiB |
|    0   N/A  N/A         2598792      C   /opt/conda/bin/python                   524MiB |
+-----------------------------------------------------------------------------------------+
-------------------------------------
2026-01-05 16:56:26
Mon Jan  5 16:56:26 2026       
+-----------------------------------------------------------------------------------------+
| NVIDIA-SMI 580.95.05              Driver Version: 580.95.05      CUDA Version: 13.0     |
+-----------------------------------------+------------------------+----------------------+
| GPU  Name                 Persistence-M | Bus-Id          Disp.A | Volatile Uncorr. ECC |
| Fan  Temp   Perf          Pwr:Usage/Cap |           Memory-Usage | GPU-Util  Compute M. |
|                                         |                        |               MIG M. |
|=========================================+========================+======================|
|   0  NVIDIA A16                     Off |   00000000:00:10.0 Off |                    0 |
|  0%   71C    P0             59W /   62W |     546MiB /  15356MiB |    100%      Default |
|                                         |                        |                  N/A |
+-----------------------------------------+------------------------+----------------------+

+-----------------------------------------------------------------------------------------+
| Processes:                                                                              |
|  GPU   GI   CI              PID   Type   Process name                        GPU Memory |
|        ID   ID                                                               Usage      |
|=========================================================================================|
|    0   N/A  N/A            1147      G   /usr/lib/xorg/Xorg                        4MiB |
|    0   N/A  N/A         2598792      C   /opt/conda/bin/python                   524MiB |
+-----------------------------------------------------------------------------------------+
-------------------------------------
2026-01-05 16:56:28
Mon Jan  5 16:56:28 2026       
+-----------------------------------------------------------------------------------------+
| NVIDIA-SMI 580.95.05              Driver Version: 580.95.05      CUDA Version: 13.0     |
+-----------------------------------------+------------------------+----------------------+
| GPU  Name                 Persistence-M | Bus-Id          Disp.A | Volatile Uncorr. ECC |
| Fan  Temp   Perf          Pwr:Usage/Cap |           Memory-Usage | GPU-Util  Compute M. |
|                                         |                        |               MIG M. |
|=========================================+========================+======================|
|   0  NVIDIA A16                     Off |   00000000:00:10.0 Off |                    0 |
|  0%   71C    P0             58W /   62W |     546MiB /  15356MiB |    100%      Default |
|                                         |                        |                  N/A |
+-----------------------------------------+------------------------+----------------------+

+-----------------------------------------------------------------------------------------+
| Processes:                                                                              |
|  GPU   GI   CI              PID   Type   Process name                        GPU Memory |
|        ID   ID                                                               Usage      |
|=========================================================================================|
|    0   N/A  N/A            1147      G   /usr/lib/xorg/Xorg                        4MiB |
|    0   N/A  N/A         2598792      C   /opt/conda/bin/python                   524MiB |
+-----------------------------------------------------------------------------------------+
-------------------------------------
2026-01-05 16:56:30
Mon Jan  5 16:56:30 2026       
+-----------------------------------------------------------------------------------------+
| NVIDIA-SMI 580.95.05              Driver Version: 580.95.05      CUDA Version: 13.0     |
+-----------------------------------------+------------------------+----------------------+
| GPU  Name                 Persistence-M | Bus-Id          Disp.A | Volatile Uncorr. ECC |
| Fan  Temp   Perf          Pwr:Usage/Cap |           Memory-Usage | GPU-Util  Compute M. |
|                                         |                        |               MIG M. |
|=========================================+========================+======================|
|   0  NVIDIA A16                     Off |   00000000:00:10.0 Off |                    0 |
|  0%   71C    P0             59W /   62W |     546MiB /  15356MiB |    100%      Default |
|                                         |                        |                  N/A |
+-----------------------------------------+------------------------+----------------------+

+-----------------------------------------------------------------------------------------+
| Processes:                                                                              |
|  GPU   GI   CI              PID   Type   Process name                        GPU Memory |
|        ID   ID                                                               Usage      |
|=========================================================================================|
|    0   N/A  N/A            1147      G   /usr/lib/xorg/Xorg                        4MiB |
|    0   N/A  N/A         2598792      C   /opt/conda/bin/python                   524MiB |
+-----------------------------------------------------------------------------------------+
-------------------------------------
2026-01-05 16:56:33
Mon Jan  5 16:56:33 2026       
+-----------------------------------------------------------------------------------------+
| NVIDIA-SMI 580.95.05              Driver Version: 580.95.05      CUDA Version: 13.0     |
+-----------------------------------------+------------------------+----------------------+
| GPU  Name                 Persistence-M | Bus-Id          Disp.A | Volatile Uncorr. ECC |
| Fan  Temp   Perf          Pwr:Usage/Cap |           Memory-Usage | GPU-Util  Compute M. |
|                                         |                        |               MIG M. |
|=========================================+========================+======================|
|   0  NVIDIA A16                     Off |   00000000:00:10.0 Off |                    0 |
|  0%   71C    P0             58W /   62W |     546MiB /  15356MiB |    100%      Default |
|                                         |                        |                  N/A |
+-----------------------------------------+------------------------+----------------------+

+-----------------------------------------------------------------------------------------+
| Processes:                                                                              |
|  GPU   GI   CI              PID   Type   Process name                        GPU Memory |
|        ID   ID                                                               Usage      |
|=========================================================================================|
|    0   N/A  N/A            1147      G   /usr/lib/xorg/Xorg                        4MiB |
|    0   N/A  N/A         2598792      C   /opt/conda/bin/python                   524MiB |
+-----------------------------------------------------------------------------------------+
-------------------------------------
2026-01-05 16:56:35
Mon Jan  5 16:56:35 2026       
+-----------------------------------------------------------------------------------------+
| NVIDIA-SMI 580.95.05              Driver Version: 580.95.05      CUDA Version: 13.0     |
+-----------------------------------------+------------------------+----------------------+
| GPU  Name                 Persistence-M | Bus-Id          Disp.A | Volatile Uncorr. ECC |
| Fan  Temp   Perf          Pwr:Usage/Cap |           Memory-Usage | GPU-Util  Compute M. |
|                                         |                        |               MIG M. |
|=========================================+========================+======================|
|   0  NVIDIA A16                     Off |   00000000:00:10.0 Off |                    0 |
|  0%   71C    P0             59W /   62W |     546MiB /  15356MiB |    100%      Default |
|                                         |                        |                  N/A |
+-----------------------------------------+------------------------+----------------------+

+-----------------------------------------------------------------------------------------+
| Processes:                                                                              |
|  GPU   GI   CI              PID   Type   Process name                        GPU Memory |
|        ID   ID                                                               Usage      |
|=========================================================================================|
|    0   N/A  N/A            1147      G   /usr/lib/xorg/Xorg                        4MiB |
|    0   N/A  N/A         2598792      C   /opt/conda/bin/python                   524MiB |
+-----------------------------------------------------------------------------------------+
-------------------------------------
2026-01-05 16:56:37
Mon Jan  5 16:56:37 2026       
+-----------------------------------------------------------------------------------------+
| NVIDIA-SMI 580.95.05              Driver Version: 580.95.05      CUDA Version: 13.0     |
+-----------------------------------------+------------------------+----------------------+
| GPU  Name                 Persistence-M | Bus-Id          Disp.A | Volatile Uncorr. ECC |
| Fan  Temp   Perf          Pwr:Usage/Cap |           Memory-Usage | GPU-Util  Compute M. |
|                                         |                        |               MIG M. |
|=========================================+========================+======================|
|   0  NVIDIA A16                     Off |   00000000:00:10.0 Off |                    0 |
|  0%   71C    P0             59W /   62W |     546MiB /  15356MiB |    100%      Default |
|                                         |                        |                  N/A |
+-----------------------------------------+------------------------+----------------------+

+-----------------------------------------------------------------------------------------+
| Processes:                                                                              |
|  GPU   GI   CI              PID   Type   Process name                        GPU Memory |
|        ID   ID                                                               Usage      |
|=========================================================================================|
|    0   N/A  N/A            1147      G   /usr/lib/xorg/Xorg                        4MiB |
|    0   N/A  N/A         2598792      C   /opt/conda/bin/python                   524MiB |
+-----------------------------------------------------------------------------------------+
-------------------------------------
2026-01-05 16:56:39
Mon Jan  5 16:56:39 2026       
+-----------------------------------------------------------------------------------------+
| NVIDIA-SMI 580.95.05              Driver Version: 580.95.05      CUDA Version: 13.0     |
+-----------------------------------------+------------------------+----------------------+
| GPU  Name                 Persistence-M | Bus-Id          Disp.A | Volatile Uncorr. ECC |
| Fan  Temp   Perf          Pwr:Usage/Cap |           Memory-Usage | GPU-Util  Compute M. |
|                                         |                        |               MIG M. |
|=========================================+========================+======================|
|   0  NVIDIA A16                     Off |   00000000:00:10.0 Off |                    0 |
|  0%   71C    P0             59W /   62W |     546MiB /  15356MiB |    100%      Default |
|                                         |                        |                  N/A |
+-----------------------------------------+------------------------+----------------------+

+-----------------------------------------------------------------------------------------+
| Processes:                                                                              |
|  GPU   GI   CI              PID   Type   Process name                        GPU Memory |
|        ID   ID                                                               Usage      |
|=========================================================================================|
|    0   N/A  N/A            1147      G   /usr/lib/xorg/Xorg                        4MiB |
|    0   N/A  N/A         2598792      C   /opt/conda/bin/python                   524MiB |
+-----------------------------------------------------------------------------------------+
-------------------------------------
2026-01-05 16:56:42
Mon Jan  5 16:56:42 2026       
+-----------------------------------------------------------------------------------------+
| NVIDIA-SMI 580.95.05              Driver Version: 580.95.05      CUDA Version: 13.0     |
+-----------------------------------------+------------------------+----------------------+
| GPU  Name                 Persistence-M | Bus-Id          Disp.A | Volatile Uncorr. ECC |
| Fan  Temp   Perf          Pwr:Usage/Cap |           Memory-Usage | GPU-Util  Compute M. |
|                                         |                        |               MIG M. |
|=========================================+========================+======================|
|   0  NVIDIA A16                     Off |   00000000:00:10.0 Off |                    0 |
|  0%   71C    P0             58W /   62W |     546MiB /  15356MiB |    100%      Default |
|                                         |                        |                  N/A |
+-----------------------------------------+------------------------+----------------------+

+-----------------------------------------------------------------------------------------+
| Processes:                                                                              |
|  GPU   GI   CI              PID   Type   Process name                        GPU Memory |
|        ID   ID                                                               Usage      |
|=========================================================================================|
|    0   N/A  N/A            1147      G   /usr/lib/xorg/Xorg                        4MiB |
|    0   N/A  N/A         2598792      C   /opt/conda/bin/python                   524MiB |
+-----------------------------------------------------------------------------------------+
-------------------------------------
2026-01-05 16:56:44
Mon Jan  5 16:56:44 2026       
+-----------------------------------------------------------------------------------------+
| NVIDIA-SMI 580.95.05              Driver Version: 580.95.05      CUDA Version: 13.0     |
+-----------------------------------------+------------------------+----------------------+
| GPU  Name                 Persistence-M | Bus-Id          Disp.A | Volatile Uncorr. ECC |
| Fan  Temp   Perf          Pwr:Usage/Cap |           Memory-Usage | GPU-Util  Compute M. |
|                                         |                        |               MIG M. |
|=========================================+========================+======================|
|   0  NVIDIA A16                     Off |   00000000:00:10.0 Off |                    0 |
|  0%   71C    P0             59W /   62W |     546MiB /  15356MiB |    100%      Default |
|                                         |                        |                  N/A |
+-----------------------------------------+------------------------+----------------------+

+-----------------------------------------------------------------------------------------+
| Processes:                                                                              |
|  GPU   GI   CI              PID   Type   Process name                        GPU Memory |
|        ID   ID                                                               Usage      |
|=========================================================================================|
|    0   N/A  N/A            1147      G   /usr/lib/xorg/Xorg                        4MiB |
|    0   N/A  N/A         2598792      C   /opt/conda/bin/python                   524MiB |
+-----------------------------------------------------------------------------------------+
-------------------------------------
2026-01-05 16:56:46
Mon Jan  5 16:56:46 2026       
+-----------------------------------------------------------------------------------------+
| NVIDIA-SMI 580.95.05              Driver Version: 580.95.05      CUDA Version: 13.0     |
+-----------------------------------------+------------------------+----------------------+
| GPU  Name                 Persistence-M | Bus-Id          Disp.A | Volatile Uncorr. ECC |
| Fan  Temp   Perf          Pwr:Usage/Cap |           Memory-Usage | GPU-Util  Compute M. |
|                                         |                        |               MIG M. |
|=========================================+========================+======================|
|   0  NVIDIA A16                     Off |   00000000:00:10.0 Off |                    0 |
|  0%   71C    P0             58W /   62W |     546MiB /  15356MiB |    100%      Default |
|                                         |                        |                  N/A |
+-----------------------------------------+------------------------+----------------------+

+-----------------------------------------------------------------------------------------+
| Processes:                                                                              |
|  GPU   GI   CI              PID   Type   Process name                        GPU Memory |
|        ID   ID                                                               Usage      |
|=========================================================================================|
|    0   N/A  N/A            1147      G   /usr/lib/xorg/Xorg                        4MiB |
|    0   N/A  N/A         2598792      C   /opt/conda/bin/python                   524MiB |
+-----------------------------------------------------------------------------------------+
-------------------------------------
2026-01-05 16:56:48
Mon Jan  5 16:56:48 2026       
+-----------------------------------------------------------------------------------------+
| NVIDIA-SMI 580.95.05              Driver Version: 580.95.05      CUDA Version: 13.0     |
+-----------------------------------------+------------------------+----------------------+
| GPU  Name                 Persistence-M | Bus-Id          Disp.A | Volatile Uncorr. ECC |
| Fan  Temp   Perf          Pwr:Usage/Cap |           Memory-Usage | GPU-Util  Compute M. |
|                                         |                        |               MIG M. |
|=========================================+========================+======================|
|   0  NVIDIA A16                     Off |   00000000:00:10.0 Off |                    0 |
|  0%   71C    P0             59W /   62W |     546MiB /  15356MiB |    100%      Default |
|                                         |                        |                  N/A |
+-----------------------------------------+------------------------+----------------------+

+-----------------------------------------------------------------------------------------+
| Processes:                                                                              |
|  GPU   GI   CI              PID   Type   Process name                        GPU Memory |
|        ID   ID                                                               Usage      |
|=========================================================================================|
|    0   N/A  N/A            1147      G   /usr/lib/xorg/Xorg                        4MiB |
|    0   N/A  N/A         2598792      C   /opt/conda/bin/python                   524MiB |
+-----------------------------------------------------------------------------------------+
-------------------------------------
2026-01-05 16:56:51
Mon Jan  5 16:56:51 2026       
+-----------------------------------------------------------------------------------------+
| NVIDIA-SMI 580.95.05              Driver Version: 580.95.05      CUDA Version: 13.0     |
+-----------------------------------------+------------------------+----------------------+
| GPU  Name                 Persistence-M | Bus-Id          Disp.A | Volatile Uncorr. ECC |
| Fan  Temp   Perf          Pwr:Usage/Cap |           Memory-Usage | GPU-Util  Compute M. |
|                                         |                        |               MIG M. |
|=========================================+========================+======================|
|   0  NVIDIA A16                     Off |   00000000:00:10.0 Off |                    0 |
|  0%   71C    P0             59W /   62W |     546MiB /  15356MiB |    100%      Default |
|                                         |                        |                  N/A |
+-----------------------------------------+------------------------+----------------------+

+-----------------------------------------------------------------------------------------+
| Processes:                                                                              |
|  GPU   GI   CI              PID   Type   Process name                        GPU Memory |
|        ID   ID                                                               Usage      |
|=========================================================================================|
|    0   N/A  N/A            1147      G   /usr/lib/xorg/Xorg                        4MiB |
|    0   N/A  N/A         2598792      C   /opt/conda/bin/python                   524MiB |
+-----------------------------------------------------------------------------------------+
-------------------------------------
2026-01-05 16:56:53
Mon Jan  5 16:56:53 2026       
+-----------------------------------------------------------------------------------------+
| NVIDIA-SMI 580.95.05              Driver Version: 580.95.05      CUDA Version: 13.0     |
+-----------------------------------------+------------------------+----------------------+
| GPU  Name                 Persistence-M | Bus-Id          Disp.A | Volatile Uncorr. ECC |
| Fan  Temp   Perf          Pwr:Usage/Cap |           Memory-Usage | GPU-Util  Compute M. |
|                                         |                        |               MIG M. |
|=========================================+========================+======================|
|   0  NVIDIA A16                     Off |   00000000:00:10.0 Off |                    0 |
|  0%   71C    P0             59W /   62W |     546MiB /  15356MiB |    100%      Default |
|                                         |                        |                  N/A |
+-----------------------------------------+------------------------+----------------------+

+-----------------------------------------------------------------------------------------+
| Processes:                                                                              |
|  GPU   GI   CI              PID   Type   Process name                        GPU Memory |
|        ID   ID                                                               Usage      |
|=========================================================================================|
|    0   N/A  N/A            1147      G   /usr/lib/xorg/Xorg                        4MiB |
|    0   N/A  N/A         2598792      C   /opt/conda/bin/python                   524MiB |
+-----------------------------------------------------------------------------------------+
-------------------------------------
2026-01-05 16:56:55
Mon Jan  5 16:56:55 2026       
+-----------------------------------------------------------------------------------------+
| NVIDIA-SMI 580.95.05              Driver Version: 580.95.05      CUDA Version: 13.0     |
+-----------------------------------------+------------------------+----------------------+
| GPU  Name                 Persistence-M | Bus-Id          Disp.A | Volatile Uncorr. ECC |
| Fan  Temp   Perf          Pwr:Usage/Cap |           Memory-Usage | GPU-Util  Compute M. |
|                                         |                        |               MIG M. |
|=========================================+========================+======================|
|   0  NVIDIA A16                     Off |   00000000:00:10.0 Off |                    0 |
|  0%   71C    P0             59W /   62W |     546MiB /  15356MiB |    100%      Default |
|                                         |                        |                  N/A |
+-----------------------------------------+------------------------+----------------------+

+-----------------------------------------------------------------------------------------+
| Processes:                                                                              |
|  GPU   GI   CI              PID   Type   Process name                        GPU Memory |
|        ID   ID                                                               Usage      |
|=========================================================================================|
|    0   N/A  N/A            1147      G   /usr/lib/xorg/Xorg                        4MiB |
|    0   N/A  N/A         2598792      C   /opt/conda/bin/python                   524MiB |
+-----------------------------------------------------------------------------------------+
-------------------------------------
2026-01-05 16:56:57
Mon Jan  5 16:56:57 2026       
+-----------------------------------------------------------------------------------------+
| NVIDIA-SMI 580.95.05              Driver Version: 580.95.05      CUDA Version: 13.0     |
+-----------------------------------------+------------------------+----------------------+
| GPU  Name                 Persistence-M | Bus-Id          Disp.A | Volatile Uncorr. ECC |
| Fan  Temp   Perf          Pwr:Usage/Cap |           Memory-Usage | GPU-Util  Compute M. |
|                                         |                        |               MIG M. |
|=========================================+========================+======================|
|   0  NVIDIA A16                     Off |   00000000:00:10.0 Off |                    0 |
|  0%   71C    P0             59W /   62W |     546MiB /  15356MiB |    100%      Default |
|                                         |                        |                  N/A |
+-----------------------------------------+------------------------+----------------------+

+-----------------------------------------------------------------------------------------+
| Processes:                                                                              |
|  GPU   GI   CI              PID   Type   Process name                        GPU Memory |
|        ID   ID                                                               Usage      |
|=========================================================================================|
|    0   N/A  N/A            1147      G   /usr/lib/xorg/Xorg                        4MiB |
|    0   N/A  N/A         2598792      C   /opt/conda/bin/python                   524MiB |
+-----------------------------------------------------------------------------------------+
-------------------------------------
2026-01-05 16:57:00
Mon Jan  5 16:57:00 2026       
+-----------------------------------------------------------------------------------------+
| NVIDIA-SMI 580.95.05              Driver Version: 580.95.05      CUDA Version: 13.0     |
+-----------------------------------------+------------------------+----------------------+
| GPU  Name                 Persistence-M | Bus-Id          Disp.A | Volatile Uncorr. ECC |
| Fan  Temp   Perf          Pwr:Usage/Cap |           Memory-Usage | GPU-Util  Compute M. |
|                                         |                        |               MIG M. |
|=========================================+========================+======================|
|   0  NVIDIA A16                     Off |   00000000:00:10.0 Off |                    0 |
|  0%   71C    P0             59W /   62W |     546MiB /  15356MiB |    100%      Default |
|                                         |                        |                  N/A |
+-----------------------------------------+------------------------+----------------------+

+-----------------------------------------------------------------------------------------+
| Processes:                                                                              |
|  GPU   GI   CI              PID   Type   Process name                        GPU Memory |
|        ID   ID                                                               Usage      |
|=========================================================================================|
|    0   N/A  N/A            1147      G   /usr/lib/xorg/Xorg                        4MiB |
|    0   N/A  N/A         2598792      C   /opt/conda/bin/python                   524MiB |
+-----------------------------------------------------------------------------------------+
-------------------------------------
2026-01-05 16:57:02
Mon Jan  5 16:57:02 2026       
+-----------------------------------------------------------------------------------------+
| NVIDIA-SMI 580.95.05              Driver Version: 580.95.05      CUDA Version: 13.0     |
+-----------------------------------------+------------------------+----------------------+
| GPU  Name                 Persistence-M | Bus-Id          Disp.A | Volatile Uncorr. ECC |
| Fan  Temp   Perf          Pwr:Usage/Cap |           Memory-Usage | GPU-Util  Compute M. |
|                                         |                        |               MIG M. |
|=========================================+========================+======================|
|   0  NVIDIA A16                     Off |   00000000:00:10.0 Off |                    0 |
|  0%   71C    P0             59W /   62W |     546MiB /  15356MiB |    100%      Default |
|                                         |                        |                  N/A |
+-----------------------------------------+------------------------+----------------------+

+-----------------------------------------------------------------------------------------+
| Processes:                                                                              |
|  GPU   GI   CI              PID   Type   Process name                        GPU Memory |
|        ID   ID                                                               Usage      |
|=========================================================================================|
|    0   N/A  N/A            1147      G   /usr/lib/xorg/Xorg                        4MiB |
|    0   N/A  N/A         2598792      C   /opt/conda/bin/python                   524MiB |
+-----------------------------------------------------------------------------------------+
-------------------------------------
2026-01-05 16:57:04
Mon Jan  5 16:57:04 2026       
+-----------------------------------------------------------------------------------------+
| NVIDIA-SMI 580.95.05              Driver Version: 580.95.05      CUDA Version: 13.0     |
+-----------------------------------------+------------------------+----------------------+
| GPU  Name                 Persistence-M | Bus-Id          Disp.A | Volatile Uncorr. ECC |
| Fan  Temp   Perf          Pwr:Usage/Cap |           Memory-Usage | GPU-Util  Compute M. |
|                                         |                        |               MIG M. |
|=========================================+========================+======================|
|   0  NVIDIA A16                     Off |   00000000:00:10.0 Off |                    0 |
|  0%   71C    P0             59W /   62W |     546MiB /  15356MiB |    100%      Default |
|                                         |                        |                  N/A |
+-----------------------------------------+------------------------+----------------------+

+-----------------------------------------------------------------------------------------+
| Processes:                                                                              |
|  GPU   GI   CI              PID   Type   Process name                        GPU Memory |
|        ID   ID                                                               Usage      |
|=========================================================================================|
|    0   N/A  N/A            1147      G   /usr/lib/xorg/Xorg                        4MiB |
|    0   N/A  N/A         2598792      C   /opt/conda/bin/python                   524MiB |
+-----------------------------------------------------------------------------------------+
-------------------------------------
2026-01-05 16:57:07
Mon Jan  5 16:57:07 2026       
+-----------------------------------------------------------------------------------------+
| NVIDIA-SMI 580.95.05              Driver Version: 580.95.05      CUDA Version: 13.0     |
+-----------------------------------------+------------------------+----------------------+
| GPU  Name                 Persistence-M | Bus-Id          Disp.A | Volatile Uncorr. ECC |
| Fan  Temp   Perf          Pwr:Usage/Cap |           Memory-Usage | GPU-Util  Compute M. |
|                                         |                        |               MIG M. |
|=========================================+========================+======================|
|   0  NVIDIA A16                     Off |   00000000:00:10.0 Off |                    0 |
|  0%   71C    P0             58W /   62W |     546MiB /  15356MiB |    100%      Default |
|                                         |                        |                  N/A |
+-----------------------------------------+------------------------+----------------------+

+-----------------------------------------------------------------------------------------+
| Processes:                                                                              |
|  GPU   GI   CI              PID   Type   Process name                        GPU Memory |
|        ID   ID                                                               Usage      |
|=========================================================================================|
|    0   N/A  N/A            1147      G   /usr/lib/xorg/Xorg                        4MiB |
|    0   N/A  N/A         2598792      C   /opt/conda/bin/python                   524MiB |
+-----------------------------------------------------------------------------------------+
-------------------------------------
2026-01-05 16:57:09
Mon Jan  5 16:57:09 2026       
+-----------------------------------------------------------------------------------------+
| NVIDIA-SMI 580.95.05              Driver Version: 580.95.05      CUDA Version: 13.0     |
+-----------------------------------------+------------------------+----------------------+
| GPU  Name                 Persistence-M | Bus-Id          Disp.A | Volatile Uncorr. ECC |
| Fan  Temp   Perf          Pwr:Usage/Cap |           Memory-Usage | GPU-Util  Compute M. |
|                                         |                        |               MIG M. |
|=========================================+========================+======================|
|   0  NVIDIA A16                     Off |   00000000:00:10.0 Off |                    0 |
|  0%   71C    P0             59W /   62W |     546MiB /  15356MiB |    100%      Default |
|                                         |                        |                  N/A |
+-----------------------------------------+------------------------+----------------------+

+-----------------------------------------------------------------------------------------+
| Processes:                                                                              |
|  GPU   GI   CI              PID   Type   Process name                        GPU Memory |
|        ID   ID                                                               Usage      |
|=========================================================================================|
|    0   N/A  N/A            1147      G   /usr/lib/xorg/Xorg                        4MiB |
|    0   N/A  N/A         2598792      C   /opt/conda/bin/python                   524MiB |
+-----------------------------------------------------------------------------------------+
-------------------------------------
2026-01-05 16:57:11
Mon Jan  5 16:57:11 2026       
+-----------------------------------------------------------------------------------------+
| NVIDIA-SMI 580.95.05              Driver Version: 580.95.05      CUDA Version: 13.0     |
+-----------------------------------------+------------------------+----------------------+
| GPU  Name                 Persistence-M | Bus-Id          Disp.A | Volatile Uncorr. ECC |
| Fan  Temp   Perf          Pwr:Usage/Cap |           Memory-Usage | GPU-Util  Compute M. |
|                                         |                        |               MIG M. |
|=========================================+========================+======================|
|   0  NVIDIA A16                     Off |   00000000:00:10.0 Off |                    0 |
|  0%   71C    P0             58W /   62W |     546MiB /  15356MiB |    100%      Default |
|                                         |                        |                  N/A |
+-----------------------------------------+------------------------+----------------------+

+-----------------------------------------------------------------------------------------+
| Processes:                                                                              |
|  GPU   GI   CI              PID   Type   Process name                        GPU Memory |
|        ID   ID                                                               Usage      |
|=========================================================================================|
|    0   N/A  N/A            1147      G   /usr/lib/xorg/Xorg                        4MiB |
|    0   N/A  N/A         2598792      C   /opt/conda/bin/python                   524MiB |
+-----------------------------------------------------------------------------------------+
-------------------------------------
2026-01-05 16:57:13
Mon Jan  5 16:57:13 2026       
+-----------------------------------------------------------------------------------------+
| NVIDIA-SMI 580.95.05              Driver Version: 580.95.05      CUDA Version: 13.0     |
+-----------------------------------------+------------------------+----------------------+
| GPU  Name                 Persistence-M | Bus-Id          Disp.A | Volatile Uncorr. ECC |
| Fan  Temp   Perf          Pwr:Usage/Cap |           Memory-Usage | GPU-Util  Compute M. |
|                                         |                        |               MIG M. |
|=========================================+========================+======================|
|   0  NVIDIA A16                     Off |   00000000:00:10.0 Off |                    0 |
|  0%   71C    P0             58W /   62W |     546MiB /  15356MiB |    100%      Default |
|                                         |                        |                  N/A |
+-----------------------------------------+------------------------+----------------------+

+-----------------------------------------------------------------------------------------+
| Processes:                                                                              |
|  GPU   GI   CI              PID   Type   Process name                        GPU Memory |
|        ID   ID                                                               Usage      |
|=========================================================================================|
|    0   N/A  N/A            1147      G   /usr/lib/xorg/Xorg                        4MiB |
|    0   N/A  N/A         2598792      C   /opt/conda/bin/python                   524MiB |
+-----------------------------------------------------------------------------------------+
-------------------------------------
2026-01-05 16:57:16
Mon Jan  5 16:57:16 2026       
+-----------------------------------------------------------------------------------------+
| NVIDIA-SMI 580.95.05              Driver Version: 580.95.05      CUDA Version: 13.0     |
+-----------------------------------------+------------------------+----------------------+
| GPU  Name                 Persistence-M | Bus-Id          Disp.A | Volatile Uncorr. ECC |
| Fan  Temp   Perf          Pwr:Usage/Cap |           Memory-Usage | GPU-Util  Compute M. |
|                                         |                        |               MIG M. |
|=========================================+========================+======================|
|   0  NVIDIA A16                     Off |   00000000:00:10.0 Off |                    0 |
|  0%   71C    P0             59W /   62W |     546MiB /  15356MiB |    100%      Default |
|                                         |                        |                  N/A |
+-----------------------------------------+------------------------+----------------------+

+-----------------------------------------------------------------------------------------+
| Processes:                                                                              |
|  GPU   GI   CI              PID   Type   Process name                        GPU Memory |
|        ID   ID                                                               Usage      |
|=========================================================================================|
|    0   N/A  N/A            1147      G   /usr/lib/xorg/Xorg                        4MiB |
|    0   N/A  N/A         2598792      C   /opt/conda/bin/python                   524MiB |
+-----------------------------------------------------------------------------------------+
-------------------------------------
2026-01-05 16:57:18
Mon Jan  5 16:57:18 2026       
+-----------------------------------------------------------------------------------------+
| NVIDIA-SMI 580.95.05              Driver Version: 580.95.05      CUDA Version: 13.0     |
+-----------------------------------------+------------------------+----------------------+
| GPU  Name                 Persistence-M | Bus-Id          Disp.A | Volatile Uncorr. ECC |
| Fan  Temp   Perf          Pwr:Usage/Cap |           Memory-Usage | GPU-Util  Compute M. |
|                                         |                        |               MIG M. |
|=========================================+========================+======================|
|   0  NVIDIA A16                     Off |   00000000:00:10.0 Off |                    0 |
|  0%   71C    P0             58W /   62W |     546MiB /  15356MiB |    100%      Default |
|                                         |                        |                  N/A |
+-----------------------------------------+------------------------+----------------------+

+-----------------------------------------------------------------------------------------+
| Processes:                                                                              |
|  GPU   GI   CI              PID   Type   Process name                        GPU Memory |
|        ID   ID                                                               Usage      |
|=========================================================================================|
|    0   N/A  N/A            1147      G   /usr/lib/xorg/Xorg                        4MiB |
|    0   N/A  N/A         2598792      C   /opt/conda/bin/python                   524MiB |
+-----------------------------------------------------------------------------------------+
-------------------------------------
2026-01-05 16:57:20
Mon Jan  5 16:57:20 2026       
+-----------------------------------------------------------------------------------------+
| NVIDIA-SMI 580.95.05              Driver Version: 580.95.05      CUDA Version: 13.0     |
+-----------------------------------------+------------------------+----------------------+
| GPU  Name                 Persistence-M | Bus-Id          Disp.A | Volatile Uncorr. ECC |
| Fan  Temp   Perf          Pwr:Usage/Cap |           Memory-Usage | GPU-Util  Compute M. |
|                                         |                        |               MIG M. |
|=========================================+========================+======================|
|   0  NVIDIA A16                     Off |   00000000:00:10.0 Off |                    0 |
|  0%   71C    P0             58W /   62W |     546MiB /  15356MiB |    100%      Default |
|                                         |                        |                  N/A |
+-----------------------------------------+------------------------+----------------------+

+-----------------------------------------------------------------------------------------+
| Processes:                                                                              |
|  GPU   GI   CI              PID   Type   Process name                        GPU Memory |
|        ID   ID                                                               Usage      |
|=========================================================================================|
|    0   N/A  N/A            1147      G   /usr/lib/xorg/Xorg                        4MiB |
|    0   N/A  N/A         2598792      C   /opt/conda/bin/python                   524MiB |
+-----------------------------------------------------------------------------------------+
-------------------------------------
2026-01-05 16:57:22
Mon Jan  5 16:57:22 2026       
+-----------------------------------------------------------------------------------------+
| NVIDIA-SMI 580.95.05              Driver Version: 580.95.05      CUDA Version: 13.0     |
+-----------------------------------------+------------------------+----------------------+
| GPU  Name                 Persistence-M | Bus-Id          Disp.A | Volatile Uncorr. ECC |
| Fan  Temp   Perf          Pwr:Usage/Cap |           Memory-Usage | GPU-Util  Compute M. |
|                                         |                        |               MIG M. |
|=========================================+========================+======================|
|   0  NVIDIA A16                     Off |   00000000:00:10.0 Off |                    0 |
|  0%   71C    P0             59W /   62W |     546MiB /  15356MiB |    100%      Default |
|                                         |                        |                  N/A |
+-----------------------------------------+------------------------+----------------------+

+-----------------------------------------------------------------------------------------+
| Processes:                                                                              |
|  GPU   GI   CI              PID   Type   Process name                        GPU Memory |
|        ID   ID                                                               Usage      |
|=========================================================================================|
|    0   N/A  N/A            1147      G   /usr/lib/xorg/Xorg                        4MiB |
|    0   N/A  N/A         2598792      C   /opt/conda/bin/python                   524MiB |
+-----------------------------------------------------------------------------------------+
-------------------------------------
2026-01-05 16:57:25
Mon Jan  5 16:57:25 2026       
+-----------------------------------------------------------------------------------------+
| NVIDIA-SMI 580.95.05              Driver Version: 580.95.05      CUDA Version: 13.0     |
+-----------------------------------------+------------------------+----------------------+
| GPU  Name                 Persistence-M | Bus-Id          Disp.A | Volatile Uncorr. ECC |
| Fan  Temp   Perf          Pwr:Usage/Cap |           Memory-Usage | GPU-Util  Compute M. |
|                                         |                        |               MIG M. |
|=========================================+========================+======================|
|   0  NVIDIA A16                     Off |   00000000:00:10.0 Off |                    0 |
|  0%   71C    P0             59W /   62W |     546MiB /  15356MiB |    100%      Default |
|                                         |                        |                  N/A |
+-----------------------------------------+------------------------+----------------------+

+-----------------------------------------------------------------------------------------+
| Processes:                                                                              |
|  GPU   GI   CI              PID   Type   Process name                        GPU Memory |
|        ID   ID                                                               Usage      |
|=========================================================================================|
|    0   N/A  N/A            1147      G   /usr/lib/xorg/Xorg                        4MiB |
|    0   N/A  N/A         2598792      C   /opt/conda/bin/python                   524MiB |
+-----------------------------------------------------------------------------------------+
-------------------------------------
2026-01-05 16:57:27
Mon Jan  5 16:57:27 2026       
+-----------------------------------------------------------------------------------------+
| NVIDIA-SMI 580.95.05              Driver Version: 580.95.05      CUDA Version: 13.0     |
+-----------------------------------------+------------------------+----------------------+
| GPU  Name                 Persistence-M | Bus-Id          Disp.A | Volatile Uncorr. ECC |
| Fan  Temp   Perf          Pwr:Usage/Cap |           Memory-Usage | GPU-Util  Compute M. |
|                                         |                        |               MIG M. |
|=========================================+========================+======================|
|   0  NVIDIA A16                     Off |   00000000:00:10.0 Off |                    0 |
|  0%   71C    P0             59W /   62W |     546MiB /  15356MiB |    100%      Default |
|                                         |                        |                  N/A |
+-----------------------------------------+------------------------+----------------------+

+-----------------------------------------------------------------------------------------+
| Processes:                                                                              |
|  GPU   GI   CI              PID   Type   Process name                        GPU Memory |
|        ID   ID                                                               Usage      |
|=========================================================================================|
|    0   N/A  N/A            1147      G   /usr/lib/xorg/Xorg                        4MiB |
|    0   N/A  N/A         2598792      C   /opt/conda/bin/python                   524MiB |
+-----------------------------------------------------------------------------------------+
-------------------------------------
2026-01-05 16:57:29
Mon Jan  5 16:57:29 2026       
+-----------------------------------------------------------------------------------------+
| NVIDIA-SMI 580.95.05              Driver Version: 580.95.05      CUDA Version: 13.0     |
+-----------------------------------------+------------------------+----------------------+
| GPU  Name                 Persistence-M | Bus-Id          Disp.A | Volatile Uncorr. ECC |
| Fan  Temp   Perf          Pwr:Usage/Cap |           Memory-Usage | GPU-Util  Compute M. |
|                                         |                        |               MIG M. |
|=========================================+========================+======================|
|   0  NVIDIA A16                     Off |   00000000:00:10.0 Off |                    0 |
|  0%   71C    P0             59W /   62W |     546MiB /  15356MiB |    100%      Default |
|                                         |                        |                  N/A |
+-----------------------------------------+------------------------+----------------------+

+-----------------------------------------------------------------------------------------+
| Processes:                                                                              |
|  GPU   GI   CI              PID   Type   Process name                        GPU Memory |
|        ID   ID                                                               Usage      |
|=========================================================================================|
|    0   N/A  N/A            1147      G   /usr/lib/xorg/Xorg                        4MiB |
|    0   N/A  N/A         2598792      C   /opt/conda/bin/python                   524MiB |
+-----------------------------------------------------------------------------------------+
-------------------------------------
2026-01-05 16:57:31
Mon Jan  5 16:57:31 2026       
+-----------------------------------------------------------------------------------------+
| NVIDIA-SMI 580.95.05              Driver Version: 580.95.05      CUDA Version: 13.0     |
+-----------------------------------------+------------------------+----------------------+
| GPU  Name                 Persistence-M | Bus-Id          Disp.A | Volatile Uncorr. ECC |
| Fan  Temp   Perf          Pwr:Usage/Cap |           Memory-Usage | GPU-Util  Compute M. |
|                                         |                        |               MIG M. |
|=========================================+========================+======================|
|   0  NVIDIA A16                     Off |   00000000:00:10.0 Off |                    0 |
|  0%   71C    P0             59W /   62W |     546MiB /  15356MiB |    100%      Default |
|                                         |                        |                  N/A |
+-----------------------------------------+------------------------+----------------------+

+-----------------------------------------------------------------------------------------+
| Processes:                                                                              |
|  GPU   GI   CI              PID   Type   Process name                        GPU Memory |
|        ID   ID                                                               Usage      |
|=========================================================================================|
|    0   N/A  N/A            1147      G   /usr/lib/xorg/Xorg                        4MiB |
|    0   N/A  N/A         2598792      C   /opt/conda/bin/python                   524MiB |
+-----------------------------------------------------------------------------------------+
-------------------------------------
2026-01-05 16:57:34
Mon Jan  5 16:57:34 2026       
+-----------------------------------------------------------------------------------------+
| NVIDIA-SMI 580.95.05              Driver Version: 580.95.05      CUDA Version: 13.0     |
+-----------------------------------------+------------------------+----------------------+
| GPU  Name                 Persistence-M | Bus-Id          Disp.A | Volatile Uncorr. ECC |
| Fan  Temp   Perf          Pwr:Usage/Cap |           Memory-Usage | GPU-Util  Compute M. |
|                                         |                        |               MIG M. |
|=========================================+========================+======================|
|   0  NVIDIA A16                     Off |   00000000:00:10.0 Off |                    0 |
|  0%   71C    P0             59W /   62W |     546MiB /  15356MiB |    100%      Default |
|                                         |                        |                  N/A |
+-----------------------------------------+------------------------+----------------------+

+-----------------------------------------------------------------------------------------+
| Processes:                                                                              |
|  GPU   GI   CI              PID   Type   Process name                        GPU Memory |
|        ID   ID                                                               Usage      |
|=========================================================================================|
|    0   N/A  N/A            1147      G   /usr/lib/xorg/Xorg                        4MiB |
|    0   N/A  N/A         2598792      C   /opt/conda/bin/python                   524MiB |
+-----------------------------------------------------------------------------------------+
-------------------------------------
2026-01-05 16:57:36
Mon Jan  5 16:57:36 2026       
+-----------------------------------------------------------------------------------------+
| NVIDIA-SMI 580.95.05              Driver Version: 580.95.05      CUDA Version: 13.0     |
+-----------------------------------------+------------------------+----------------------+
| GPU  Name                 Persistence-M | Bus-Id          Disp.A | Volatile Uncorr. ECC |
| Fan  Temp   Perf          Pwr:Usage/Cap |           Memory-Usage | GPU-Util  Compute M. |
|                                         |                        |               MIG M. |
|=========================================+========================+======================|
|   0  NVIDIA A16                     Off |   00000000:00:10.0 Off |                    0 |
|  0%   71C    P0             59W /   62W |     546MiB /  15356MiB |    100%      Default |
|                                         |                        |                  N/A |
+-----------------------------------------+------------------------+----------------------+

+-----------------------------------------------------------------------------------------+
| Processes:                                                                              |
|  GPU   GI   CI              PID   Type   Process name                        GPU Memory |
|        ID   ID                                                               Usage      |
|=========================================================================================|
|    0   N/A  N/A            1147      G   /usr/lib/xorg/Xorg                        4MiB |
|    0   N/A  N/A         2598792      C   /opt/conda/bin/python                   524MiB |
+-----------------------------------------------------------------------------------------+
-------------------------------------
2026-01-05 16:57:38
Mon Jan  5 16:57:38 2026       
+-----------------------------------------------------------------------------------------+
| NVIDIA-SMI 580.95.05              Driver Version: 580.95.05      CUDA Version: 13.0     |
+-----------------------------------------+------------------------+----------------------+
| GPU  Name                 Persistence-M | Bus-Id          Disp.A | Volatile Uncorr. ECC |
| Fan  Temp   Perf          Pwr:Usage/Cap |           Memory-Usage | GPU-Util  Compute M. |
|                                         |                        |               MIG M. |
|=========================================+========================+======================|
|   0  NVIDIA A16                     Off |   00000000:00:10.0 Off |                    0 |
|  0%   71C    P0             58W /   62W |     546MiB /  15356MiB |    100%      Default |
|                                         |                        |                  N/A |
+-----------------------------------------+------------------------+----------------------+

+-----------------------------------------------------------------------------------------+
| Processes:                                                                              |
|  GPU   GI   CI              PID   Type   Process name                        GPU Memory |
|        ID   ID                                                               Usage      |
|=========================================================================================|
|    0   N/A  N/A            1147      G   /usr/lib/xorg/Xorg                        4MiB |
|    0   N/A  N/A         2598792      C   /opt/conda/bin/python                   524MiB |
+-----------------------------------------------------------------------------------------+
-------------------------------------
2026-01-05 16:57:40
Mon Jan  5 16:57:41 2026       
+-----------------------------------------------------------------------------------------+
| NVIDIA-SMI 580.95.05              Driver Version: 580.95.05      CUDA Version: 13.0     |
+-----------------------------------------+------------------------+----------------------+
| GPU  Name                 Persistence-M | Bus-Id          Disp.A | Volatile Uncorr. ECC |
| Fan  Temp   Perf          Pwr:Usage/Cap |           Memory-Usage | GPU-Util  Compute M. |
|                                         |                        |               MIG M. |
|=========================================+========================+======================|
|   0  NVIDIA A16                     Off |   00000000:00:10.0 Off |                    0 |
|  0%   71C    P0             58W /   62W |     546MiB /  15356MiB |    100%      Default |
|                                         |                        |                  N/A |
+-----------------------------------------+------------------------+----------------------+

+-----------------------------------------------------------------------------------------+
| Processes:                                                                              |
|  GPU   GI   CI              PID   Type   Process name                        GPU Memory |
|        ID   ID                                                               Usage      |
|=========================================================================================|
|    0   N/A  N/A            1147      G   /usr/lib/xorg/Xorg                        4MiB |
|    0   N/A  N/A         2598792      C   /opt/conda/bin/python                   524MiB |
+-----------------------------------------------------------------------------------------+
-------------------------------------
2026-01-05 16:57:43
Mon Jan  5 16:57:43 2026       
+-----------------------------------------------------------------------------------------+
| NVIDIA-SMI 580.95.05              Driver Version: 580.95.05      CUDA Version: 13.0     |
+-----------------------------------------+------------------------+----------------------+
| GPU  Name                 Persistence-M | Bus-Id          Disp.A | Volatile Uncorr. ECC |
| Fan  Temp   Perf          Pwr:Usage/Cap |           Memory-Usage | GPU-Util  Compute M. |
|                                         |                        |               MIG M. |
|=========================================+========================+======================|
|   0  NVIDIA A16                     Off |   00000000:00:10.0 Off |                    0 |
|  0%   71C    P0             59W /   62W |     546MiB /  15356MiB |    100%      Default |
|                                         |                        |                  N/A |
+-----------------------------------------+------------------------+----------------------+

+-----------------------------------------------------------------------------------------+
| Processes:                                                                              |
|  GPU   GI   CI              PID   Type   Process name                        GPU Memory |
|        ID   ID                                                               Usage      |
|=========================================================================================|
|    0   N/A  N/A            1147      G   /usr/lib/xorg/Xorg                        4MiB |
|    0   N/A  N/A         2598792      C   /opt/conda/bin/python                   524MiB |
+-----------------------------------------------------------------------------------------+
-------------------------------------
2026-01-05 16:57:45
Mon Jan  5 16:57:45 2026       
+-----------------------------------------------------------------------------------------+
| NVIDIA-SMI 580.95.05              Driver Version: 580.95.05      CUDA Version: 13.0     |
+-----------------------------------------+------------------------+----------------------+
| GPU  Name                 Persistence-M | Bus-Id          Disp.A | Volatile Uncorr. ECC |
| Fan  Temp   Perf          Pwr:Usage/Cap |           Memory-Usage | GPU-Util  Compute M. |
|                                         |                        |               MIG M. |
|=========================================+========================+======================|
|   0  NVIDIA A16                     Off |   00000000:00:10.0 Off |                    0 |
|  0%   71C    P0             58W /   62W |     546MiB /  15356MiB |    100%      Default |
|                                         |                        |                  N/A |
+-----------------------------------------+------------------------+----------------------+

+-----------------------------------------------------------------------------------------+
| Processes:                                                                              |
|  GPU   GI   CI              PID   Type   Process name                        GPU Memory |
|        ID   ID                                                               Usage      |
|=========================================================================================|
|    0   N/A  N/A            1147      G   /usr/lib/xorg/Xorg                        4MiB |
|    0   N/A  N/A         2598792      C   /opt/conda/bin/python                   524MiB |
+-----------------------------------------------------------------------------------------+
-------------------------------------
2026-01-05 16:57:47
Mon Jan  5 16:57:47 2026       
+-----------------------------------------------------------------------------------------+
| NVIDIA-SMI 580.95.05              Driver Version: 580.95.05      CUDA Version: 13.0     |
+-----------------------------------------+------------------------+----------------------+
| GPU  Name                 Persistence-M | Bus-Id          Disp.A | Volatile Uncorr. ECC |
| Fan  Temp   Perf          Pwr:Usage/Cap |           Memory-Usage | GPU-Util  Compute M. |
|                                         |                        |               MIG M. |
|=========================================+========================+======================|
|   0  NVIDIA A16                     Off |   00000000:00:10.0 Off |                    0 |
|  0%   71C    P0             59W /   62W |     546MiB /  15356MiB |    100%      Default |
|                                         |                        |                  N/A |
+-----------------------------------------+------------------------+----------------------+

+-----------------------------------------------------------------------------------------+
| Processes:                                                                              |
|  GPU   GI   CI              PID   Type   Process name                        GPU Memory |
|        ID   ID                                                               Usage      |
|=========================================================================================|
|    0   N/A  N/A            1147      G   /usr/lib/xorg/Xorg                        4MiB |
|    0   N/A  N/A         2598792      C   /opt/conda/bin/python                   524MiB |
+-----------------------------------------------------------------------------------------+
-------------------------------------
2026-01-05 16:57:50
Mon Jan  5 16:57:50 2026       
+-----------------------------------------------------------------------------------------+
| NVIDIA-SMI 580.95.05              Driver Version: 580.95.05      CUDA Version: 13.0     |
+-----------------------------------------+------------------------+----------------------+
| GPU  Name                 Persistence-M | Bus-Id          Disp.A | Volatile Uncorr. ECC |
| Fan  Temp   Perf          Pwr:Usage/Cap |           Memory-Usage | GPU-Util  Compute M. |
|                                         |                        |               MIG M. |
|=========================================+========================+======================|
|   0  NVIDIA A16                     Off |   00000000:00:10.0 Off |                    0 |
|  0%   71C    P0             59W /   62W |     546MiB /  15356MiB |    100%      Default |
|                                         |                        |                  N/A |
+-----------------------------------------+------------------------+----------------------+

+-----------------------------------------------------------------------------------------+
| Processes:                                                                              |
|  GPU   GI   CI              PID   Type   Process name                        GPU Memory |
|        ID   ID                                                               Usage      |
|=========================================================================================|
|    0   N/A  N/A            1147      G   /usr/lib/xorg/Xorg                        4MiB |
|    0   N/A  N/A         2598792      C   /opt/conda/bin/python                   524MiB |
+-----------------------------------------------------------------------------------------+
-------------------------------------
2026-01-05 16:57:52
Mon Jan  5 16:57:52 2026       
+-----------------------------------------------------------------------------------------+
| NVIDIA-SMI 580.95.05              Driver Version: 580.95.05      CUDA Version: 13.0     |
+-----------------------------------------+------------------------+----------------------+
| GPU  Name                 Persistence-M | Bus-Id          Disp.A | Volatile Uncorr. ECC |
| Fan  Temp   Perf          Pwr:Usage/Cap |           Memory-Usage | GPU-Util  Compute M. |
|                                         |                        |               MIG M. |
|=========================================+========================+======================|
|   0  NVIDIA A16                     Off |   00000000:00:10.0 Off |                    0 |
|  0%   71C    P0             59W /   62W |     546MiB /  15356MiB |    100%      Default |
|                                         |                        |                  N/A |
+-----------------------------------------+------------------------+----------------------+

+-----------------------------------------------------------------------------------------+
| Processes:                                                                              |
|  GPU   GI   CI              PID   Type   Process name                        GPU Memory |
|        ID   ID                                                               Usage      |
|=========================================================================================|
|    0   N/A  N/A            1147      G   /usr/lib/xorg/Xorg                        4MiB |
|    0   N/A  N/A         2598792      C   /opt/conda/bin/python                   524MiB |
+-----------------------------------------------------------------------------------------+
-------------------------------------
2026-01-05 16:57:54
Mon Jan  5 16:57:54 2026       
+-----------------------------------------------------------------------------------------+
| NVIDIA-SMI 580.95.05              Driver Version: 580.95.05      CUDA Version: 13.0     |
+-----------------------------------------+------------------------+----------------------+
| GPU  Name                 Persistence-M | Bus-Id          Disp.A | Volatile Uncorr. ECC |
| Fan  Temp   Perf          Pwr:Usage/Cap |           Memory-Usage | GPU-Util  Compute M. |
|                                         |                        |               MIG M. |
|=========================================+========================+======================|
|   0  NVIDIA A16                     Off |   00000000:00:10.0 Off |                    0 |
|  0%   69C    P0             57W /   62W |     546MiB /  15356MiB |    100%      Default |
|                                         |                        |                  N/A |
+-----------------------------------------+------------------------+----------------------+

+-----------------------------------------------------------------------------------------+
| Processes:                                                                              |
|  GPU   GI   CI              PID   Type   Process name                        GPU Memory |
|        ID   ID                                                               Usage      |
|=========================================================================================|
|    0   N/A  N/A            1147      G   /usr/lib/xorg/Xorg                        4MiB |
|    0   N/A  N/A         2598792      C   /opt/conda/bin/python                   524MiB |
+-----------------------------------------------------------------------------------------+
-------------------------------------
2026-01-05 16:57:56
Mon Jan  5 16:57:56 2026       
+-----------------------------------------------------------------------------------------+
| NVIDIA-SMI 580.95.05              Driver Version: 580.95.05      CUDA Version: 13.0     |
+-----------------------------------------+------------------------+----------------------+
| GPU  Name                 Persistence-M | Bus-Id          Disp.A | Volatile Uncorr. ECC |
| Fan  Temp   Perf          Pwr:Usage/Cap |           Memory-Usage | GPU-Util  Compute M. |
|                                         |                        |               MIG M. |
|=========================================+========================+======================|
|   0  NVIDIA A16                     Off |   00000000:00:10.0 Off |                    0 |
|  0%   67C    P0             44W /   62W |     546MiB /  15356MiB |     39%      Default |
|                                         |                        |                  N/A |
+-----------------------------------------+------------------------+----------------------+

+-----------------------------------------------------------------------------------------+
| Processes:                                                                              |
|  GPU   GI   CI              PID   Type   Process name                        GPU Memory |
|        ID   ID                                                               Usage      |
|=========================================================================================|
|    0   N/A  N/A            1147      G   /usr/lib/xorg/Xorg                        4MiB |
|    0   N/A  N/A         2598792      C   /opt/conda/bin/python                   524MiB |
+-----------------------------------------------------------------------------------------+
-------------------------------------
2026-01-05 16:57:58
Mon Jan  5 16:57:59 2026       
+-----------------------------------------------------------------------------------------+
| NVIDIA-SMI 580.95.05              Driver Version: 580.95.05      CUDA Version: 13.0     |
+-----------------------------------------+------------------------+----------------------+
| GPU  Name                 Persistence-M | Bus-Id          Disp.A | Volatile Uncorr. ECC |
| Fan  Temp   Perf          Pwr:Usage/Cap |           Memory-Usage | GPU-Util  Compute M. |
|                                         |                        |               MIG M. |
|=========================================+========================+======================|
|   0  NVIDIA A16                     Off |   00000000:00:10.0 Off |                    0 |
|  0%   66C    P0             42W /   62W |     546MiB /  15356MiB |     37%      Default |
|                                         |                        |                  N/A |
+-----------------------------------------+------------------------+----------------------+

+-----------------------------------------------------------------------------------------+
| Processes:                                                                              |
|  GPU   GI   CI              PID   Type   Process name                        GPU Memory |
|        ID   ID                                                               Usage      |
|=========================================================================================|
|    0   N/A  N/A            1147      G   /usr/lib/xorg/Xorg                        4MiB |
|    0   N/A  N/A         2598792      C   /opt/conda/bin/python                   524MiB |
+-----------------------------------------------------------------------------------------+
-------------------------------------
2026-01-05 16:58:01
Mon Jan  5 16:58:01 2026       
+-----------------------------------------------------------------------------------------+
| NVIDIA-SMI 580.95.05              Driver Version: 580.95.05      CUDA Version: 13.0     |
+-----------------------------------------+------------------------+----------------------+
| GPU  Name                 Persistence-M | Bus-Id          Disp.A | Volatile Uncorr. ECC |
| Fan  Temp   Perf          Pwr:Usage/Cap |           Memory-Usage | GPU-Util  Compute M. |
|                                         |                        |               MIG M. |
|=========================================+========================+======================|
|   0  NVIDIA A16                     Off |   00000000:00:10.0 Off |                    0 |
|  0%   66C    P0             43W /   62W |     546MiB /  15356MiB |     34%      Default |
|                                         |                        |                  N/A |
+-----------------------------------------+------------------------+----------------------+

+-----------------------------------------------------------------------------------------+
| Processes:                                                                              |
|  GPU   GI   CI              PID   Type   Process name                        GPU Memory |
|        ID   ID                                                               Usage      |
|=========================================================================================|
|    0   N/A  N/A            1147      G   /usr/lib/xorg/Xorg                        4MiB |
|    0   N/A  N/A         2598792      C   /opt/conda/bin/python                   524MiB |
+-----------------------------------------------------------------------------------------+
-------------------------------------
2026-01-05 16:58:03
Mon Jan  5 16:58:03 2026       
+-----------------------------------------------------------------------------------------+
| NVIDIA-SMI 580.95.05              Driver Version: 580.95.05      CUDA Version: 13.0     |
+-----------------------------------------+------------------------+----------------------+
| GPU  Name                 Persistence-M | Bus-Id          Disp.A | Volatile Uncorr. ECC |
| Fan  Temp   Perf          Pwr:Usage/Cap |           Memory-Usage | GPU-Util  Compute M. |
|                                         |                        |               MIG M. |
|=========================================+========================+======================|
|   0  NVIDIA A16                     Off |   00000000:00:10.0 Off |                    0 |
|  0%   65C    P0             43W /   62W |     546MiB /  15356MiB |     39%      Default |
|                                         |                        |                  N/A |
+-----------------------------------------+------------------------+----------------------+

+-----------------------------------------------------------------------------------------+
| Processes:                                                                              |
|  GPU   GI   CI              PID   Type   Process name                        GPU Memory |
|        ID   ID                                                               Usage      |
|=========================================================================================|
|    0   N/A  N/A            1147      G   /usr/lib/xorg/Xorg                        4MiB |
|    0   N/A  N/A         2598792      C   /opt/conda/bin/python                   524MiB |
+-----------------------------------------------------------------------------------------+
-------------------------------------
2026-01-05 16:58:05
Mon Jan  5 16:58:05 2026       
+-----------------------------------------------------------------------------------------+
| NVIDIA-SMI 580.95.05              Driver Version: 580.95.05      CUDA Version: 13.0     |
+-----------------------------------------+------------------------+----------------------+
| GPU  Name                 Persistence-M | Bus-Id          Disp.A | Volatile Uncorr. ECC |
| Fan  Temp   Perf          Pwr:Usage/Cap |           Memory-Usage | GPU-Util  Compute M. |
|                                         |                        |               MIG M. |
|=========================================+========================+======================|
|   0  NVIDIA A16                     Off |   00000000:00:10.0 Off |                    0 |
|  0%   65C    P0             43W /   62W |     546MiB /  15356MiB |     35%      Default |
|                                         |                        |                  N/A |
+-----------------------------------------+------------------------+----------------------+

+-----------------------------------------------------------------------------------------+
| Processes:                                                                              |
|  GPU   GI   CI              PID   Type   Process name                        GPU Memory |
|        ID   ID                                                               Usage      |
|=========================================================================================|
|    0   N/A  N/A            1147      G   /usr/lib/xorg/Xorg                        4MiB |
|    0   N/A  N/A         2598792      C   /opt/conda/bin/python                   524MiB |
+-----------------------------------------------------------------------------------------+
-------------------------------------
2026-01-05 16:58:07
Mon Jan  5 16:58:07 2026       
+-----------------------------------------------------------------------------------------+
| NVIDIA-SMI 580.95.05              Driver Version: 580.95.05      CUDA Version: 13.0     |
+-----------------------------------------+------------------------+----------------------+
| GPU  Name                 Persistence-M | Bus-Id          Disp.A | Volatile Uncorr. ECC |
| Fan  Temp   Perf          Pwr:Usage/Cap |           Memory-Usage | GPU-Util  Compute M. |
|                                         |                        |               MIG M. |
|=========================================+========================+======================|
|   0  NVIDIA A16                     Off |   00000000:00:10.0 Off |                    0 |
|  0%   65C    P0             43W /   62W |     546MiB /  15356MiB |     39%      Default |
|                                         |                        |                  N/A |
+-----------------------------------------+------------------------+----------------------+

+-----------------------------------------------------------------------------------------+
| Processes:                                                                              |
|  GPU   GI   CI              PID   Type   Process name                        GPU Memory |
|        ID   ID                                                               Usage      |
|=========================================================================================|
|    0   N/A  N/A            1147      G   /usr/lib/xorg/Xorg                        4MiB |
|    0   N/A  N/A         2598792      C   /opt/conda/bin/python                   524MiB |
+-----------------------------------------------------------------------------------------+
-------------------------------------
2026-01-05 16:58:10
Mon Jan  5 16:58:10 2026       
+-----------------------------------------------------------------------------------------+
| NVIDIA-SMI 580.95.05              Driver Version: 580.95.05      CUDA Version: 13.0     |
+-----------------------------------------+------------------------+----------------------+
| GPU  Name                 Persistence-M | Bus-Id          Disp.A | Volatile Uncorr. ECC |
| Fan  Temp   Perf          Pwr:Usage/Cap |           Memory-Usage | GPU-Util  Compute M. |
|                                         |                        |               MIG M. |
|=========================================+========================+======================|
|   0  NVIDIA A16                     Off |   00000000:00:10.0 Off |                    0 |
|  0%   65C    P0             43W /   62W |     546MiB /  15356MiB |     37%      Default |
|                                         |                        |                  N/A |
+-----------------------------------------+------------------------+----------------------+

+-----------------------------------------------------------------------------------------+
| Processes:                                                                              |
|  GPU   GI   CI              PID   Type   Process name                        GPU Memory |
|        ID   ID                                                               Usage      |
|=========================================================================================|
|    0   N/A  N/A            1147      G   /usr/lib/xorg/Xorg                        4MiB |
|    0   N/A  N/A         2598792      C   /opt/conda/bin/python                   524MiB |
+-----------------------------------------------------------------------------------------+
-------------------------------------
2026-01-05 16:58:12
Mon Jan  5 16:58:12 2026       
+-----------------------------------------------------------------------------------------+
| NVIDIA-SMI 580.95.05              Driver Version: 580.95.05      CUDA Version: 13.0     |
+-----------------------------------------+------------------------+----------------------+
| GPU  Name                 Persistence-M | Bus-Id          Disp.A | Volatile Uncorr. ECC |
| Fan  Temp   Perf          Pwr:Usage/Cap |           Memory-Usage | GPU-Util  Compute M. |
|                                         |                        |               MIG M. |
|=========================================+========================+======================|
|   0  NVIDIA A16                     Off |   00000000:00:10.0 Off |                    0 |
|  0%   65C    P0             43W /   62W |     546MiB /  15356MiB |     34%      Default |
|                                         |                        |                  N/A |
+-----------------------------------------+------------------------+----------------------+

+-----------------------------------------------------------------------------------------+
| Processes:                                                                              |
|  GPU   GI   CI              PID   Type   Process name                        GPU Memory |
|        ID   ID                                                               Usage      |
|=========================================================================================|
|    0   N/A  N/A            1147      G   /usr/lib/xorg/Xorg                        4MiB |
|    0   N/A  N/A         2598792      C   /opt/conda/bin/python                   524MiB |
+-----------------------------------------------------------------------------------------+
-------------------------------------
2026-01-05 16:58:14
Mon Jan  5 16:58:14 2026       
+-----------------------------------------------------------------------------------------+
| NVIDIA-SMI 580.95.05              Driver Version: 580.95.05      CUDA Version: 13.0     |
+-----------------------------------------+------------------------+----------------------+
| GPU  Name                 Persistence-M | Bus-Id          Disp.A | Volatile Uncorr. ECC |
| Fan  Temp   Perf          Pwr:Usage/Cap |           Memory-Usage | GPU-Util  Compute M. |
|                                         |                        |               MIG M. |
|=========================================+========================+======================|
|   0  NVIDIA A16                     Off |   00000000:00:10.0 Off |                    0 |
|  0%   65C    P0             43W /   62W |     546MiB /  15356MiB |     37%      Default |
|                                         |                        |                  N/A |
+-----------------------------------------+------------------------+----------------------+

+-----------------------------------------------------------------------------------------+
| Processes:                                                                              |
|  GPU   GI   CI              PID   Type   Process name                        GPU Memory |
|        ID   ID                                                               Usage      |
|=========================================================================================|
|    0   N/A  N/A            1147      G   /usr/lib/xorg/Xorg                        4MiB |
|    0   N/A  N/A         2598792      C   /opt/conda/bin/python                   524MiB |
+-----------------------------------------------------------------------------------------+
-------------------------------------
2026-01-05 16:58:16
Mon Jan  5 16:58:16 2026       
+-----------------------------------------------------------------------------------------+
| NVIDIA-SMI 580.95.05              Driver Version: 580.95.05      CUDA Version: 13.0     |
+-----------------------------------------+------------------------+----------------------+
| GPU  Name                 Persistence-M | Bus-Id          Disp.A | Volatile Uncorr. ECC |
| Fan  Temp   Perf          Pwr:Usage/Cap |           Memory-Usage | GPU-Util  Compute M. |
|                                         |                        |               MIG M. |
|=========================================+========================+======================|
|   0  NVIDIA A16                     Off |   00000000:00:10.0 Off |                    0 |
|  0%   65C    P0             43W /   62W |     546MiB /  15356MiB |     37%      Default |
|                                         |                        |                  N/A |
+-----------------------------------------+------------------------+----------------------+

+-----------------------------------------------------------------------------------------+
| Processes:                                                                              |
|  GPU   GI   CI              PID   Type   Process name                        GPU Memory |
|        ID   ID                                                               Usage      |
|=========================================================================================|
|    0   N/A  N/A            1147      G   /usr/lib/xorg/Xorg                        4MiB |
|    0   N/A  N/A         2598792      C   /opt/conda/bin/python                   524MiB |
+-----------------------------------------------------------------------------------------+
-------------------------------------
2026-01-05 16:58:18
Mon Jan  5 16:58:18 2026       
+-----------------------------------------------------------------------------------------+
| NVIDIA-SMI 580.95.05              Driver Version: 580.95.05      CUDA Version: 13.0     |
+-----------------------------------------+------------------------+----------------------+
| GPU  Name                 Persistence-M | Bus-Id          Disp.A | Volatile Uncorr. ECC |
| Fan  Temp   Perf          Pwr:Usage/Cap |           Memory-Usage | GPU-Util  Compute M. |
|                                         |                        |               MIG M. |
|=========================================+========================+======================|
|   0  NVIDIA A16                     Off |   00000000:00:10.0 Off |                    0 |
|  0%   64C    P0             43W /   62W |     546MiB /  15356MiB |     37%      Default |
|                                         |                        |                  N/A |
+-----------------------------------------+------------------------+----------------------+

+-----------------------------------------------------------------------------------------+
| Processes:                                                                              |
|  GPU   GI   CI              PID   Type   Process name                        GPU Memory |
|        ID   ID                                                               Usage      |
|=========================================================================================|
|    0   N/A  N/A            1147      G   /usr/lib/xorg/Xorg                        4MiB |
|    0   N/A  N/A         2598792      C   /opt/conda/bin/python                   524MiB |
+-----------------------------------------------------------------------------------------+
-------------------------------------
2026-01-05 16:58:21
Mon Jan  5 16:58:21 2026       
+-----------------------------------------------------------------------------------------+
| NVIDIA-SMI 580.95.05              Driver Version: 580.95.05      CUDA Version: 13.0     |
+-----------------------------------------+------------------------+----------------------+
| GPU  Name                 Persistence-M | Bus-Id          Disp.A | Volatile Uncorr. ECC |
| Fan  Temp   Perf          Pwr:Usage/Cap |           Memory-Usage | GPU-Util  Compute M. |
|                                         |                        |               MIG M. |
|=========================================+========================+======================|
|   0  NVIDIA A16                     Off |   00000000:00:10.0 Off |                    0 |
|  0%   64C    P0             43W /   62W |     546MiB /  15356MiB |     37%      Default |
|                                         |                        |                  N/A |
+-----------------------------------------+------------------------+----------------------+

+-----------------------------------------------------------------------------------------+
| Processes:                                                                              |
|  GPU   GI   CI              PID   Type   Process name                        GPU Memory |
|        ID   ID                                                               Usage      |
|=========================================================================================|
|    0   N/A  N/A            1147      G   /usr/lib/xorg/Xorg                        4MiB |
|    0   N/A  N/A         2598792      C   /opt/conda/bin/python                   524MiB |
+-----------------------------------------------------------------------------------------+
-------------------------------------
2026-01-05 16:58:23
Mon Jan  5 16:58:23 2026       
+-----------------------------------------------------------------------------------------+
| NVIDIA-SMI 580.95.05              Driver Version: 580.95.05      CUDA Version: 13.0     |
+-----------------------------------------+------------------------+----------------------+
| GPU  Name                 Persistence-M | Bus-Id          Disp.A | Volatile Uncorr. ECC |
| Fan  Temp   Perf          Pwr:Usage/Cap |           Memory-Usage | GPU-Util  Compute M. |
|                                         |                        |               MIG M. |
|=========================================+========================+======================|
|   0  NVIDIA A16                     Off |   00000000:00:10.0 Off |                    0 |
|  0%   64C    P0             43W /   62W |     546MiB /  15356MiB |     35%      Default |
|                                         |                        |                  N/A |
+-----------------------------------------+------------------------+----------------------+

+-----------------------------------------------------------------------------------------+
| Processes:                                                                              |
|  GPU   GI   CI              PID   Type   Process name                        GPU Memory |
|        ID   ID                                                               Usage      |
|=========================================================================================|
|    0   N/A  N/A            1147      G   /usr/lib/xorg/Xorg                        4MiB |
|    0   N/A  N/A         2598792      C   /opt/conda/bin/python                   524MiB |
+-----------------------------------------------------------------------------------------+
-------------------------------------
2026-01-05 16:58:25
Mon Jan  5 16:58:25 2026       
+-----------------------------------------------------------------------------------------+
| NVIDIA-SMI 580.95.05              Driver Version: 580.95.05      CUDA Version: 13.0     |
+-----------------------------------------+------------------------+----------------------+
| GPU  Name                 Persistence-M | Bus-Id          Disp.A | Volatile Uncorr. ECC |
| Fan  Temp   Perf          Pwr:Usage/Cap |           Memory-Usage | GPU-Util  Compute M. |
|                                         |                        |               MIG M. |
|=========================================+========================+======================|
|   0  NVIDIA A16                     Off |   00000000:00:10.0 Off |                    0 |
|  0%   64C    P0             43W /   62W |     546MiB /  15356MiB |     37%      Default |
|                                         |                        |                  N/A |
+-----------------------------------------+------------------------+----------------------+

+-----------------------------------------------------------------------------------------+
| Processes:                                                                              |
|  GPU   GI   CI              PID   Type   Process name                        GPU Memory |
|        ID   ID                                                               Usage      |
|=========================================================================================|
|    0   N/A  N/A            1147      G   /usr/lib/xorg/Xorg                        4MiB |
|    0   N/A  N/A         2598792      C   /opt/conda/bin/python                   524MiB |
+-----------------------------------------------------------------------------------------+
-------------------------------------
2026-01-05 16:58:27
Mon Jan  5 16:58:27 2026       
+-----------------------------------------------------------------------------------------+
| NVIDIA-SMI 580.95.05              Driver Version: 580.95.05      CUDA Version: 13.0     |
+-----------------------------------------+------------------------+----------------------+
| GPU  Name                 Persistence-M | Bus-Id          Disp.A | Volatile Uncorr. ECC |
| Fan  Temp   Perf          Pwr:Usage/Cap |           Memory-Usage | GPU-Util  Compute M. |
|                                         |                        |               MIG M. |
|=========================================+========================+======================|
|   0  NVIDIA A16                     Off |   00000000:00:10.0 Off |                    0 |
|  0%   64C    P0             42W /   62W |     546MiB /  15356MiB |     38%      Default |
|                                         |                        |                  N/A |
+-----------------------------------------+------------------------+----------------------+

+-----------------------------------------------------------------------------------------+
| Processes:                                                                              |
|  GPU   GI   CI              PID   Type   Process name                        GPU Memory |
|        ID   ID                                                               Usage      |
|=========================================================================================|
|    0   N/A  N/A            1147      G   /usr/lib/xorg/Xorg                        4MiB |
|    0   N/A  N/A         2598792      C   /opt/conda/bin/python                   524MiB |
+-----------------------------------------------------------------------------------------+
-------------------------------------
2026-01-05 16:58:29
Mon Jan  5 16:58:29 2026       
+-----------------------------------------------------------------------------------------+
| NVIDIA-SMI 580.95.05              Driver Version: 580.95.05      CUDA Version: 13.0     |
+-----------------------------------------+------------------------+----------------------+
| GPU  Name                 Persistence-M | Bus-Id          Disp.A | Volatile Uncorr. ECC |
| Fan  Temp   Perf          Pwr:Usage/Cap |           Memory-Usage | GPU-Util  Compute M. |
|                                         |                        |               MIG M. |
|=========================================+========================+======================|
|   0  NVIDIA A16                     Off |   00000000:00:10.0 Off |                    0 |
|  0%   64C    P0             42W /   62W |     546MiB /  15356MiB |     37%      Default |
|                                         |                        |                  N/A |
+-----------------------------------------+------------------------+----------------------+

+-----------------------------------------------------------------------------------------+
| Processes:                                                                              |
|  GPU   GI   CI              PID   Type   Process name                        GPU Memory |
|        ID   ID                                                               Usage      |
|=========================================================================================|
|    0   N/A  N/A            1147      G   /usr/lib/xorg/Xorg                        4MiB |
|    0   N/A  N/A         2598792      C   /opt/conda/bin/python                   524MiB |
+-----------------------------------------------------------------------------------------+
-------------------------------------
2026-01-05 16:58:32
Mon Jan  5 16:58:32 2026       
+-----------------------------------------------------------------------------------------+
| NVIDIA-SMI 580.95.05              Driver Version: 580.95.05      CUDA Version: 13.0     |
+-----------------------------------------+------------------------+----------------------+
| GPU  Name                 Persistence-M | Bus-Id          Disp.A | Volatile Uncorr. ECC |
| Fan  Temp   Perf          Pwr:Usage/Cap |           Memory-Usage | GPU-Util  Compute M. |
|                                         |                        |               MIG M. |
|=========================================+========================+======================|
|   0  NVIDIA A16                     Off |   00000000:00:10.0 Off |                    0 |
|  0%   64C    P0             43W /   62W |     546MiB /  15356MiB |     36%      Default |
|                                         |                        |                  N/A |
+-----------------------------------------+------------------------+----------------------+

+-----------------------------------------------------------------------------------------+
| Processes:                                                                              |
|  GPU   GI   CI              PID   Type   Process name                        GPU Memory |
|        ID   ID                                                               Usage      |
|=========================================================================================|
|    0   N/A  N/A            1147      G   /usr/lib/xorg/Xorg                        4MiB |
|    0   N/A  N/A         2598792      C   /opt/conda/bin/python                   524MiB |
+-----------------------------------------------------------------------------------------+
-------------------------------------
2026-01-05 16:58:34
Mon Jan  5 16:58:34 2026       
+-----------------------------------------------------------------------------------------+
| NVIDIA-SMI 580.95.05              Driver Version: 580.95.05      CUDA Version: 13.0     |
+-----------------------------------------+------------------------+----------------------+
| GPU  Name                 Persistence-M | Bus-Id          Disp.A | Volatile Uncorr. ECC |
| Fan  Temp   Perf          Pwr:Usage/Cap |           Memory-Usage | GPU-Util  Compute M. |
|                                         |                        |               MIG M. |
|=========================================+========================+======================|
|   0  NVIDIA A16                     Off |   00000000:00:10.0 Off |                    0 |
|  0%   64C    P0             43W /   62W |     546MiB /  15356MiB |     38%      Default |
|                                         |                        |                  N/A |
+-----------------------------------------+------------------------+----------------------+

+-----------------------------------------------------------------------------------------+
| Processes:                                                                              |
|  GPU   GI   CI              PID   Type   Process name                        GPU Memory |
|        ID   ID                                                               Usage      |
|=========================================================================================|
|    0   N/A  N/A            1147      G   /usr/lib/xorg/Xorg                        4MiB |
|    0   N/A  N/A         2598792      C   /opt/conda/bin/python                   524MiB |
+-----------------------------------------------------------------------------------------+
-------------------------------------
2026-01-05 16:58:36
Mon Jan  5 16:58:36 2026       
+-----------------------------------------------------------------------------------------+
| NVIDIA-SMI 580.95.05              Driver Version: 580.95.05      CUDA Version: 13.0     |
+-----------------------------------------+------------------------+----------------------+
| GPU  Name                 Persistence-M | Bus-Id          Disp.A | Volatile Uncorr. ECC |
| Fan  Temp   Perf          Pwr:Usage/Cap |           Memory-Usage | GPU-Util  Compute M. |
|                                         |                        |               MIG M. |
|=========================================+========================+======================|
|   0  NVIDIA A16                     Off |   00000000:00:10.0 Off |                    0 |
|  0%   64C    P0             43W /   62W |     546MiB /  15356MiB |     35%      Default |
|                                         |                        |                  N/A |
+-----------------------------------------+------------------------+----------------------+

+-----------------------------------------------------------------------------------------+
| Processes:                                                                              |
|  GPU   GI   CI              PID   Type   Process name                        GPU Memory |
|        ID   ID                                                               Usage      |
|=========================================================================================|
|    0   N/A  N/A            1147      G   /usr/lib/xorg/Xorg                        4MiB |
|    0   N/A  N/A         2598792      C   /opt/conda/bin/python                   524MiB |
+-----------------------------------------------------------------------------------------+
-------------------------------------
2026-01-05 16:58:38
Mon Jan  5 16:58:38 2026       
+-----------------------------------------------------------------------------------------+
| NVIDIA-SMI 580.95.05              Driver Version: 580.95.05      CUDA Version: 13.0     |
+-----------------------------------------+------------------------+----------------------+
| GPU  Name                 Persistence-M | Bus-Id          Disp.A | Volatile Uncorr. ECC |
| Fan  Temp   Perf          Pwr:Usage/Cap |           Memory-Usage | GPU-Util  Compute M. |
|                                         |                        |               MIG M. |
|=========================================+========================+======================|
|   0  NVIDIA A16                     Off |   00000000:00:10.0 Off |                    0 |
|  0%   64C    P0             43W /   62W |     546MiB /  15356MiB |     35%      Default |
|                                         |                        |                  N/A |
+-----------------------------------------+------------------------+----------------------+

+-----------------------------------------------------------------------------------------+
| Processes:                                                                              |
|  GPU   GI   CI              PID   Type   Process name                        GPU Memory |
|        ID   ID                                                               Usage      |
|=========================================================================================|
|    0   N/A  N/A            1147      G   /usr/lib/xorg/Xorg                        4MiB |
|    0   N/A  N/A         2598792      C   /opt/conda/bin/python                   524MiB |
+-----------------------------------------------------------------------------------------+
-------------------------------------
2026-01-05 16:58:40
Mon Jan  5 16:58:40 2026       
+-----------------------------------------------------------------------------------------+
| NVIDIA-SMI 580.95.05              Driver Version: 580.95.05      CUDA Version: 13.0     |
+-----------------------------------------+------------------------+----------------------+
| GPU  Name                 Persistence-M | Bus-Id          Disp.A | Volatile Uncorr. ECC |
| Fan  Temp   Perf          Pwr:Usage/Cap |           Memory-Usage | GPU-Util  Compute M. |
|                                         |                        |               MIG M. |
|=========================================+========================+======================|
|   0  NVIDIA A16                     Off |   00000000:00:10.0 Off |                    0 |
|  0%   64C    P0             43W /   62W |     546MiB /  15356MiB |     35%      Default |
|                                         |                        |                  N/A |
+-----------------------------------------+------------------------+----------------------+

+-----------------------------------------------------------------------------------------+
| Processes:                                                                              |
|  GPU   GI   CI              PID   Type   Process name                        GPU Memory |
|        ID   ID                                                               Usage      |
|=========================================================================================|
|    0   N/A  N/A            1147      G   /usr/lib/xorg/Xorg                        4MiB |
|    0   N/A  N/A         2598792      C   /opt/conda/bin/python                   524MiB |
+-----------------------------------------------------------------------------------------+
-------------------------------------
2026-01-05 16:58:43
Mon Jan  5 16:58:43 2026       
+-----------------------------------------------------------------------------------------+
| NVIDIA-SMI 580.95.05              Driver Version: 580.95.05      CUDA Version: 13.0     |
+-----------------------------------------+------------------------+----------------------+
| GPU  Name                 Persistence-M | Bus-Id          Disp.A | Volatile Uncorr. ECC |
| Fan  Temp   Perf          Pwr:Usage/Cap |           Memory-Usage | GPU-Util  Compute M. |
|                                         |                        |               MIG M. |
|=========================================+========================+======================|
|   0  NVIDIA A16                     Off |   00000000:00:10.0 Off |                    0 |
|  0%   64C    P0             43W /   62W |     546MiB /  15356MiB |     33%      Default |
|                                         |                        |                  N/A |
+-----------------------------------------+------------------------+----------------------+

+-----------------------------------------------------------------------------------------+
| Processes:                                                                              |
|  GPU   GI   CI              PID   Type   Process name                        GPU Memory |
|        ID   ID                                                               Usage      |
|=========================================================================================|
|    0   N/A  N/A            1147      G   /usr/lib/xorg/Xorg                        4MiB |
|    0   N/A  N/A         2598792      C   /opt/conda/bin/python                   524MiB |
+-----------------------------------------------------------------------------------------+
-------------------------------------
2026-01-05 16:58:45
Mon Jan  5 16:58:45 2026       
+-----------------------------------------------------------------------------------------+
| NVIDIA-SMI 580.95.05              Driver Version: 580.95.05      CUDA Version: 13.0     |
+-----------------------------------------+------------------------+----------------------+
| GPU  Name                 Persistence-M | Bus-Id          Disp.A | Volatile Uncorr. ECC |
| Fan  Temp   Perf          Pwr:Usage/Cap |           Memory-Usage | GPU-Util  Compute M. |
|                                         |                        |               MIG M. |
|=========================================+========================+======================|
|   0  NVIDIA A16                     Off |   00000000:00:10.0 Off |                    0 |
|  0%   64C    P0             43W /   62W |     546MiB /  15356MiB |     37%      Default |
|                                         |                        |                  N/A |
+-----------------------------------------+------------------------+----------------------+

+-----------------------------------------------------------------------------------------+
| Processes:                                                                              |
|  GPU   GI   CI              PID   Type   Process name                        GPU Memory |
|        ID   ID                                                               Usage      |
|=========================================================================================|
|    0   N/A  N/A            1147      G   /usr/lib/xorg/Xorg                        4MiB |
|    0   N/A  N/A         2598792      C   /opt/conda/bin/python                   524MiB |
+-----------------------------------------------------------------------------------------+
-------------------------------------
2026-01-05 16:58:47
Mon Jan  5 16:58:47 2026       
+-----------------------------------------------------------------------------------------+
| NVIDIA-SMI 580.95.05              Driver Version: 580.95.05      CUDA Version: 13.0     |
+-----------------------------------------+------------------------+----------------------+
| GPU  Name                 Persistence-M | Bus-Id          Disp.A | Volatile Uncorr. ECC |
| Fan  Temp   Perf          Pwr:Usage/Cap |           Memory-Usage | GPU-Util  Compute M. |
|                                         |                        |               MIG M. |
|=========================================+========================+======================|
|   0  NVIDIA A16                     Off |   00000000:00:10.0 Off |                    0 |
|  0%   63C    P0             42W /   62W |     546MiB /  15356MiB |     34%      Default |
|                                         |                        |                  N/A |
+-----------------------------------------+------------------------+----------------------+

+-----------------------------------------------------------------------------------------+
| Processes:                                                                              |
|  GPU   GI   CI              PID   Type   Process name                        GPU Memory |
|        ID   ID                                                               Usage      |
|=========================================================================================|
|    0   N/A  N/A            1147      G   /usr/lib/xorg/Xorg                        4MiB |
|    0   N/A  N/A         2598792      C   /opt/conda/bin/python                   524MiB |
+-----------------------------------------------------------------------------------------+
-------------------------------------
2026-01-05 16:58:49
Mon Jan  5 16:58:49 2026       
+-----------------------------------------------------------------------------------------+
| NVIDIA-SMI 580.95.05              Driver Version: 580.95.05      CUDA Version: 13.0     |
+-----------------------------------------+------------------------+----------------------+
| GPU  Name                 Persistence-M | Bus-Id          Disp.A | Volatile Uncorr. ECC |
| Fan  Temp   Perf          Pwr:Usage/Cap |           Memory-Usage | GPU-Util  Compute M. |
|                                         |                        |               MIG M. |
|=========================================+========================+======================|
|   0  NVIDIA A16                     Off |   00000000:00:10.0 Off |                    0 |
|  0%   63C    P0             43W /   62W |     546MiB /  15356MiB |     35%      Default |
|                                         |                        |                  N/A |
+-----------------------------------------+------------------------+----------------------+

+-----------------------------------------------------------------------------------------+
| Processes:                                                                              |
|  GPU   GI   CI              PID   Type   Process name                        GPU Memory |
|        ID   ID                                                               Usage      |
|=========================================================================================|
|    0   N/A  N/A            1147      G   /usr/lib/xorg/Xorg                        4MiB |
|    0   N/A  N/A         2598792      C   /opt/conda/bin/python                   524MiB |
+-----------------------------------------------------------------------------------------+
-------------------------------------
2026-01-05 16:58:51
Mon Jan  5 16:58:51 2026       
+-----------------------------------------------------------------------------------------+
| NVIDIA-SMI 580.95.05              Driver Version: 580.95.05      CUDA Version: 13.0     |
+-----------------------------------------+------------------------+----------------------+
| GPU  Name                 Persistence-M | Bus-Id          Disp.A | Volatile Uncorr. ECC |
| Fan  Temp   Perf          Pwr:Usage/Cap |           Memory-Usage | GPU-Util  Compute M. |
|                                         |                        |               MIG M. |
|=========================================+========================+======================|
|   0  NVIDIA A16                     Off |   00000000:00:10.0 Off |                    0 |
|  0%   63C    P0             42W /   62W |     546MiB /  15356MiB |     35%      Default |
|                                         |                        |                  N/A |
+-----------------------------------------+------------------------+----------------------+

+-----------------------------------------------------------------------------------------+
| Processes:                                                                              |
|  GPU   GI   CI              PID   Type   Process name                        GPU Memory |
|        ID   ID                                                               Usage      |
|=========================================================================================|
|    0   N/A  N/A            1147      G   /usr/lib/xorg/Xorg                        4MiB |
|    0   N/A  N/A         2598792      C   /opt/conda/bin/python                   524MiB |
+-----------------------------------------------------------------------------------------+
-------------------------------------
2026-01-05 16:58:54
Mon Jan  5 16:58:54 2026       
+-----------------------------------------------------------------------------------------+
| NVIDIA-SMI 580.95.05              Driver Version: 580.95.05      CUDA Version: 13.0     |
+-----------------------------------------+------------------------+----------------------+
| GPU  Name                 Persistence-M | Bus-Id          Disp.A | Volatile Uncorr. ECC |
| Fan  Temp   Perf          Pwr:Usage/Cap |           Memory-Usage | GPU-Util  Compute M. |
|                                         |                        |               MIG M. |
|=========================================+========================+======================|
|   0  NVIDIA A16                     Off |   00000000:00:10.0 Off |                    0 |
|  0%   63C    P0             42W /   62W |     546MiB /  15356MiB |     35%      Default |
|                                         |                        |                  N/A |
+-----------------------------------------+------------------------+----------------------+

+-----------------------------------------------------------------------------------------+
| Processes:                                                                              |
|  GPU   GI   CI              PID   Type   Process name                        GPU Memory |
|        ID   ID                                                               Usage      |
|=========================================================================================|
|    0   N/A  N/A            1147      G   /usr/lib/xorg/Xorg                        4MiB |
|    0   N/A  N/A         2598792      C   /opt/conda/bin/python                   524MiB |
+-----------------------------------------------------------------------------------------+
-------------------------------------
2026-01-05 16:58:56
Mon Jan  5 16:58:56 2026       
+-----------------------------------------------------------------------------------------+
| NVIDIA-SMI 580.95.05              Driver Version: 580.95.05      CUDA Version: 13.0     |
+-----------------------------------------+------------------------+----------------------+
| GPU  Name                 Persistence-M | Bus-Id          Disp.A | Volatile Uncorr. ECC |
| Fan  Temp   Perf          Pwr:Usage/Cap |           Memory-Usage | GPU-Util  Compute M. |
|                                         |                        |               MIG M. |
|=========================================+========================+======================|
|   0  NVIDIA A16                     Off |   00000000:00:10.0 Off |                    0 |
|  0%   63C    P0             43W /   62W |     546MiB /  15356MiB |     35%      Default |
|                                         |                        |                  N/A |
+-----------------------------------------+------------------------+----------------------+

+-----------------------------------------------------------------------------------------+
| Processes:                                                                              |
|  GPU   GI   CI              PID   Type   Process name                        GPU Memory |
|        ID   ID                                                               Usage      |
|=========================================================================================|
|    0   N/A  N/A            1147      G   /usr/lib/xorg/Xorg                        4MiB |
|    0   N/A  N/A         2598792      C   /opt/conda/bin/python                   524MiB |
+-----------------------------------------------------------------------------------------+
-------------------------------------
2026-01-05 16:58:58
Mon Jan  5 16:58:58 2026       
+-----------------------------------------------------------------------------------------+
| NVIDIA-SMI 580.95.05              Driver Version: 580.95.05      CUDA Version: 13.0     |
+-----------------------------------------+------------------------+----------------------+
| GPU  Name                 Persistence-M | Bus-Id          Disp.A | Volatile Uncorr. ECC |
| Fan  Temp   Perf          Pwr:Usage/Cap |           Memory-Usage | GPU-Util  Compute M. |
|                                         |                        |               MIG M. |
|=========================================+========================+======================|
|   0  NVIDIA A16                     Off |   00000000:00:10.0 Off |                    0 |
|  0%   63C    P0             43W /   62W |     546MiB /  15356MiB |     36%      Default |
|                                         |                        |                  N/A |
+-----------------------------------------+------------------------+----------------------+

+-----------------------------------------------------------------------------------------+
| Processes:                                                                              |
|  GPU   GI   CI              PID   Type   Process name                        GPU Memory |
|        ID   ID                                                               Usage      |
|=========================================================================================|
|    0   N/A  N/A            1147      G   /usr/lib/xorg/Xorg                        4MiB |
|    0   N/A  N/A         2598792      C   /opt/conda/bin/python                   524MiB |
+-----------------------------------------------------------------------------------------+
-------------------------------------
2026-01-05 16:59:00
Mon Jan  5 16:59:00 2026       
+-----------------------------------------------------------------------------------------+
| NVIDIA-SMI 580.95.05              Driver Version: 580.95.05      CUDA Version: 13.0     |
+-----------------------------------------+------------------------+----------------------+
| GPU  Name                 Persistence-M | Bus-Id          Disp.A | Volatile Uncorr. ECC |
| Fan  Temp   Perf          Pwr:Usage/Cap |           Memory-Usage | GPU-Util  Compute M. |
|                                         |                        |               MIG M. |
|=========================================+========================+======================|
|   0  NVIDIA A16                     Off |   00000000:00:10.0 Off |                    0 |
|  0%   63C    P0             42W /   62W |     546MiB /  15356MiB |     30%      Default |
|                                         |                        |                  N/A |
+-----------------------------------------+------------------------+----------------------+

+-----------------------------------------------------------------------------------------+
| Processes:                                                                              |
|  GPU   GI   CI              PID   Type   Process name                        GPU Memory |
|        ID   ID                                                               Usage      |
|=========================================================================================|
|    0   N/A  N/A            1147      G   /usr/lib/xorg/Xorg                        4MiB |
|    0   N/A  N/A         2598792      C   /opt/conda/bin/python                   524MiB |
+-----------------------------------------------------------------------------------------+
-------------------------------------
2026-01-05 16:59:02
Mon Jan  5 16:59:02 2026       
+-----------------------------------------------------------------------------------------+
| NVIDIA-SMI 580.95.05              Driver Version: 580.95.05      CUDA Version: 13.0     |
+-----------------------------------------+------------------------+----------------------+
| GPU  Name                 Persistence-M | Bus-Id          Disp.A | Volatile Uncorr. ECC |
| Fan  Temp   Perf          Pwr:Usage/Cap |           Memory-Usage | GPU-Util  Compute M. |
|                                         |                        |               MIG M. |
|=========================================+========================+======================|
|   0  NVIDIA A16                     Off |   00000000:00:10.0 Off |                    0 |
|  0%   63C    P0             43W /   62W |     546MiB /  15356MiB |     39%      Default |
|                                         |                        |                  N/A |
+-----------------------------------------+------------------------+----------------------+

+-----------------------------------------------------------------------------------------+
| Processes:                                                                              |
|  GPU   GI   CI              PID   Type   Process name                        GPU Memory |
|        ID   ID                                                               Usage      |
|=========================================================================================|
|    0   N/A  N/A            1147      G   /usr/lib/xorg/Xorg                        4MiB |
|    0   N/A  N/A         2598792      C   /opt/conda/bin/python                   524MiB |
+-----------------------------------------------------------------------------------------+
-------------------------------------
2026-01-05 16:59:05
Mon Jan  5 16:59:05 2026       
+-----------------------------------------------------------------------------------------+
| NVIDIA-SMI 580.95.05              Driver Version: 580.95.05      CUDA Version: 13.0     |
+-----------------------------------------+------------------------+----------------------+
| GPU  Name                 Persistence-M | Bus-Id          Disp.A | Volatile Uncorr. ECC |
| Fan  Temp   Perf          Pwr:Usage/Cap |           Memory-Usage | GPU-Util  Compute M. |
|                                         |                        |               MIG M. |
|=========================================+========================+======================|
|   0  NVIDIA A16                     Off |   00000000:00:10.0 Off |                    0 |
|  0%   63C    P0             43W /   62W |     546MiB /  15356MiB |     37%      Default |
|                                         |                        |                  N/A |
+-----------------------------------------+------------------------+----------------------+

+-----------------------------------------------------------------------------------------+
| Processes:                                                                              |
|  GPU   GI   CI              PID   Type   Process name                        GPU Memory |
|        ID   ID                                                               Usage      |
|=========================================================================================|
|    0   N/A  N/A            1147      G   /usr/lib/xorg/Xorg                        4MiB |
|    0   N/A  N/A         2598792      C   /opt/conda/bin/python                   524MiB |
+-----------------------------------------------------------------------------------------+
-------------------------------------
2026-01-05 16:59:07
Mon Jan  5 16:59:07 2026       
+-----------------------------------------------------------------------------------------+
| NVIDIA-SMI 580.95.05              Driver Version: 580.95.05      CUDA Version: 13.0     |
+-----------------------------------------+------------------------+----------------------+
| GPU  Name                 Persistence-M | Bus-Id          Disp.A | Volatile Uncorr. ECC |
| Fan  Temp   Perf          Pwr:Usage/Cap |           Memory-Usage | GPU-Util  Compute M. |
|                                         |                        |               MIG M. |
|=========================================+========================+======================|
|   0  NVIDIA A16                     Off |   00000000:00:10.0 Off |                    0 |
|  0%   63C    P0             42W /   62W |     546MiB /  15356MiB |     37%      Default |
|                                         |                        |                  N/A |
+-----------------------------------------+------------------------+----------------------+

+-----------------------------------------------------------------------------------------+
| Processes:                                                                              |
|  GPU   GI   CI              PID   Type   Process name                        GPU Memory |
|        ID   ID                                                               Usage      |
|=========================================================================================|
|    0   N/A  N/A            1147      G   /usr/lib/xorg/Xorg                        4MiB |
|    0   N/A  N/A         2598792      C   /opt/conda/bin/python                   524MiB |
+-----------------------------------------------------------------------------------------+
-------------------------------------
2026-01-05 16:59:09
Mon Jan  5 16:59:09 2026       
+-----------------------------------------------------------------------------------------+
| NVIDIA-SMI 580.95.05              Driver Version: 580.95.05      CUDA Version: 13.0     |
+-----------------------------------------+------------------------+----------------------+
| GPU  Name                 Persistence-M | Bus-Id          Disp.A | Volatile Uncorr. ECC |
| Fan  Temp   Perf          Pwr:Usage/Cap |           Memory-Usage | GPU-Util  Compute M. |
|                                         |                        |               MIG M. |
|=========================================+========================+======================|
|   0  NVIDIA A16                     Off |   00000000:00:10.0 Off |                    0 |
|  0%   63C    P0             43W /   62W |     546MiB /  15356MiB |     34%      Default |
|                                         |                        |                  N/A |
+-----------------------------------------+------------------------+----------------------+

+-----------------------------------------------------------------------------------------+
| Processes:                                                                              |
|  GPU   GI   CI              PID   Type   Process name                        GPU Memory |
|        ID   ID                                                               Usage      |
|=========================================================================================|
|    0   N/A  N/A            1147      G   /usr/lib/xorg/Xorg                        4MiB |
|    0   N/A  N/A         2598792      C   /opt/conda/bin/python                   524MiB |
+-----------------------------------------------------------------------------------------+
-------------------------------------
2026-01-05 16:59:11
Mon Jan  5 16:59:11 2026       
+-----------------------------------------------------------------------------------------+
| NVIDIA-SMI 580.95.05              Driver Version: 580.95.05      CUDA Version: 13.0     |
+-----------------------------------------+------------------------+----------------------+
| GPU  Name                 Persistence-M | Bus-Id          Disp.A | Volatile Uncorr. ECC |
| Fan  Temp   Perf          Pwr:Usage/Cap |           Memory-Usage | GPU-Util  Compute M. |
|                                         |                        |               MIG M. |
|=========================================+========================+======================|
|   0  NVIDIA A16                     Off |   00000000:00:10.0 Off |                    0 |
|  0%   63C    P0             42W /   62W |     546MiB /  15356MiB |     32%      Default |
|                                         |                        |                  N/A |
+-----------------------------------------+------------------------+----------------------+

+-----------------------------------------------------------------------------------------+
| Processes:                                                                              |
|  GPU   GI   CI              PID   Type   Process name                        GPU Memory |
|        ID   ID                                                               Usage      |
|=========================================================================================|
|    0   N/A  N/A            1147      G   /usr/lib/xorg/Xorg                        4MiB |
|    0   N/A  N/A         2598792      C   /opt/conda/bin/python                   524MiB |
+-----------------------------------------------------------------------------------------+
-------------------------------------
2026-01-05 16:59:13
Mon Jan  5 16:59:13 2026       
+-----------------------------------------------------------------------------------------+
| NVIDIA-SMI 580.95.05              Driver Version: 580.95.05      CUDA Version: 13.0     |
+-----------------------------------------+------------------------+----------------------+
| GPU  Name                 Persistence-M | Bus-Id          Disp.A | Volatile Uncorr. ECC |
| Fan  Temp   Perf          Pwr:Usage/Cap |           Memory-Usage | GPU-Util  Compute M. |
|                                         |                        |               MIG M. |
|=========================================+========================+======================|
|   0  NVIDIA A16                     Off |   00000000:00:10.0 Off |                    0 |
|  0%   63C    P0             43W /   62W |     546MiB /  15356MiB |     39%      Default |
|                                         |                        |                  N/A |
+-----------------------------------------+------------------------+----------------------+

+-----------------------------------------------------------------------------------------+
| Processes:                                                                              |
|  GPU   GI   CI              PID   Type   Process name                        GPU Memory |
|        ID   ID                                                               Usage      |
|=========================================================================================|
|    0   N/A  N/A            1147      G   /usr/lib/xorg/Xorg                        4MiB |
|    0   N/A  N/A         2598792      C   /opt/conda/bin/python                   524MiB |
+-----------------------------------------------------------------------------------------+
-------------------------------------
2026-01-05 16:59:16
Mon Jan  5 16:59:16 2026       
+-----------------------------------------------------------------------------------------+
| NVIDIA-SMI 580.95.05              Driver Version: 580.95.05      CUDA Version: 13.0     |
+-----------------------------------------+------------------------+----------------------+
| GPU  Name                 Persistence-M | Bus-Id          Disp.A | Volatile Uncorr. ECC |
| Fan  Temp   Perf          Pwr:Usage/Cap |           Memory-Usage | GPU-Util  Compute M. |
|                                         |                        |               MIG M. |
|=========================================+========================+======================|
|   0  NVIDIA A16                     Off |   00000000:00:10.0 Off |                    0 |
|  0%   63C    P0             43W /   62W |     546MiB /  15356MiB |     34%      Default |
|                                         |                        |                  N/A |
+-----------------------------------------+------------------------+----------------------+

+-----------------------------------------------------------------------------------------+
| Processes:                                                                              |
|  GPU   GI   CI              PID   Type   Process name                        GPU Memory |
|        ID   ID                                                               Usage      |
|=========================================================================================|
|    0   N/A  N/A            1147      G   /usr/lib/xorg/Xorg                        4MiB |
|    0   N/A  N/A         2598792      C   /opt/conda/bin/python                   524MiB |
+-----------------------------------------------------------------------------------------+
-------------------------------------
2026-01-05 16:59:18
Mon Jan  5 16:59:18 2026       
+-----------------------------------------------------------------------------------------+
| NVIDIA-SMI 580.95.05              Driver Version: 580.95.05      CUDA Version: 13.0     |
+-----------------------------------------+------------------------+----------------------+
| GPU  Name                 Persistence-M | Bus-Id          Disp.A | Volatile Uncorr. ECC |
| Fan  Temp   Perf          Pwr:Usage/Cap |           Memory-Usage | GPU-Util  Compute M. |
|                                         |                        |               MIG M. |
|=========================================+========================+======================|
|   0  NVIDIA A16                     Off |   00000000:00:10.0 Off |                    0 |
|  0%   63C    P0             43W /   62W |     546MiB /  15356MiB |     39%      Default |
|                                         |                        |                  N/A |
+-----------------------------------------+------------------------+----------------------+

+-----------------------------------------------------------------------------------------+
| Processes:                                                                              |
|  GPU   GI   CI              PID   Type   Process name                        GPU Memory |
|        ID   ID                                                               Usage      |
|=========================================================================================|
|    0   N/A  N/A            1147      G   /usr/lib/xorg/Xorg                        4MiB |
|    0   N/A  N/A         2598792      C   /opt/conda/bin/python                   524MiB |
+-----------------------------------------------------------------------------------------+
-------------------------------------
2026-01-05 16:59:20
Mon Jan  5 16:59:20 2026       
+-----------------------------------------------------------------------------------------+
| NVIDIA-SMI 580.95.05              Driver Version: 580.95.05      CUDA Version: 13.0     |
+-----------------------------------------+------------------------+----------------------+
| GPU  Name                 Persistence-M | Bus-Id          Disp.A | Volatile Uncorr. ECC |
| Fan  Temp   Perf          Pwr:Usage/Cap |           Memory-Usage | GPU-Util  Compute M. |
|                                         |                        |               MIG M. |
|=========================================+========================+======================|
|   0  NVIDIA A16                     Off |   00000000:00:10.0 Off |                    0 |
|  0%   63C    P0             42W /   62W |     546MiB /  15356MiB |     35%      Default |
|                                         |                        |                  N/A |
+-----------------------------------------+------------------------+----------------------+

+-----------------------------------------------------------------------------------------+
| Processes:                                                                              |
|  GPU   GI   CI              PID   Type   Process name                        GPU Memory |
|        ID   ID                                                               Usage      |
|=========================================================================================|
|    0   N/A  N/A            1147      G   /usr/lib/xorg/Xorg                        4MiB |
|    0   N/A  N/A         2598792      C   /opt/conda/bin/python                   524MiB |
+-----------------------------------------------------------------------------------------+
-------------------------------------
2026-01-05 16:59:22
Mon Jan  5 16:59:22 2026       
+-----------------------------------------------------------------------------------------+
| NVIDIA-SMI 580.95.05              Driver Version: 580.95.05      CUDA Version: 13.0     |
+-----------------------------------------+------------------------+----------------------+
| GPU  Name                 Persistence-M | Bus-Id          Disp.A | Volatile Uncorr. ECC |
| Fan  Temp   Perf          Pwr:Usage/Cap |           Memory-Usage | GPU-Util  Compute M. |
|                                         |                        |               MIG M. |
|=========================================+========================+======================|
|   0  NVIDIA A16                     Off |   00000000:00:10.0 Off |                    0 |
|  0%   63C    P0             42W /   62W |     546MiB /  15356MiB |     39%      Default |
|                                         |                        |                  N/A |
+-----------------------------------------+------------------------+----------------------+

+-----------------------------------------------------------------------------------------+
| Processes:                                                                              |
|  GPU   GI   CI              PID   Type   Process name                        GPU Memory |
|        ID   ID                                                               Usage      |
|=========================================================================================|
|    0   N/A  N/A            1147      G   /usr/lib/xorg/Xorg                        4MiB |
|    0   N/A  N/A         2598792      C   /opt/conda/bin/python                   524MiB |
+-----------------------------------------------------------------------------------------+
-------------------------------------
2026-01-05 16:59:24
Mon Jan  5 16:59:24 2026       
+-----------------------------------------------------------------------------------------+
| NVIDIA-SMI 580.95.05              Driver Version: 580.95.05      CUDA Version: 13.0     |
+-----------------------------------------+------------------------+----------------------+
| GPU  Name                 Persistence-M | Bus-Id          Disp.A | Volatile Uncorr. ECC |
| Fan  Temp   Perf          Pwr:Usage/Cap |           Memory-Usage | GPU-Util  Compute M. |
|                                         |                        |               MIG M. |
|=========================================+========================+======================|
|   0  NVIDIA A16                     Off |   00000000:00:10.0 Off |                    0 |
|  0%   63C    P0             43W /   62W |     546MiB /  15356MiB |     35%      Default |
|                                         |                        |                  N/A |
+-----------------------------------------+------------------------+----------------------+

+-----------------------------------------------------------------------------------------+
| Processes:                                                                              |
|  GPU   GI   CI              PID   Type   Process name                        GPU Memory |
|        ID   ID                                                               Usage      |
|=========================================================================================|
|    0   N/A  N/A            1147      G   /usr/lib/xorg/Xorg                        4MiB |
|    0   N/A  N/A         2598792      C   /opt/conda/bin/python                   524MiB |
+-----------------------------------------------------------------------------------------+
-------------------------------------
2026-01-05 16:59:27
Mon Jan  5 16:59:27 2026       
+-----------------------------------------------------------------------------------------+
| NVIDIA-SMI 580.95.05              Driver Version: 580.95.05      CUDA Version: 13.0     |
+-----------------------------------------+------------------------+----------------------+
| GPU  Name                 Persistence-M | Bus-Id          Disp.A | Volatile Uncorr. ECC |
| Fan  Temp   Perf          Pwr:Usage/Cap |           Memory-Usage | GPU-Util  Compute M. |
|                                         |                        |               MIG M. |
|=========================================+========================+======================|
|   0  NVIDIA A16                     Off |   00000000:00:10.0 Off |                    0 |
|  0%   63C    P0             43W /   62W |     546MiB /  15356MiB |     37%      Default |
|                                         |                        |                  N/A |
+-----------------------------------------+------------------------+----------------------+

+-----------------------------------------------------------------------------------------+
| Processes:                                                                              |
|  GPU   GI   CI              PID   Type   Process name                        GPU Memory |
|        ID   ID                                                               Usage      |
|=========================================================================================|
|    0   N/A  N/A            1147      G   /usr/lib/xorg/Xorg                        4MiB |
|    0   N/A  N/A         2598792      C   /opt/conda/bin/python                   524MiB |
+-----------------------------------------------------------------------------------------+
-------------------------------------
2026-01-05 16:59:29
Mon Jan  5 16:59:29 2026       
+-----------------------------------------------------------------------------------------+
| NVIDIA-SMI 580.95.05              Driver Version: 580.95.05      CUDA Version: 13.0     |
+-----------------------------------------+------------------------+----------------------+
| GPU  Name                 Persistence-M | Bus-Id          Disp.A | Volatile Uncorr. ECC |
| Fan  Temp   Perf          Pwr:Usage/Cap |           Memory-Usage | GPU-Util  Compute M. |
|                                         |                        |               MIG M. |
|=========================================+========================+======================|
|   0  NVIDIA A16                     Off |   00000000:00:10.0 Off |                    0 |
|  0%   63C    P0             43W /   62W |     546MiB /  15356MiB |     38%      Default |
|                                         |                        |                  N/A |
+-----------------------------------------+------------------------+----------------------+

+-----------------------------------------------------------------------------------------+
| Processes:                                                                              |
|  GPU   GI   CI              PID   Type   Process name                        GPU Memory |
|        ID   ID                                                               Usage      |
|=========================================================================================|
|    0   N/A  N/A            1147      G   /usr/lib/xorg/Xorg                        4MiB |
|    0   N/A  N/A         2598792      C   /opt/conda/bin/python                   524MiB |
+-----------------------------------------------------------------------------------------+
-------------------------------------
2026-01-05 16:59:31
Mon Jan  5 16:59:31 2026       
+-----------------------------------------------------------------------------------------+
| NVIDIA-SMI 580.95.05              Driver Version: 580.95.05      CUDA Version: 13.0     |
+-----------------------------------------+------------------------+----------------------+
| GPU  Name                 Persistence-M | Bus-Id          Disp.A | Volatile Uncorr. ECC |
| Fan  Temp   Perf          Pwr:Usage/Cap |           Memory-Usage | GPU-Util  Compute M. |
|                                         |                        |               MIG M. |
|=========================================+========================+======================|
|   0  NVIDIA A16                     Off |   00000000:00:10.0 Off |                    0 |
|  0%   63C    P0             42W /   62W |     546MiB /  15356MiB |     37%      Default |
|                                         |                        |                  N/A |
+-----------------------------------------+------------------------+----------------------+

+-----------------------------------------------------------------------------------------+
| Processes:                                                                              |
|  GPU   GI   CI              PID   Type   Process name                        GPU Memory |
|        ID   ID                                                               Usage      |
|=========================================================================================|
|    0   N/A  N/A            1147      G   /usr/lib/xorg/Xorg                        4MiB |
|    0   N/A  N/A         2598792      C   /opt/conda/bin/python                   524MiB |
+-----------------------------------------------------------------------------------------+
-------------------------------------
2026-01-05 16:59:33
Mon Jan  5 16:59:33 2026       
+-----------------------------------------------------------------------------------------+
| NVIDIA-SMI 580.95.05              Driver Version: 580.95.05      CUDA Version: 13.0     |
+-----------------------------------------+------------------------+----------------------+
| GPU  Name                 Persistence-M | Bus-Id          Disp.A | Volatile Uncorr. ECC |
| Fan  Temp   Perf          Pwr:Usage/Cap |           Memory-Usage | GPU-Util  Compute M. |
|                                         |                        |               MIG M. |
|=========================================+========================+======================|
|   0  NVIDIA A16                     Off |   00000000:00:10.0 Off |                    0 |
|  0%   63C    P0             43W /   62W |     546MiB /  15356MiB |     36%      Default |
|                                         |                        |                  N/A |
+-----------------------------------------+------------------------+----------------------+

+-----------------------------------------------------------------------------------------+
| Processes:                                                                              |
|  GPU   GI   CI              PID   Type   Process name                        GPU Memory |
|        ID   ID                                                               Usage      |
|=========================================================================================|
|    0   N/A  N/A            1147      G   /usr/lib/xorg/Xorg                        4MiB |
|    0   N/A  N/A         2598792      C   /opt/conda/bin/python                   524MiB |
+-----------------------------------------------------------------------------------------+
-------------------------------------
2026-01-05 16:59:36
Mon Jan  5 16:59:36 2026       
+-----------------------------------------------------------------------------------------+
| NVIDIA-SMI 580.95.05              Driver Version: 580.95.05      CUDA Version: 13.0     |
+-----------------------------------------+------------------------+----------------------+
| GPU  Name                 Persistence-M | Bus-Id          Disp.A | Volatile Uncorr. ECC |
| Fan  Temp   Perf          Pwr:Usage/Cap |           Memory-Usage | GPU-Util  Compute M. |
|                                         |                        |               MIG M. |
|=========================================+========================+======================|
|   0  NVIDIA A16                     Off |   00000000:00:10.0 Off |                    0 |
|  0%   63C    P0             43W /   62W |     546MiB /  15356MiB |     35%      Default |
|                                         |                        |                  N/A |
+-----------------------------------------+------------------------+----------------------+

+-----------------------------------------------------------------------------------------+
| Processes:                                                                              |
|  GPU   GI   CI              PID   Type   Process name                        GPU Memory |
|        ID   ID                                                               Usage      |
|=========================================================================================|
|    0   N/A  N/A            1147      G   /usr/lib/xorg/Xorg                        4MiB |
|    0   N/A  N/A         2598792      C   /opt/conda/bin/python                   524MiB |
+-----------------------------------------------------------------------------------------+
-------------------------------------
2026-01-05 16:59:38
Mon Jan  5 16:59:38 2026       
+-----------------------------------------------------------------------------------------+
| NVIDIA-SMI 580.95.05              Driver Version: 580.95.05      CUDA Version: 13.0     |
+-----------------------------------------+------------------------+----------------------+
| GPU  Name                 Persistence-M | Bus-Id          Disp.A | Volatile Uncorr. ECC |
| Fan  Temp   Perf          Pwr:Usage/Cap |           Memory-Usage | GPU-Util  Compute M. |
|                                         |                        |               MIG M. |
|=========================================+========================+======================|
|   0  NVIDIA A16                     Off |   00000000:00:10.0 Off |                    0 |
|  0%   63C    P0             43W /   62W |     546MiB /  15356MiB |     39%      Default |
|                                         |                        |                  N/A |
+-----------------------------------------+------------------------+----------------------+

+-----------------------------------------------------------------------------------------+
| Processes:                                                                              |
|  GPU   GI   CI              PID   Type   Process name                        GPU Memory |
|        ID   ID                                                               Usage      |
|=========================================================================================|
|    0   N/A  N/A            1147      G   /usr/lib/xorg/Xorg                        4MiB |
|    0   N/A  N/A         2598792      C   /opt/conda/bin/python                   524MiB |
+-----------------------------------------------------------------------------------------+
-------------------------------------
2026-01-05 16:59:40
Mon Jan  5 16:59:40 2026       
+-----------------------------------------------------------------------------------------+
| NVIDIA-SMI 580.95.05              Driver Version: 580.95.05      CUDA Version: 13.0     |
+-----------------------------------------+------------------------+----------------------+
| GPU  Name                 Persistence-M | Bus-Id          Disp.A | Volatile Uncorr. ECC |
| Fan  Temp   Perf          Pwr:Usage/Cap |           Memory-Usage | GPU-Util  Compute M. |
|                                         |                        |               MIG M. |
|=========================================+========================+======================|
|   0  NVIDIA A16                     Off |   00000000:00:10.0 Off |                    0 |
|  0%   63C    P0             43W /   62W |     546MiB /  15356MiB |     37%      Default |
|                                         |                        |                  N/A |
+-----------------------------------------+------------------------+----------------------+

+-----------------------------------------------------------------------------------------+
| Processes:                                                                              |
|  GPU   GI   CI              PID   Type   Process name                        GPU Memory |
|        ID   ID                                                               Usage      |
|=========================================================================================|
|    0   N/A  N/A            1147      G   /usr/lib/xorg/Xorg                        4MiB |
|    0   N/A  N/A         2598792      C   /opt/conda/bin/python                   524MiB |
+-----------------------------------------------------------------------------------------+
-------------------------------------
2026-01-05 16:59:42
Mon Jan  5 16:59:42 2026       
+-----------------------------------------------------------------------------------------+
| NVIDIA-SMI 580.95.05              Driver Version: 580.95.05      CUDA Version: 13.0     |
+-----------------------------------------+------------------------+----------------------+
| GPU  Name                 Persistence-M | Bus-Id          Disp.A | Volatile Uncorr. ECC |
| Fan  Temp   Perf          Pwr:Usage/Cap |           Memory-Usage | GPU-Util  Compute M. |
|                                         |                        |               MIG M. |
|=========================================+========================+======================|
|   0  NVIDIA A16                     Off |   00000000:00:10.0 Off |                    0 |
|  0%   63C    P0             42W /   62W |     546MiB /  15356MiB |     35%      Default |
|                                         |                        |                  N/A |
+-----------------------------------------+------------------------+----------------------+

+-----------------------------------------------------------------------------------------+
| Processes:                                                                              |
|  GPU   GI   CI              PID   Type   Process name                        GPU Memory |
|        ID   ID                                                               Usage      |
|=========================================================================================|
|    0   N/A  N/A            1147      G   /usr/lib/xorg/Xorg                        4MiB |
|    0   N/A  N/A         2598792      C   /opt/conda/bin/python                   524MiB |
+-----------------------------------------------------------------------------------------+
-------------------------------------
2026-01-05 16:59:44
Mon Jan  5 16:59:44 2026       
+-----------------------------------------------------------------------------------------+
| NVIDIA-SMI 580.95.05              Driver Version: 580.95.05      CUDA Version: 13.0     |
+-----------------------------------------+------------------------+----------------------+
| GPU  Name                 Persistence-M | Bus-Id          Disp.A | Volatile Uncorr. ECC |
| Fan  Temp   Perf          Pwr:Usage/Cap |           Memory-Usage | GPU-Util  Compute M. |
|                                         |                        |               MIG M. |
|=========================================+========================+======================|
|   0  NVIDIA A16                     Off |   00000000:00:10.0 Off |                    0 |
|  0%   63C    P0             43W /   62W |     546MiB /  15356MiB |     37%      Default |
|                                         |                        |                  N/A |
+-----------------------------------------+------------------------+----------------------+

+-----------------------------------------------------------------------------------------+
| Processes:                                                                              |
|  GPU   GI   CI              PID   Type   Process name                        GPU Memory |
|        ID   ID                                                               Usage      |
|=========================================================================================|
|    0   N/A  N/A            1147      G   /usr/lib/xorg/Xorg                        4MiB |
|    0   N/A  N/A         2598792      C   /opt/conda/bin/python                   524MiB |
+-----------------------------------------------------------------------------------------+
-------------------------------------
2026-01-05 16:59:47
Mon Jan  5 16:59:47 2026       
+-----------------------------------------------------------------------------------------+
| NVIDIA-SMI 580.95.05              Driver Version: 580.95.05      CUDA Version: 13.0     |
+-----------------------------------------+------------------------+----------------------+
| GPU  Name                 Persistence-M | Bus-Id          Disp.A | Volatile Uncorr. ECC |
| Fan  Temp   Perf          Pwr:Usage/Cap |           Memory-Usage | GPU-Util  Compute M. |
|                                         |                        |               MIG M. |
|=========================================+========================+======================|
|   0  NVIDIA A16                     Off |   00000000:00:10.0 Off |                    0 |
|  0%   63C    P0             43W /   62W |     546MiB /  15356MiB |     36%      Default |
|                                         |                        |                  N/A |
+-----------------------------------------+------------------------+----------------------+

+-----------------------------------------------------------------------------------------+
| Processes:                                                                              |
|  GPU   GI   CI              PID   Type   Process name                        GPU Memory |
|        ID   ID                                                               Usage      |
|=========================================================================================|
|    0   N/A  N/A            1147      G   /usr/lib/xorg/Xorg                        4MiB |
|    0   N/A  N/A         2598792      C   /opt/conda/bin/python                   524MiB |
+-----------------------------------------------------------------------------------------+
-------------------------------------
2026-01-05 16:59:49
Mon Jan  5 16:59:49 2026       
+-----------------------------------------------------------------------------------------+
| NVIDIA-SMI 580.95.05              Driver Version: 580.95.05      CUDA Version: 13.0     |
+-----------------------------------------+------------------------+----------------------+
| GPU  Name                 Persistence-M | Bus-Id          Disp.A | Volatile Uncorr. ECC |
| Fan  Temp   Perf          Pwr:Usage/Cap |           Memory-Usage | GPU-Util  Compute M. |
|                                         |                        |               MIG M. |
|=========================================+========================+======================|
|   0  NVIDIA A16                     Off |   00000000:00:10.0 Off |                    0 |
|  0%   63C    P0             42W /   62W |     546MiB /  15356MiB |     37%      Default |
|                                         |                        |                  N/A |
+-----------------------------------------+------------------------+----------------------+

+-----------------------------------------------------------------------------------------+
| Processes:                                                                              |
|  GPU   GI   CI              PID   Type   Process name                        GPU Memory |
|        ID   ID                                                               Usage      |
|=========================================================================================|
|    0   N/A  N/A            1147      G   /usr/lib/xorg/Xorg                        4MiB |
|    0   N/A  N/A         2598792      C   /opt/conda/bin/python                   524MiB |
+-----------------------------------------------------------------------------------------+
-------------------------------------
2026-01-05 16:59:51
Mon Jan  5 16:59:51 2026       
+-----------------------------------------------------------------------------------------+
| NVIDIA-SMI 580.95.05              Driver Version: 580.95.05      CUDA Version: 13.0     |
+-----------------------------------------+------------------------+----------------------+
| GPU  Name                 Persistence-M | Bus-Id          Disp.A | Volatile Uncorr. ECC |
| Fan  Temp   Perf          Pwr:Usage/Cap |           Memory-Usage | GPU-Util  Compute M. |
|                                         |                        |               MIG M. |
|=========================================+========================+======================|
|   0  NVIDIA A16                     Off |   00000000:00:10.0 Off |                    0 |
|  0%   63C    P0             43W /   62W |     546MiB /  15356MiB |     38%      Default |
|                                         |                        |                  N/A |
+-----------------------------------------+------------------------+----------------------+

+-----------------------------------------------------------------------------------------+
| Processes:                                                                              |
|  GPU   GI   CI              PID   Type   Process name                        GPU Memory |
|        ID   ID                                                               Usage      |
|=========================================================================================|
|    0   N/A  N/A            1147      G   /usr/lib/xorg/Xorg                        4MiB |
|    0   N/A  N/A         2598792      C   /opt/conda/bin/python                   524MiB |
+-----------------------------------------------------------------------------------------+
-------------------------------------
2026-01-05 16:59:53
Mon Jan  5 16:59:53 2026       
+-----------------------------------------------------------------------------------------+
| NVIDIA-SMI 580.95.05              Driver Version: 580.95.05      CUDA Version: 13.0     |
+-----------------------------------------+------------------------+----------------------+
| GPU  Name                 Persistence-M | Bus-Id          Disp.A | Volatile Uncorr. ECC |
| Fan  Temp   Perf          Pwr:Usage/Cap |           Memory-Usage | GPU-Util  Compute M. |
|                                         |                        |               MIG M. |
|=========================================+========================+======================|
|   0  NVIDIA A16                     Off |   00000000:00:10.0 Off |                    0 |
|  0%   63C    P0             42W /   62W |     546MiB /  15356MiB |     35%      Default |
|                                         |                        |                  N/A |
+-----------------------------------------+------------------------+----------------------+

+-----------------------------------------------------------------------------------------+
| Processes:                                                                              |
|  GPU   GI   CI              PID   Type   Process name                        GPU Memory |
|        ID   ID                                                               Usage      |
|=========================================================================================|
|    0   N/A  N/A            1147      G   /usr/lib/xorg/Xorg                        4MiB |
|    0   N/A  N/A         2598792      C   /opt/conda/bin/python                   524MiB |
+-----------------------------------------------------------------------------------------+
-------------------------------------
2026-01-05 16:59:55
Mon Jan  5 16:59:55 2026       
+-----------------------------------------------------------------------------------------+
| NVIDIA-SMI 580.95.05              Driver Version: 580.95.05      CUDA Version: 13.0     |
+-----------------------------------------+------------------------+----------------------+
| GPU  Name                 Persistence-M | Bus-Id          Disp.A | Volatile Uncorr. ECC |
| Fan  Temp   Perf          Pwr:Usage/Cap |           Memory-Usage | GPU-Util  Compute M. |
|                                         |                        |               MIG M. |
|=========================================+========================+======================|
|   0  NVIDIA A16                     Off |   00000000:00:10.0 Off |                    0 |
|  0%   63C    P0             43W /   62W |     546MiB /  15356MiB |     38%      Default |
|                                         |                        |                  N/A |
+-----------------------------------------+------------------------+----------------------+

+-----------------------------------------------------------------------------------------+
| Processes:                                                                              |
|  GPU   GI   CI              PID   Type   Process name                        GPU Memory |
|        ID   ID                                                               Usage      |
|=========================================================================================|
|    0   N/A  N/A            1147      G   /usr/lib/xorg/Xorg                        4MiB |
|    0   N/A  N/A         2598792      C   /opt/conda/bin/python                   524MiB |
+-----------------------------------------------------------------------------------------+
-------------------------------------
2026-01-05 16:59:58
Mon Jan  5 16:59:58 2026       
+-----------------------------------------------------------------------------------------+
| NVIDIA-SMI 580.95.05              Driver Version: 580.95.05      CUDA Version: 13.0     |
+-----------------------------------------+------------------------+----------------------+
| GPU  Name                 Persistence-M | Bus-Id          Disp.A | Volatile Uncorr. ECC |
| Fan  Temp   Perf          Pwr:Usage/Cap |           Memory-Usage | GPU-Util  Compute M. |
|                                         |                        |               MIG M. |
|=========================================+========================+======================|
|   0  NVIDIA A16                     Off |   00000000:00:10.0 Off |                    0 |
|  0%   63C    P0             43W /   62W |     546MiB /  15356MiB |     37%      Default |
|                                         |                        |                  N/A |
+-----------------------------------------+------------------------+----------------------+

+-----------------------------------------------------------------------------------------+
| Processes:                                                                              |
|  GPU   GI   CI              PID   Type   Process name                        GPU Memory |
|        ID   ID                                                               Usage      |
|=========================================================================================|
|    0   N/A  N/A            1147      G   /usr/lib/xorg/Xorg                        4MiB |
|    0   N/A  N/A         2598792      C   /opt/conda/bin/python                   524MiB |
+-----------------------------------------------------------------------------------------+
-------------------------------------
2026-01-05 17:00:00
Mon Jan  5 17:00:00 2026       
+-----------------------------------------------------------------------------------------+
| NVIDIA-SMI 580.95.05              Driver Version: 580.95.05      CUDA Version: 13.0     |
+-----------------------------------------+------------------------+----------------------+
| GPU  Name                 Persistence-M | Bus-Id          Disp.A | Volatile Uncorr. ECC |
| Fan  Temp   Perf          Pwr:Usage/Cap |           Memory-Usage | GPU-Util  Compute M. |
|                                         |                        |               MIG M. |
|=========================================+========================+======================|
|   0  NVIDIA A16                     Off |   00000000:00:10.0 Off |                    0 |
|  0%   63C    P0             43W /   62W |     546MiB /  15356MiB |     36%      Default |
|                                         |                        |                  N/A |
+-----------------------------------------+------------------------+----------------------+

+-----------------------------------------------------------------------------------------+
| Processes:                                                                              |
|  GPU   GI   CI              PID   Type   Process name                        GPU Memory |
|        ID   ID                                                               Usage      |
|=========================================================================================|
|    0   N/A  N/A            1147      G   /usr/lib/xorg/Xorg                        4MiB |
|    0   N/A  N/A         2598792      C   /opt/conda/bin/python                   524MiB |
+-----------------------------------------------------------------------------------------+
-------------------------------------
2026-01-05 17:00:02
Mon Jan  5 17:00:02 2026       
+-----------------------------------------------------------------------------------------+
| NVIDIA-SMI 580.95.05              Driver Version: 580.95.05      CUDA Version: 13.0     |
+-----------------------------------------+------------------------+----------------------+
| GPU  Name                 Persistence-M | Bus-Id          Disp.A | Volatile Uncorr. ECC |
| Fan  Temp   Perf          Pwr:Usage/Cap |           Memory-Usage | GPU-Util  Compute M. |
|                                         |                        |               MIG M. |
|=========================================+========================+======================|
|   0  NVIDIA A16                     Off |   00000000:00:10.0 Off |                    0 |
|  0%   63C    P0             42W /   62W |     546MiB /  15356MiB |     35%      Default |
|                                         |                        |                  N/A |
+-----------------------------------------+------------------------+----------------------+

+-----------------------------------------------------------------------------------------+
| Processes:                                                                              |
|  GPU   GI   CI              PID   Type   Process name                        GPU Memory |
|        ID   ID                                                               Usage      |
|=========================================================================================|
|    0   N/A  N/A            1147      G   /usr/lib/xorg/Xorg                        4MiB |
|    0   N/A  N/A         2598792      C   /opt/conda/bin/python                   524MiB |
+-----------------------------------------------------------------------------------------+
-------------------------------------
2026-01-05 17:00:04
Mon Jan  5 17:00:04 2026       
+-----------------------------------------------------------------------------------------+
| NVIDIA-SMI 580.95.05              Driver Version: 580.95.05      CUDA Version: 13.0     |
+-----------------------------------------+------------------------+----------------------+
| GPU  Name                 Persistence-M | Bus-Id          Disp.A | Volatile Uncorr. ECC |
| Fan  Temp   Perf          Pwr:Usage/Cap |           Memory-Usage | GPU-Util  Compute M. |
|                                         |                        |               MIG M. |
|=========================================+========================+======================|
|   0  NVIDIA A16                     Off |   00000000:00:10.0 Off |                    0 |
|  0%   63C    P0             43W /   62W |     546MiB /  15356MiB |     37%      Default |
|                                         |                        |                  N/A |
+-----------------------------------------+------------------------+----------------------+

+-----------------------------------------------------------------------------------------+
| Processes:                                                                              |
|  GPU   GI   CI              PID   Type   Process name                        GPU Memory |
|        ID   ID                                                               Usage      |
|=========================================================================================|
|    0   N/A  N/A            1147      G   /usr/lib/xorg/Xorg                        4MiB |
|    0   N/A  N/A         2598792      C   /opt/conda/bin/python                   524MiB |
+-----------------------------------------------------------------------------------------+
-------------------------------------
2026-01-05 17:00:06
Mon Jan  5 17:00:06 2026       
+-----------------------------------------------------------------------------------------+
| NVIDIA-SMI 580.95.05              Driver Version: 580.95.05      CUDA Version: 13.0     |
+-----------------------------------------+------------------------+----------------------+
| GPU  Name                 Persistence-M | Bus-Id          Disp.A | Volatile Uncorr. ECC |
| Fan  Temp   Perf          Pwr:Usage/Cap |           Memory-Usage | GPU-Util  Compute M. |
|                                         |                        |               MIG M. |
|=========================================+========================+======================|
|   0  NVIDIA A16                     Off |   00000000:00:10.0 Off |                    0 |
|  0%   63C    P0             43W /   62W |     546MiB /  15356MiB |     35%      Default |
|                                         |                        |                  N/A |
+-----------------------------------------+------------------------+----------------------+

+-----------------------------------------------------------------------------------------+
| Processes:                                                                              |
|  GPU   GI   CI              PID   Type   Process name                        GPU Memory |
|        ID   ID                                                               Usage      |
|=========================================================================================|
|    0   N/A  N/A            1147      G   /usr/lib/xorg/Xorg                        4MiB |
|    0   N/A  N/A         2598792      C   /opt/conda/bin/python                   524MiB |
+-----------------------------------------------------------------------------------------+
-------------------------------------
2026-01-05 17:00:09
Mon Jan  5 17:00:09 2026       
+-----------------------------------------------------------------------------------------+
| NVIDIA-SMI 580.95.05              Driver Version: 580.95.05      CUDA Version: 13.0     |
+-----------------------------------------+------------------------+----------------------+
| GPU  Name                 Persistence-M | Bus-Id          Disp.A | Volatile Uncorr. ECC |
| Fan  Temp   Perf          Pwr:Usage/Cap |           Memory-Usage | GPU-Util  Compute M. |
|                                         |                        |               MIG M. |
|=========================================+========================+======================|
|   0  NVIDIA A16                     Off |   00000000:00:10.0 Off |                    0 |
|  0%   63C    P0             42W /   62W |     546MiB /  15356MiB |     35%      Default |
|                                         |                        |                  N/A |
+-----------------------------------------+------------------------+----------------------+

+-----------------------------------------------------------------------------------------+
| Processes:                                                                              |
|  GPU   GI   CI              PID   Type   Process name                        GPU Memory |
|        ID   ID                                                               Usage      |
|=========================================================================================|
|    0   N/A  N/A            1147      G   /usr/lib/xorg/Xorg                        4MiB |
|    0   N/A  N/A         2598792      C   /opt/conda/bin/python                   524MiB |
+-----------------------------------------------------------------------------------------+
-------------------------------------
2026-01-05 17:00:11
Mon Jan  5 17:00:11 2026       
+-----------------------------------------------------------------------------------------+
| NVIDIA-SMI 580.95.05              Driver Version: 580.95.05      CUDA Version: 13.0     |
+-----------------------------------------+------------------------+----------------------+
| GPU  Name                 Persistence-M | Bus-Id          Disp.A | Volatile Uncorr. ECC |
| Fan  Temp   Perf          Pwr:Usage/Cap |           Memory-Usage | GPU-Util  Compute M. |
|                                         |                        |               MIG M. |
|=========================================+========================+======================|
|   0  NVIDIA A16                     Off |   00000000:00:10.0 Off |                    0 |
|  0%   63C    P0             42W /   62W |     546MiB /  15356MiB |     36%      Default |
|                                         |                        |                  N/A |
+-----------------------------------------+------------------------+----------------------+

+-----------------------------------------------------------------------------------------+
| Processes:                                                                              |
|  GPU   GI   CI              PID   Type   Process name                        GPU Memory |
|        ID   ID                                                               Usage      |
|=========================================================================================|
|    0   N/A  N/A            1147      G   /usr/lib/xorg/Xorg                        4MiB |
|    0   N/A  N/A         2598792      C   /opt/conda/bin/python                   524MiB |
+-----------------------------------------------------------------------------------------+
-------------------------------------
2026-01-05 17:00:13
Mon Jan  5 17:00:13 2026       
+-----------------------------------------------------------------------------------------+
| NVIDIA-SMI 580.95.05              Driver Version: 580.95.05      CUDA Version: 13.0     |
+-----------------------------------------+------------------------+----------------------+
| GPU  Name                 Persistence-M | Bus-Id          Disp.A | Volatile Uncorr. ECC |
| Fan  Temp   Perf          Pwr:Usage/Cap |           Memory-Usage | GPU-Util  Compute M. |
|                                         |                        |               MIG M. |
|=========================================+========================+======================|
|   0  NVIDIA A16                     Off |   00000000:00:10.0 Off |                    0 |
|  0%   63C    P0             40W /   62W |     546MiB /  15356MiB |     35%      Default |
|                                         |                        |                  N/A |
+-----------------------------------------+------------------------+----------------------+

+-----------------------------------------------------------------------------------------+
| Processes:                                                                              |
|  GPU   GI   CI              PID   Type   Process name                        GPU Memory |
|        ID   ID                                                               Usage      |
|=========================================================================================|
|    0   N/A  N/A            1147      G   /usr/lib/xorg/Xorg                        4MiB |
|    0   N/A  N/A         2598792      C   /opt/conda/bin/python                   524MiB |
+-----------------------------------------------------------------------------------------+
-------------------------------------
2026-01-05 17:00:15
Mon Jan  5 17:00:15 2026       
+-----------------------------------------------------------------------------------------+
| NVIDIA-SMI 580.95.05              Driver Version: 580.95.05      CUDA Version: 13.0     |
+-----------------------------------------+------------------------+----------------------+
| GPU  Name                 Persistence-M | Bus-Id          Disp.A | Volatile Uncorr. ECC |
| Fan  Temp   Perf          Pwr:Usage/Cap |           Memory-Usage | GPU-Util  Compute M. |
|                                         |                        |               MIG M. |
|=========================================+========================+======================|
|   0  NVIDIA A16                     Off |   00000000:00:10.0 Off |                    0 |
|  0%   62C    P0             43W /   62W |     546MiB /  15356MiB |     34%      Default |
|                                         |                        |                  N/A |
+-----------------------------------------+------------------------+----------------------+

+-----------------------------------------------------------------------------------------+
| Processes:                                                                              |
|  GPU   GI   CI              PID   Type   Process name                        GPU Memory |
|        ID   ID                                                               Usage      |
|=========================================================================================|
|    0   N/A  N/A            1147      G   /usr/lib/xorg/Xorg                        4MiB |
|    0   N/A  N/A         2598792      C   /opt/conda/bin/python                   524MiB |
+-----------------------------------------------------------------------------------------+
-------------------------------------
2026-01-05 17:00:17
Mon Jan  5 17:00:17 2026       
+-----------------------------------------------------------------------------------------+
| NVIDIA-SMI 580.95.05              Driver Version: 580.95.05      CUDA Version: 13.0     |
+-----------------------------------------+------------------------+----------------------+
| GPU  Name                 Persistence-M | Bus-Id          Disp.A | Volatile Uncorr. ECC |
| Fan  Temp   Perf          Pwr:Usage/Cap |           Memory-Usage | GPU-Util  Compute M. |
|                                         |                        |               MIG M. |
|=========================================+========================+======================|
|   0  NVIDIA A16                     Off |   00000000:00:10.0 Off |                    0 |
|  0%   63C    P0             43W /   62W |     546MiB /  15356MiB |     36%      Default |
|                                         |                        |                  N/A |
+-----------------------------------------+------------------------+----------------------+

+-----------------------------------------------------------------------------------------+
| Processes:                                                                              |
|  GPU   GI   CI              PID   Type   Process name                        GPU Memory |
|        ID   ID                                                               Usage      |
|=========================================================================================|
|    0   N/A  N/A            1147      G   /usr/lib/xorg/Xorg                        4MiB |
|    0   N/A  N/A         2598792      C   /opt/conda/bin/python                   524MiB |
+-----------------------------------------------------------------------------------------+
-------------------------------------
2026-01-05 17:00:20
Mon Jan  5 17:00:20 2026       
+-----------------------------------------------------------------------------------------+
| NVIDIA-SMI 580.95.05              Driver Version: 580.95.05      CUDA Version: 13.0     |
+-----------------------------------------+------------------------+----------------------+
| GPU  Name                 Persistence-M | Bus-Id          Disp.A | Volatile Uncorr. ECC |
| Fan  Temp   Perf          Pwr:Usage/Cap |           Memory-Usage | GPU-Util  Compute M. |
|                                         |                        |               MIG M. |
|=========================================+========================+======================|
|   0  NVIDIA A16                     Off |   00000000:00:10.0 Off |                    0 |
|  0%   63C    P0             43W /   62W |     546MiB /  15356MiB |     39%      Default |
|                                         |                        |                  N/A |
+-----------------------------------------+------------------------+----------------------+

+-----------------------------------------------------------------------------------------+
| Processes:                                                                              |
|  GPU   GI   CI              PID   Type   Process name                        GPU Memory |
|        ID   ID                                                               Usage      |
|=========================================================================================|
|    0   N/A  N/A            1147      G   /usr/lib/xorg/Xorg                        4MiB |
|    0   N/A  N/A         2598792      C   /opt/conda/bin/python                   524MiB |
+-----------------------------------------------------------------------------------------+
-------------------------------------
2026-01-05 17:00:22
Mon Jan  5 17:00:22 2026       
+-----------------------------------------------------------------------------------------+
| NVIDIA-SMI 580.95.05              Driver Version: 580.95.05      CUDA Version: 13.0     |
+-----------------------------------------+------------------------+----------------------+
| GPU  Name                 Persistence-M | Bus-Id          Disp.A | Volatile Uncorr. ECC |
| Fan  Temp   Perf          Pwr:Usage/Cap |           Memory-Usage | GPU-Util  Compute M. |
|                                         |                        |               MIG M. |
|=========================================+========================+======================|
|   0  NVIDIA A16                     Off |   00000000:00:10.0 Off |                    0 |
|  0%   63C    P0             42W /   62W |     546MiB /  15356MiB |     39%      Default |
|                                         |                        |                  N/A |
+-----------------------------------------+------------------------+----------------------+

+-----------------------------------------------------------------------------------------+
| Processes:                                                                              |
|  GPU   GI   CI              PID   Type   Process name                        GPU Memory |
|        ID   ID                                                               Usage      |
|=========================================================================================|
|    0   N/A  N/A            1147      G   /usr/lib/xorg/Xorg                        4MiB |
|    0   N/A  N/A         2598792      C   /opt/conda/bin/python                   524MiB |
+-----------------------------------------------------------------------------------------+
-------------------------------------
2026-01-05 17:00:24
Mon Jan  5 17:00:24 2026       
+-----------------------------------------------------------------------------------------+
| NVIDIA-SMI 580.95.05              Driver Version: 580.95.05      CUDA Version: 13.0     |
+-----------------------------------------+------------------------+----------------------+
| GPU  Name                 Persistence-M | Bus-Id          Disp.A | Volatile Uncorr. ECC |
| Fan  Temp   Perf          Pwr:Usage/Cap |           Memory-Usage | GPU-Util  Compute M. |
|                                         |                        |               MIG M. |
|=========================================+========================+======================|
|   0  NVIDIA A16                     Off |   00000000:00:10.0 Off |                    0 |
|  0%   63C    P0             43W /   62W |     546MiB /  15356MiB |     35%      Default |
|                                         |                        |                  N/A |
+-----------------------------------------+------------------------+----------------------+

+-----------------------------------------------------------------------------------------+
| Processes:                                                                              |
|  GPU   GI   CI              PID   Type   Process name                        GPU Memory |
|        ID   ID                                                               Usage      |
|=========================================================================================|
|    0   N/A  N/A            1147      G   /usr/lib/xorg/Xorg                        4MiB |
|    0   N/A  N/A         2598792      C   /opt/conda/bin/python                   524MiB |
+-----------------------------------------------------------------------------------------+
-------------------------------------
2026-01-05 17:00:26
Mon Jan  5 17:00:26 2026       
+-----------------------------------------------------------------------------------------+
| NVIDIA-SMI 580.95.05              Driver Version: 580.95.05      CUDA Version: 13.0     |
+-----------------------------------------+------------------------+----------------------+
| GPU  Name                 Persistence-M | Bus-Id          Disp.A | Volatile Uncorr. ECC |
| Fan  Temp   Perf          Pwr:Usage/Cap |           Memory-Usage | GPU-Util  Compute M. |
|                                         |                        |               MIG M. |
|=========================================+========================+======================|
|   0  NVIDIA A16                     Off |   00000000:00:10.0 Off |                    0 |
|  0%   63C    P0             43W /   62W |     546MiB /  15356MiB |     37%      Default |
|                                         |                        |                  N/A |
+-----------------------------------------+------------------------+----------------------+

+-----------------------------------------------------------------------------------------+
| Processes:                                                                              |
|  GPU   GI   CI              PID   Type   Process name                        GPU Memory |
|        ID   ID                                                               Usage      |
|=========================================================================================|
|    0   N/A  N/A            1147      G   /usr/lib/xorg/Xorg                        4MiB |
|    0   N/A  N/A         2598792      C   /opt/conda/bin/python                   524MiB |
+-----------------------------------------------------------------------------------------+
-------------------------------------
2026-01-05 17:00:28
Mon Jan  5 17:00:28 2026       
+-----------------------------------------------------------------------------------------+
| NVIDIA-SMI 580.95.05              Driver Version: 580.95.05      CUDA Version: 13.0     |
+-----------------------------------------+------------------------+----------------------+
| GPU  Name                 Persistence-M | Bus-Id          Disp.A | Volatile Uncorr. ECC |
| Fan  Temp   Perf          Pwr:Usage/Cap |           Memory-Usage | GPU-Util  Compute M. |
|                                         |                        |               MIG M. |
|=========================================+========================+======================|
|   0  NVIDIA A16                     Off |   00000000:00:10.0 Off |                    0 |
|  0%   63C    P0             43W /   62W |     546MiB /  15356MiB |     36%      Default |
|                                         |                        |                  N/A |
+-----------------------------------------+------------------------+----------------------+

+-----------------------------------------------------------------------------------------+
| Processes:                                                                              |
|  GPU   GI   CI              PID   Type   Process name                        GPU Memory |
|        ID   ID                                                               Usage      |
|=========================================================================================|
|    0   N/A  N/A            1147      G   /usr/lib/xorg/Xorg                        4MiB |
|    0   N/A  N/A         2598792      C   /opt/conda/bin/python                   524MiB |
+-----------------------------------------------------------------------------------------+
-------------------------------------
2026-01-05 17:00:31
Mon Jan  5 17:00:31 2026       
+-----------------------------------------------------------------------------------------+
| NVIDIA-SMI 580.95.05              Driver Version: 580.95.05      CUDA Version: 13.0     |
+-----------------------------------------+------------------------+----------------------+
| GPU  Name                 Persistence-M | Bus-Id          Disp.A | Volatile Uncorr. ECC |
| Fan  Temp   Perf          Pwr:Usage/Cap |           Memory-Usage | GPU-Util  Compute M. |
|                                         |                        |               MIG M. |
|=========================================+========================+======================|
|   0  NVIDIA A16                     Off |   00000000:00:10.0 Off |                    0 |
|  0%   63C    P0             43W /   62W |     546MiB /  15356MiB |     39%      Default |
|                                         |                        |                  N/A |
+-----------------------------------------+------------------------+----------------------+

+-----------------------------------------------------------------------------------------+
| Processes:                                                                              |
|  GPU   GI   CI              PID   Type   Process name                        GPU Memory |
|        ID   ID                                                               Usage      |
|=========================================================================================|
|    0   N/A  N/A            1147      G   /usr/lib/xorg/Xorg                        4MiB |
|    0   N/A  N/A         2598792      C   /opt/conda/bin/python                   524MiB |
+-----------------------------------------------------------------------------------------+
-------------------------------------
2026-01-05 17:00:33
Mon Jan  5 17:00:33 2026       
+-----------------------------------------------------------------------------------------+
| NVIDIA-SMI 580.95.05              Driver Version: 580.95.05      CUDA Version: 13.0     |
+-----------------------------------------+------------------------+----------------------+
| GPU  Name                 Persistence-M | Bus-Id          Disp.A | Volatile Uncorr. ECC |
| Fan  Temp   Perf          Pwr:Usage/Cap |           Memory-Usage | GPU-Util  Compute M. |
|                                         |                        |               MIG M. |
|=========================================+========================+======================|
|   0  NVIDIA A16                     Off |   00000000:00:10.0 Off |                    0 |
|  0%   63C    P0             43W /   62W |     546MiB /  15356MiB |     36%      Default |
|                                         |                        |                  N/A |
+-----------------------------------------+------------------------+----------------------+

+-----------------------------------------------------------------------------------------+
| Processes:                                                                              |
|  GPU   GI   CI              PID   Type   Process name                        GPU Memory |
|        ID   ID                                                               Usage      |
|=========================================================================================|
|    0   N/A  N/A            1147      G   /usr/lib/xorg/Xorg                        4MiB |
|    0   N/A  N/A         2598792      C   /opt/conda/bin/python                   524MiB |
+-----------------------------------------------------------------------------------------+
-------------------------------------
2026-01-05 17:00:35
Mon Jan  5 17:00:35 2026       
+-----------------------------------------------------------------------------------------+
| NVIDIA-SMI 580.95.05              Driver Version: 580.95.05      CUDA Version: 13.0     |
+-----------------------------------------+------------------------+----------------------+
| GPU  Name                 Persistence-M | Bus-Id          Disp.A | Volatile Uncorr. ECC |
| Fan  Temp   Perf          Pwr:Usage/Cap |           Memory-Usage | GPU-Util  Compute M. |
|                                         |                        |               MIG M. |
|=========================================+========================+======================|
|   0  NVIDIA A16                     Off |   00000000:00:10.0 Off |                    0 |
|  0%   63C    P0             43W /   62W |     546MiB /  15356MiB |     35%      Default |
|                                         |                        |                  N/A |
+-----------------------------------------+------------------------+----------------------+

+-----------------------------------------------------------------------------------------+
| Processes:                                                                              |
|  GPU   GI   CI              PID   Type   Process name                        GPU Memory |
|        ID   ID                                                               Usage      |
|=========================================================================================|
|    0   N/A  N/A            1147      G   /usr/lib/xorg/Xorg                        4MiB |
|    0   N/A  N/A         2598792      C   /opt/conda/bin/python                   524MiB |
+-----------------------------------------------------------------------------------------+
-------------------------------------
2026-01-05 17:00:37
Mon Jan  5 17:00:37 2026       
+-----------------------------------------------------------------------------------------+
| NVIDIA-SMI 580.95.05              Driver Version: 580.95.05      CUDA Version: 13.0     |
+-----------------------------------------+------------------------+----------------------+
| GPU  Name                 Persistence-M | Bus-Id          Disp.A | Volatile Uncorr. ECC |
| Fan  Temp   Perf          Pwr:Usage/Cap |           Memory-Usage | GPU-Util  Compute M. |
|                                         |                        |               MIG M. |
|=========================================+========================+======================|
|   0  NVIDIA A16                     Off |   00000000:00:10.0 Off |                    0 |
|  0%   63C    P0             42W /   62W |     546MiB /  15356MiB |     37%      Default |
|                                         |                        |                  N/A |
+-----------------------------------------+------------------------+----------------------+

+-----------------------------------------------------------------------------------------+
| Processes:                                                                              |
|  GPU   GI   CI              PID   Type   Process name                        GPU Memory |
|        ID   ID                                                               Usage      |
|=========================================================================================|
|    0   N/A  N/A            1147      G   /usr/lib/xorg/Xorg                        4MiB |
|    0   N/A  N/A         2598792      C   /opt/conda/bin/python                   524MiB |
+-----------------------------------------------------------------------------------------+
-------------------------------------
2026-01-05 17:00:39
Mon Jan  5 17:00:39 2026       
+-----------------------------------------------------------------------------------------+
| NVIDIA-SMI 580.95.05              Driver Version: 580.95.05      CUDA Version: 13.0     |
+-----------------------------------------+------------------------+----------------------+
| GPU  Name                 Persistence-M | Bus-Id          Disp.A | Volatile Uncorr. ECC |
| Fan  Temp   Perf          Pwr:Usage/Cap |           Memory-Usage | GPU-Util  Compute M. |
|                                         |                        |               MIG M. |
|=========================================+========================+======================|
|   0  NVIDIA A16                     Off |   00000000:00:10.0 Off |                    0 |
|  0%   63C    P0             43W /   62W |     546MiB /  15356MiB |     39%      Default |
|                                         |                        |                  N/A |
+-----------------------------------------+------------------------+----------------------+

+-----------------------------------------------------------------------------------------+
| Processes:                                                                              |
|  GPU   GI   CI              PID   Type   Process name                        GPU Memory |
|        ID   ID                                                               Usage      |
|=========================================================================================|
|    0   N/A  N/A            1147      G   /usr/lib/xorg/Xorg                        4MiB |
|    0   N/A  N/A         2598792      C   /opt/conda/bin/python                   524MiB |
+-----------------------------------------------------------------------------------------+
-------------------------------------
2026-01-05 17:00:42
Mon Jan  5 17:00:42 2026       
+-----------------------------------------------------------------------------------------+
| NVIDIA-SMI 580.95.05              Driver Version: 580.95.05      CUDA Version: 13.0     |
+-----------------------------------------+------------------------+----------------------+
| GPU  Name                 Persistence-M | Bus-Id          Disp.A | Volatile Uncorr. ECC |
| Fan  Temp   Perf          Pwr:Usage/Cap |           Memory-Usage | GPU-Util  Compute M. |
|                                         |                        |               MIG M. |
|=========================================+========================+======================|
|   0  NVIDIA A16                     Off |   00000000:00:10.0 Off |                    0 |
|  0%   63C    P0             43W /   62W |     546MiB /  15356MiB |     36%      Default |
|                                         |                        |                  N/A |
+-----------------------------------------+------------------------+----------------------+

+-----------------------------------------------------------------------------------------+
| Processes:                                                                              |
|  GPU   GI   CI              PID   Type   Process name                        GPU Memory |
|        ID   ID                                                               Usage      |
|=========================================================================================|
|    0   N/A  N/A            1147      G   /usr/lib/xorg/Xorg                        4MiB |
|    0   N/A  N/A         2598792      C   /opt/conda/bin/python                   524MiB |
+-----------------------------------------------------------------------------------------+
-------------------------------------
2026-01-05 17:00:44
Mon Jan  5 17:00:44 2026       
+-----------------------------------------------------------------------------------------+
| NVIDIA-SMI 580.95.05              Driver Version: 580.95.05      CUDA Version: 13.0     |
+-----------------------------------------+------------------------+----------------------+
| GPU  Name                 Persistence-M | Bus-Id          Disp.A | Volatile Uncorr. ECC |
| Fan  Temp   Perf          Pwr:Usage/Cap |           Memory-Usage | GPU-Util  Compute M. |
|                                         |                        |               MIG M. |
|=========================================+========================+======================|
|   0  NVIDIA A16                     Off |   00000000:00:10.0 Off |                    0 |
|  0%   63C    P0             43W /   62W |     546MiB /  15356MiB |     39%      Default |
|                                         |                        |                  N/A |
+-----------------------------------------+------------------------+----------------------+

+-----------------------------------------------------------------------------------------+
| Processes:                                                                              |
|  GPU   GI   CI              PID   Type   Process name                        GPU Memory |
|        ID   ID                                                               Usage      |
|=========================================================================================|
|    0   N/A  N/A            1147      G   /usr/lib/xorg/Xorg                        4MiB |
|    0   N/A  N/A         2598792      C   /opt/conda/bin/python                   524MiB |
+-----------------------------------------------------------------------------------------+
-------------------------------------
2026-01-05 17:00:46
Mon Jan  5 17:00:46 2026       
+-----------------------------------------------------------------------------------------+
| NVIDIA-SMI 580.95.05              Driver Version: 580.95.05      CUDA Version: 13.0     |
+-----------------------------------------+------------------------+----------------------+
| GPU  Name                 Persistence-M | Bus-Id          Disp.A | Volatile Uncorr. ECC |
| Fan  Temp   Perf          Pwr:Usage/Cap |           Memory-Usage | GPU-Util  Compute M. |
|                                         |                        |               MIG M. |
|=========================================+========================+======================|
|   0  NVIDIA A16                     Off |   00000000:00:10.0 Off |                    0 |
|  0%   63C    P0             43W /   62W |     546MiB /  15356MiB |     35%      Default |
|                                         |                        |                  N/A |
+-----------------------------------------+------------------------+----------------------+

+-----------------------------------------------------------------------------------------+
| Processes:                                                                              |
|  GPU   GI   CI              PID   Type   Process name                        GPU Memory |
|        ID   ID                                                               Usage      |
|=========================================================================================|
|    0   N/A  N/A            1147      G   /usr/lib/xorg/Xorg                        4MiB |
|    0   N/A  N/A         2598792      C   /opt/conda/bin/python                   524MiB |
+-----------------------------------------------------------------------------------------+
-------------------------------------
2026-01-05 17:00:48
Mon Jan  5 17:00:48 2026       
+-----------------------------------------------------------------------------------------+
| NVIDIA-SMI 580.95.05              Driver Version: 580.95.05      CUDA Version: 13.0     |
+-----------------------------------------+------------------------+----------------------+
| GPU  Name                 Persistence-M | Bus-Id          Disp.A | Volatile Uncorr. ECC |
| Fan  Temp   Perf          Pwr:Usage/Cap |           Memory-Usage | GPU-Util  Compute M. |
|                                         |                        |               MIG M. |
|=========================================+========================+======================|
|   0  NVIDIA A16                     Off |   00000000:00:10.0 Off |                    0 |
|  0%   63C    P0             43W /   62W |     546MiB /  15356MiB |     37%      Default |
|                                         |                        |                  N/A |
+-----------------------------------------+------------------------+----------------------+

+-----------------------------------------------------------------------------------------+
| Processes:                                                                              |
|  GPU   GI   CI              PID   Type   Process name                        GPU Memory |
|        ID   ID                                                               Usage      |
|=========================================================================================|
|    0   N/A  N/A            1147      G   /usr/lib/xorg/Xorg                        4MiB |
|    0   N/A  N/A         2598792      C   /opt/conda/bin/python                   524MiB |
+-----------------------------------------------------------------------------------------+
-------------------------------------
2026-01-05 17:00:50
Mon Jan  5 17:00:50 2026       
+-----------------------------------------------------------------------------------------+
| NVIDIA-SMI 580.95.05              Driver Version: 580.95.05      CUDA Version: 13.0     |
+-----------------------------------------+------------------------+----------------------+
| GPU  Name                 Persistence-M | Bus-Id          Disp.A | Volatile Uncorr. ECC |
| Fan  Temp   Perf          Pwr:Usage/Cap |           Memory-Usage | GPU-Util  Compute M. |
|                                         |                        |               MIG M. |
|=========================================+========================+======================|
|   0  NVIDIA A16                     Off |   00000000:00:10.0 Off |                    0 |
|  0%   63C    P0             43W /   62W |     546MiB /  15356MiB |     39%      Default |
|                                         |                        |                  N/A |
+-----------------------------------------+------------------------+----------------------+

+-----------------------------------------------------------------------------------------+
| Processes:                                                                              |
|  GPU   GI   CI              PID   Type   Process name                        GPU Memory |
|        ID   ID                                                               Usage      |
|=========================================================================================|
|    0   N/A  N/A            1147      G   /usr/lib/xorg/Xorg                        4MiB |
|    0   N/A  N/A         2598792      C   /opt/conda/bin/python                   524MiB |
+-----------------------------------------------------------------------------------------+
-------------------------------------
2026-01-05 17:00:53
Mon Jan  5 17:00:53 2026       
+-----------------------------------------------------------------------------------------+
| NVIDIA-SMI 580.95.05              Driver Version: 580.95.05      CUDA Version: 13.0     |
+-----------------------------------------+------------------------+----------------------+
| GPU  Name                 Persistence-M | Bus-Id          Disp.A | Volatile Uncorr. ECC |
| Fan  Temp   Perf          Pwr:Usage/Cap |           Memory-Usage | GPU-Util  Compute M. |
|                                         |                        |               MIG M. |
|=========================================+========================+======================|
|   0  NVIDIA A16                     Off |   00000000:00:10.0 Off |                    0 |
|  0%   63C    P0             43W /   62W |     546MiB /  15356MiB |     36%      Default |
|                                         |                        |                  N/A |
+-----------------------------------------+------------------------+----------------------+

+-----------------------------------------------------------------------------------------+
| Processes:                                                                              |
|  GPU   GI   CI              PID   Type   Process name                        GPU Memory |
|        ID   ID                                                               Usage      |
|=========================================================================================|
|    0   N/A  N/A            1147      G   /usr/lib/xorg/Xorg                        4MiB |
|    0   N/A  N/A         2598792      C   /opt/conda/bin/python                   524MiB |
+-----------------------------------------------------------------------------------------+
-------------------------------------
2026-01-05 17:00:55
Mon Jan  5 17:00:55 2026       
+-----------------------------------------------------------------------------------------+
| NVIDIA-SMI 580.95.05              Driver Version: 580.95.05      CUDA Version: 13.0     |
+-----------------------------------------+------------------------+----------------------+
| GPU  Name                 Persistence-M | Bus-Id          Disp.A | Volatile Uncorr. ECC |
| Fan  Temp   Perf          Pwr:Usage/Cap |           Memory-Usage | GPU-Util  Compute M. |
|                                         |                        |               MIG M. |
|=========================================+========================+======================|
|   0  NVIDIA A16                     Off |   00000000:00:10.0 Off |                    0 |
|  0%   63C    P0             42W /   62W |     546MiB /  15356MiB |     35%      Default |
|                                         |                        |                  N/A |
+-----------------------------------------+------------------------+----------------------+

+-----------------------------------------------------------------------------------------+
| Processes:                                                                              |
|  GPU   GI   CI              PID   Type   Process name                        GPU Memory |
|        ID   ID                                                               Usage      |
|=========================================================================================|
|    0   N/A  N/A            1147      G   /usr/lib/xorg/Xorg                        4MiB |
|    0   N/A  N/A         2598792      C   /opt/conda/bin/python                   524MiB |
+-----------------------------------------------------------------------------------------+
-------------------------------------
2026-01-05 17:00:57
Mon Jan  5 17:00:57 2026       
+-----------------------------------------------------------------------------------------+
| NVIDIA-SMI 580.95.05              Driver Version: 580.95.05      CUDA Version: 13.0     |
+-----------------------------------------+------------------------+----------------------+
| GPU  Name                 Persistence-M | Bus-Id          Disp.A | Volatile Uncorr. ECC |
| Fan  Temp   Perf          Pwr:Usage/Cap |           Memory-Usage | GPU-Util  Compute M. |
|                                         |                        |               MIG M. |
|=========================================+========================+======================|
|   0  NVIDIA A16                     Off |   00000000:00:10.0 Off |                    0 |
|  0%   63C    P0             43W /   62W |     546MiB /  15356MiB |     36%      Default |
|                                         |                        |                  N/A |
+-----------------------------------------+------------------------+----------------------+

+-----------------------------------------------------------------------------------------+
| Processes:                                                                              |
|  GPU   GI   CI              PID   Type   Process name                        GPU Memory |
|        ID   ID                                                               Usage      |
|=========================================================================================|
|    0   N/A  N/A            1147      G   /usr/lib/xorg/Xorg                        4MiB |
|    0   N/A  N/A         2598792      C   /opt/conda/bin/python                   524MiB |
+-----------------------------------------------------------------------------------------+
-------------------------------------
2026-01-05 17:00:59
Mon Jan  5 17:00:59 2026       
+-----------------------------------------------------------------------------------------+
| NVIDIA-SMI 580.95.05              Driver Version: 580.95.05      CUDA Version: 13.0     |
+-----------------------------------------+------------------------+----------------------+
| GPU  Name                 Persistence-M | Bus-Id          Disp.A | Volatile Uncorr. ECC |
| Fan  Temp   Perf          Pwr:Usage/Cap |           Memory-Usage | GPU-Util  Compute M. |
|                                         |                        |               MIG M. |
|=========================================+========================+======================|
|   0  NVIDIA A16                     Off |   00000000:00:10.0 Off |                    0 |
|  0%   63C    P0             43W /   62W |     546MiB /  15356MiB |     39%      Default |
|                                         |                        |                  N/A |
+-----------------------------------------+------------------------+----------------------+

+-----------------------------------------------------------------------------------------+
| Processes:                                                                              |
|  GPU   GI   CI              PID   Type   Process name                        GPU Memory |
|        ID   ID                                                               Usage      |
|=========================================================================================|
|    0   N/A  N/A            1147      G   /usr/lib/xorg/Xorg                        4MiB |
|    0   N/A  N/A         2598792      C   /opt/conda/bin/python                   524MiB |
+-----------------------------------------------------------------------------------------+
-------------------------------------
2026-01-05 17:01:01
Mon Jan  5 17:01:01 2026       
+-----------------------------------------------------------------------------------------+
| NVIDIA-SMI 580.95.05              Driver Version: 580.95.05      CUDA Version: 13.0     |
+-----------------------------------------+------------------------+----------------------+
| GPU  Name                 Persistence-M | Bus-Id          Disp.A | Volatile Uncorr. ECC |
| Fan  Temp   Perf          Pwr:Usage/Cap |           Memory-Usage | GPU-Util  Compute M. |
|                                         |                        |               MIG M. |
|=========================================+========================+======================|
|   0  NVIDIA A16                     Off |   00000000:00:10.0 Off |                    0 |
|  0%   62C    P0             42W /   62W |     546MiB /  15356MiB |     37%      Default |
|                                         |                        |                  N/A |
+-----------------------------------------+------------------------+----------------------+

+-----------------------------------------------------------------------------------------+
| Processes:                                                                              |
|  GPU   GI   CI              PID   Type   Process name                        GPU Memory |
|        ID   ID                                                               Usage      |
|=========================================================================================|
|    0   N/A  N/A            1147      G   /usr/lib/xorg/Xorg                        4MiB |
|    0   N/A  N/A         2598792      C   /opt/conda/bin/python                   524MiB |
+-----------------------------------------------------------------------------------------+
-------------------------------------
2026-01-05 17:01:04
Mon Jan  5 17:01:04 2026       
+-----------------------------------------------------------------------------------------+
| NVIDIA-SMI 580.95.05              Driver Version: 580.95.05      CUDA Version: 13.0     |
+-----------------------------------------+------------------------+----------------------+
| GPU  Name                 Persistence-M | Bus-Id          Disp.A | Volatile Uncorr. ECC |
| Fan  Temp   Perf          Pwr:Usage/Cap |           Memory-Usage | GPU-Util  Compute M. |
|                                         |                        |               MIG M. |
|=========================================+========================+======================|
|   0  NVIDIA A16                     Off |   00000000:00:10.0 Off |                    0 |
|  0%   63C    P0             42W /   62W |     546MiB /  15356MiB |     35%      Default |
|                                         |                        |                  N/A |
+-----------------------------------------+------------------------+----------------------+

+-----------------------------------------------------------------------------------------+
| Processes:                                                                              |
|  GPU   GI   CI              PID   Type   Process name                        GPU Memory |
|        ID   ID                                                               Usage      |
|=========================================================================================|
|    0   N/A  N/A            1147      G   /usr/lib/xorg/Xorg                        4MiB |
|    0   N/A  N/A         2598792      C   /opt/conda/bin/python                   524MiB |
+-----------------------------------------------------------------------------------------+
-------------------------------------
2026-01-05 17:01:06
Mon Jan  5 17:01:06 2026       
+-----------------------------------------------------------------------------------------+
| NVIDIA-SMI 580.95.05              Driver Version: 580.95.05      CUDA Version: 13.0     |
+-----------------------------------------+------------------------+----------------------+
| GPU  Name                 Persistence-M | Bus-Id          Disp.A | Volatile Uncorr. ECC |
| Fan  Temp   Perf          Pwr:Usage/Cap |           Memory-Usage | GPU-Util  Compute M. |
|                                         |                        |               MIG M. |
|=========================================+========================+======================|
|   0  NVIDIA A16                     Off |   00000000:00:10.0 Off |                    0 |
|  0%   63C    P0             42W /   62W |     546MiB /  15356MiB |     37%      Default |
|                                         |                        |                  N/A |
+-----------------------------------------+------------------------+----------------------+

+-----------------------------------------------------------------------------------------+
| Processes:                                                                              |
|  GPU   GI   CI              PID   Type   Process name                        GPU Memory |
|        ID   ID                                                               Usage      |
|=========================================================================================|
|    0   N/A  N/A            1147      G   /usr/lib/xorg/Xorg                        4MiB |
|    0   N/A  N/A         2598792      C   /opt/conda/bin/python                   524MiB |
+-----------------------------------------------------------------------------------------+
-------------------------------------
2026-01-05 17:01:08
Mon Jan  5 17:01:08 2026       
+-----------------------------------------------------------------------------------------+
| NVIDIA-SMI 580.95.05              Driver Version: 580.95.05      CUDA Version: 13.0     |
+-----------------------------------------+------------------------+----------------------+
| GPU  Name                 Persistence-M | Bus-Id          Disp.A | Volatile Uncorr. ECC |
| Fan  Temp   Perf          Pwr:Usage/Cap |           Memory-Usage | GPU-Util  Compute M. |
|                                         |                        |               MIG M. |
|=========================================+========================+======================|
|   0  NVIDIA A16                     Off |   00000000:00:10.0 Off |                    0 |
|  0%   63C    P0             43W /   62W |     546MiB /  15356MiB |     35%      Default |
|                                         |                        |                  N/A |
+-----------------------------------------+------------------------+----------------------+

+-----------------------------------------------------------------------------------------+
| Processes:                                                                              |
|  GPU   GI   CI              PID   Type   Process name                        GPU Memory |
|        ID   ID                                                               Usage      |
|=========================================================================================|
|    0   N/A  N/A            1147      G   /usr/lib/xorg/Xorg                        4MiB |
|    0   N/A  N/A         2598792      C   /opt/conda/bin/python                   524MiB |
+-----------------------------------------------------------------------------------------+
-------------------------------------
2026-01-05 17:01:10
Mon Jan  5 17:01:10 2026       
+-----------------------------------------------------------------------------------------+
| NVIDIA-SMI 580.95.05              Driver Version: 580.95.05      CUDA Version: 13.0     |
+-----------------------------------------+------------------------+----------------------+
| GPU  Name                 Persistence-M | Bus-Id          Disp.A | Volatile Uncorr. ECC |
| Fan  Temp   Perf          Pwr:Usage/Cap |           Memory-Usage | GPU-Util  Compute M. |
|                                         |                        |               MIG M. |
|=========================================+========================+======================|
|   0  NVIDIA A16                     Off |   00000000:00:10.0 Off |                    0 |
|  0%   63C    P0             43W /   62W |     546MiB /  15356MiB |     35%      Default |
|                                         |                        |                  N/A |
+-----------------------------------------+------------------------+----------------------+

+-----------------------------------------------------------------------------------------+
| Processes:                                                                              |
|  GPU   GI   CI              PID   Type   Process name                        GPU Memory |
|        ID   ID                                                               Usage      |
|=========================================================================================|
|    0   N/A  N/A            1147      G   /usr/lib/xorg/Xorg                        4MiB |
|    0   N/A  N/A         2598792      C   /opt/conda/bin/python                   524MiB |
+-----------------------------------------------------------------------------------------+
-------------------------------------
2026-01-05 17:01:13
Mon Jan  5 17:01:13 2026       
+-----------------------------------------------------------------------------------------+
| NVIDIA-SMI 580.95.05              Driver Version: 580.95.05      CUDA Version: 13.0     |
+-----------------------------------------+------------------------+----------------------+
| GPU  Name                 Persistence-M | Bus-Id          Disp.A | Volatile Uncorr. ECC |
| Fan  Temp   Perf          Pwr:Usage/Cap |           Memory-Usage | GPU-Util  Compute M. |
|                                         |                        |               MIG M. |
|=========================================+========================+======================|
|   0  NVIDIA A16                     Off |   00000000:00:10.0 Off |                    0 |
|  0%   63C    P0             43W /   62W |     546MiB /  15356MiB |     39%      Default |
|                                         |                        |                  N/A |
+-----------------------------------------+------------------------+----------------------+

+-----------------------------------------------------------------------------------------+
| Processes:                                                                              |
|  GPU   GI   CI              PID   Type   Process name                        GPU Memory |
|        ID   ID                                                               Usage      |
|=========================================================================================|
|    0   N/A  N/A            1147      G   /usr/lib/xorg/Xorg                        4MiB |
|    0   N/A  N/A         2598792      C   /opt/conda/bin/python                   524MiB |
+-----------------------------------------------------------------------------------------+
-------------------------------------
2026-01-05 17:01:15
Mon Jan  5 17:01:15 2026       
+-----------------------------------------------------------------------------------------+
| NVIDIA-SMI 580.95.05              Driver Version: 580.95.05      CUDA Version: 13.0     |
+-----------------------------------------+------------------------+----------------------+
| GPU  Name                 Persistence-M | Bus-Id          Disp.A | Volatile Uncorr. ECC |
| Fan  Temp   Perf          Pwr:Usage/Cap |           Memory-Usage | GPU-Util  Compute M. |
|                                         |                        |               MIG M. |
|=========================================+========================+======================|
|   0  NVIDIA A16                     Off |   00000000:00:10.0 Off |                    0 |
|  0%   63C    P0             42W /   62W |     546MiB /  15356MiB |     35%      Default |
|                                         |                        |                  N/A |
+-----------------------------------------+------------------------+----------------------+

+-----------------------------------------------------------------------------------------+
| Processes:                                                                              |
|  GPU   GI   CI              PID   Type   Process name                        GPU Memory |
|        ID   ID                                                               Usage      |
|=========================================================================================|
|    0   N/A  N/A            1147      G   /usr/lib/xorg/Xorg                        4MiB |
|    0   N/A  N/A         2598792      C   /opt/conda/bin/python                   524MiB |
+-----------------------------------------------------------------------------------------+
-------------------------------------
2026-01-05 17:01:17
Mon Jan  5 17:01:17 2026       
+-----------------------------------------------------------------------------------------+
| NVIDIA-SMI 580.95.05              Driver Version: 580.95.05      CUDA Version: 13.0     |
+-----------------------------------------+------------------------+----------------------+
| GPU  Name                 Persistence-M | Bus-Id          Disp.A | Volatile Uncorr. ECC |
| Fan  Temp   Perf          Pwr:Usage/Cap |           Memory-Usage | GPU-Util  Compute M. |
|                                         |                        |               MIG M. |
|=========================================+========================+======================|
|   0  NVIDIA A16                     Off |   00000000:00:10.0 Off |                    0 |
|  0%   63C    P0             42W /   62W |     546MiB /  15356MiB |     37%      Default |
|                                         |                        |                  N/A |
+-----------------------------------------+------------------------+----------------------+

+-----------------------------------------------------------------------------------------+
| Processes:                                                                              |
|  GPU   GI   CI              PID   Type   Process name                        GPU Memory |
|        ID   ID                                                               Usage      |
|=========================================================================================|
|    0   N/A  N/A            1147      G   /usr/lib/xorg/Xorg                        4MiB |
|    0   N/A  N/A         2598792      C   /opt/conda/bin/python                   524MiB |
+-----------------------------------------------------------------------------------------+
-------------------------------------
2026-01-05 17:01:19
Mon Jan  5 17:01:19 2026       
+-----------------------------------------------------------------------------------------+
| NVIDIA-SMI 580.95.05              Driver Version: 580.95.05      CUDA Version: 13.0     |
+-----------------------------------------+------------------------+----------------------+
| GPU  Name                 Persistence-M | Bus-Id          Disp.A | Volatile Uncorr. ECC |
| Fan  Temp   Perf          Pwr:Usage/Cap |           Memory-Usage | GPU-Util  Compute M. |
|                                         |                        |               MIG M. |
|=========================================+========================+======================|
|   0  NVIDIA A16                     Off |   00000000:00:10.0 Off |                    0 |
|  0%   63C    P0             43W /   62W |     546MiB /  15356MiB |     39%      Default |
|                                         |                        |                  N/A |
+-----------------------------------------+------------------------+----------------------+

+-----------------------------------------------------------------------------------------+
| Processes:                                                                              |
|  GPU   GI   CI              PID   Type   Process name                        GPU Memory |
|        ID   ID                                                               Usage      |
|=========================================================================================|
|    0   N/A  N/A            1147      G   /usr/lib/xorg/Xorg                        4MiB |
|    0   N/A  N/A         2598792      C   /opt/conda/bin/python                   524MiB |
+-----------------------------------------------------------------------------------------+
-------------------------------------
2026-01-05 17:01:21
Mon Jan  5 17:01:21 2026       
+-----------------------------------------------------------------------------------------+
| NVIDIA-SMI 580.95.05              Driver Version: 580.95.05      CUDA Version: 13.0     |
+-----------------------------------------+------------------------+----------------------+
| GPU  Name                 Persistence-M | Bus-Id          Disp.A | Volatile Uncorr. ECC |
| Fan  Temp   Perf          Pwr:Usage/Cap |           Memory-Usage | GPU-Util  Compute M. |
|                                         |                        |               MIG M. |
|=========================================+========================+======================|
|   0  NVIDIA A16                     Off |   00000000:00:10.0 Off |                    0 |
|  0%   63C    P0             42W /   62W |     546MiB /  15356MiB |     37%      Default |
|                                         |                        |                  N/A |
+-----------------------------------------+------------------------+----------------------+

+-----------------------------------------------------------------------------------------+
| Processes:                                                                              |
|  GPU   GI   CI              PID   Type   Process name                        GPU Memory |
|        ID   ID                                                               Usage      |
|=========================================================================================|
|    0   N/A  N/A            1147      G   /usr/lib/xorg/Xorg                        4MiB |
|    0   N/A  N/A         2598792      C   /opt/conda/bin/python                   524MiB |
+-----------------------------------------------------------------------------------------+
-------------------------------------
2026-01-05 17:01:24
Mon Jan  5 17:01:24 2026       
+-----------------------------------------------------------------------------------------+
| NVIDIA-SMI 580.95.05              Driver Version: 580.95.05      CUDA Version: 13.0     |
+-----------------------------------------+------------------------+----------------------+
| GPU  Name                 Persistence-M | Bus-Id          Disp.A | Volatile Uncorr. ECC |
| Fan  Temp   Perf          Pwr:Usage/Cap |           Memory-Usage | GPU-Util  Compute M. |
|                                         |                        |               MIG M. |
|=========================================+========================+======================|
|   0  NVIDIA A16                     Off |   00000000:00:10.0 Off |                    0 |
|  0%   63C    P0             42W /   62W |     546MiB /  15356MiB |     35%      Default |
|                                         |                        |                  N/A |
+-----------------------------------------+------------------------+----------------------+

+-----------------------------------------------------------------------------------------+
| Processes:                                                                              |
|  GPU   GI   CI              PID   Type   Process name                        GPU Memory |
|        ID   ID                                                               Usage      |
|=========================================================================================|
|    0   N/A  N/A            1147      G   /usr/lib/xorg/Xorg                        4MiB |
|    0   N/A  N/A         2598792      C   /opt/conda/bin/python                   524MiB |
+-----------------------------------------------------------------------------------------+
-------------------------------------
2026-01-05 17:01:26
Mon Jan  5 17:01:26 2026       
+-----------------------------------------------------------------------------------------+
| NVIDIA-SMI 580.95.05              Driver Version: 580.95.05      CUDA Version: 13.0     |
+-----------------------------------------+------------------------+----------------------+
| GPU  Name                 Persistence-M | Bus-Id          Disp.A | Volatile Uncorr. ECC |
| Fan  Temp   Perf          Pwr:Usage/Cap |           Memory-Usage | GPU-Util  Compute M. |
|                                         |                        |               MIG M. |
|=========================================+========================+======================|
|   0  NVIDIA A16                     Off |   00000000:00:10.0 Off |                    0 |
|  0%   63C    P0             43W /   62W |     546MiB /  15356MiB |     39%      Default |
|                                         |                        |                  N/A |
+-----------------------------------------+------------------------+----------------------+

+-----------------------------------------------------------------------------------------+
| Processes:                                                                              |
|  GPU   GI   CI              PID   Type   Process name                        GPU Memory |
|        ID   ID                                                               Usage      |
|=========================================================================================|
|    0   N/A  N/A            1147      G   /usr/lib/xorg/Xorg                        4MiB |
|    0   N/A  N/A         2598792      C   /opt/conda/bin/python                   524MiB |
+-----------------------------------------------------------------------------------------+
-------------------------------------
2026-01-05 17:01:28
Mon Jan  5 17:01:28 2026       
+-----------------------------------------------------------------------------------------+
| NVIDIA-SMI 580.95.05              Driver Version: 580.95.05      CUDA Version: 13.0     |
+-----------------------------------------+------------------------+----------------------+
| GPU  Name                 Persistence-M | Bus-Id          Disp.A | Volatile Uncorr. ECC |
| Fan  Temp   Perf          Pwr:Usage/Cap |           Memory-Usage | GPU-Util  Compute M. |
|                                         |                        |               MIG M. |
|=========================================+========================+======================|
|   0  NVIDIA A16                     Off |   00000000:00:10.0 Off |                    0 |
|  0%   63C    P0             43W /   62W |     546MiB /  15356MiB |     39%      Default |
|                                         |                        |                  N/A |
+-----------------------------------------+------------------------+----------------------+

+-----------------------------------------------------------------------------------------+
| Processes:                                                                              |
|  GPU   GI   CI              PID   Type   Process name                        GPU Memory |
|        ID   ID                                                               Usage      |
|=========================================================================================|
|    0   N/A  N/A            1147      G   /usr/lib/xorg/Xorg                        4MiB |
|    0   N/A  N/A         2598792      C   /opt/conda/bin/python                   524MiB |
+-----------------------------------------------------------------------------------------+
-------------------------------------
2026-01-05 17:01:30
Mon Jan  5 17:01:30 2026       
+-----------------------------------------------------------------------------------------+
| NVIDIA-SMI 580.95.05              Driver Version: 580.95.05      CUDA Version: 13.0     |
+-----------------------------------------+------------------------+----------------------+
| GPU  Name                 Persistence-M | Bus-Id          Disp.A | Volatile Uncorr. ECC |
| Fan  Temp   Perf          Pwr:Usage/Cap |           Memory-Usage | GPU-Util  Compute M. |
|                                         |                        |               MIG M. |
|=========================================+========================+======================|
|   0  NVIDIA A16                     Off |   00000000:00:10.0 Off |                    0 |
|  0%   63C    P0             42W /   62W |     546MiB /  15356MiB |     35%      Default |
|                                         |                        |                  N/A |
+-----------------------------------------+------------------------+----------------------+

+-----------------------------------------------------------------------------------------+
| Processes:                                                                              |
|  GPU   GI   CI              PID   Type   Process name                        GPU Memory |
|        ID   ID                                                               Usage      |
|=========================================================================================|
|    0   N/A  N/A            1147      G   /usr/lib/xorg/Xorg                        4MiB |
|    0   N/A  N/A         2598792      C   /opt/conda/bin/python                   524MiB |
+-----------------------------------------------------------------------------------------+
-------------------------------------
2026-01-05 17:01:32
Mon Jan  5 17:01:32 2026       
+-----------------------------------------------------------------------------------------+
| NVIDIA-SMI 580.95.05              Driver Version: 580.95.05      CUDA Version: 13.0     |
+-----------------------------------------+------------------------+----------------------+
| GPU  Name                 Persistence-M | Bus-Id          Disp.A | Volatile Uncorr. ECC |
| Fan  Temp   Perf          Pwr:Usage/Cap |           Memory-Usage | GPU-Util  Compute M. |
|                                         |                        |               MIG M. |
|=========================================+========================+======================|
|   0  NVIDIA A16                     Off |   00000000:00:10.0 Off |                    0 |
|  0%   63C    P0             42W /   62W |     546MiB /  15356MiB |     35%      Default |
|                                         |                        |                  N/A |
+-----------------------------------------+------------------------+----------------------+

+-----------------------------------------------------------------------------------------+
| Processes:                                                                              |
|  GPU   GI   CI              PID   Type   Process name                        GPU Memory |
|        ID   ID                                                               Usage      |
|=========================================================================================|
|    0   N/A  N/A            1147      G   /usr/lib/xorg/Xorg                        4MiB |
|    0   N/A  N/A         2598792      C   /opt/conda/bin/python                   524MiB |
+-----------------------------------------------------------------------------------------+
-------------------------------------
2026-01-05 17:01:35
Mon Jan  5 17:01:35 2026       
+-----------------------------------------------------------------------------------------+
| NVIDIA-SMI 580.95.05              Driver Version: 580.95.05      CUDA Version: 13.0     |
+-----------------------------------------+------------------------+----------------------+
| GPU  Name                 Persistence-M | Bus-Id          Disp.A | Volatile Uncorr. ECC |
| Fan  Temp   Perf          Pwr:Usage/Cap |           Memory-Usage | GPU-Util  Compute M. |
|                                         |                        |               MIG M. |
|=========================================+========================+======================|
|   0  NVIDIA A16                     Off |   00000000:00:10.0 Off |                    0 |
|  0%   63C    P0             42W /   62W |     546MiB /  15356MiB |     34%      Default |
|                                         |                        |                  N/A |
+-----------------------------------------+------------------------+----------------------+

+-----------------------------------------------------------------------------------------+
| Processes:                                                                              |
|  GPU   GI   CI              PID   Type   Process name                        GPU Memory |
|        ID   ID                                                               Usage      |
|=========================================================================================|
|    0   N/A  N/A            1147      G   /usr/lib/xorg/Xorg                        4MiB |
|    0   N/A  N/A         2598792      C   /opt/conda/bin/python                   524MiB |
+-----------------------------------------------------------------------------------------+
-------------------------------------
2026-01-05 17:01:37
Mon Jan  5 17:01:37 2026       
+-----------------------------------------------------------------------------------------+
| NVIDIA-SMI 580.95.05              Driver Version: 580.95.05      CUDA Version: 13.0     |
+-----------------------------------------+------------------------+----------------------+
| GPU  Name                 Persistence-M | Bus-Id          Disp.A | Volatile Uncorr. ECC |
| Fan  Temp   Perf          Pwr:Usage/Cap |           Memory-Usage | GPU-Util  Compute M. |
|                                         |                        |               MIG M. |
|=========================================+========================+======================|
|   0  NVIDIA A16                     Off |   00000000:00:10.0 Off |                    0 |
|  0%   63C    P0             43W /   62W |     546MiB /  15356MiB |     35%      Default |
|                                         |                        |                  N/A |
+-----------------------------------------+------------------------+----------------------+

+-----------------------------------------------------------------------------------------+
| Processes:                                                                              |
|  GPU   GI   CI              PID   Type   Process name                        GPU Memory |
|        ID   ID                                                               Usage      |
|=========================================================================================|
|    0   N/A  N/A            1147      G   /usr/lib/xorg/Xorg                        4MiB |
|    0   N/A  N/A         2598792      C   /opt/conda/bin/python                   524MiB |
+-----------------------------------------------------------------------------------------+
-------------------------------------
2026-01-05 17:01:39
Mon Jan  5 17:01:39 2026       
+-----------------------------------------------------------------------------------------+
| NVIDIA-SMI 580.95.05              Driver Version: 580.95.05      CUDA Version: 13.0     |
+-----------------------------------------+------------------------+----------------------+
| GPU  Name                 Persistence-M | Bus-Id          Disp.A | Volatile Uncorr. ECC |
| Fan  Temp   Perf          Pwr:Usage/Cap |           Memory-Usage | GPU-Util  Compute M. |
|                                         |                        |               MIG M. |
|=========================================+========================+======================|
|   0  NVIDIA A16                     Off |   00000000:00:10.0 Off |                    0 |
|  0%   63C    P0             43W /   62W |     546MiB /  15356MiB |     38%      Default |
|                                         |                        |                  N/A |
+-----------------------------------------+------------------------+----------------------+

+-----------------------------------------------------------------------------------------+
| Processes:                                                                              |
|  GPU   GI   CI              PID   Type   Process name                        GPU Memory |
|        ID   ID                                                               Usage      |
|=========================================================================================|
|    0   N/A  N/A            1147      G   /usr/lib/xorg/Xorg                        4MiB |
|    0   N/A  N/A         2598792      C   /opt/conda/bin/python                   524MiB |
+-----------------------------------------------------------------------------------------+
-------------------------------------
2026-01-05 17:01:41
Mon Jan  5 17:01:41 2026       
+-----------------------------------------------------------------------------------------+
| NVIDIA-SMI 580.95.05              Driver Version: 580.95.05      CUDA Version: 13.0     |
+-----------------------------------------+------------------------+----------------------+
| GPU  Name                 Persistence-M | Bus-Id          Disp.A | Volatile Uncorr. ECC |
| Fan  Temp   Perf          Pwr:Usage/Cap |           Memory-Usage | GPU-Util  Compute M. |
|                                         |                        |               MIG M. |
|=========================================+========================+======================|
|   0  NVIDIA A16                     Off |   00000000:00:10.0 Off |                    0 |
|  0%   63C    P0             42W /   62W |     546MiB /  15356MiB |     35%      Default |
|                                         |                        |                  N/A |
+-----------------------------------------+------------------------+----------------------+

+-----------------------------------------------------------------------------------------+
| Processes:                                                                              |
|  GPU   GI   CI              PID   Type   Process name                        GPU Memory |
|        ID   ID                                                               Usage      |
|=========================================================================================|
|    0   N/A  N/A            1147      G   /usr/lib/xorg/Xorg                        4MiB |
|    0   N/A  N/A         2598792      C   /opt/conda/bin/python                   524MiB |
+-----------------------------------------------------------------------------------------+
-------------------------------------
2026-01-05 17:01:43
Mon Jan  5 17:01:43 2026       
+-----------------------------------------------------------------------------------------+
| NVIDIA-SMI 580.95.05              Driver Version: 580.95.05      CUDA Version: 13.0     |
+-----------------------------------------+------------------------+----------------------+
| GPU  Name                 Persistence-M | Bus-Id          Disp.A | Volatile Uncorr. ECC |
| Fan  Temp   Perf          Pwr:Usage/Cap |           Memory-Usage | GPU-Util  Compute M. |
|                                         |                        |               MIG M. |
|=========================================+========================+======================|
|   0  NVIDIA A16                     Off |   00000000:00:10.0 Off |                    0 |
|  0%   63C    P0             42W /   62W |     546MiB /  15356MiB |     35%      Default |
|                                         |                        |                  N/A |
+-----------------------------------------+------------------------+----------------------+

+-----------------------------------------------------------------------------------------+
| Processes:                                                                              |
|  GPU   GI   CI              PID   Type   Process name                        GPU Memory |
|        ID   ID                                                               Usage      |
|=========================================================================================|
|    0   N/A  N/A            1147      G   /usr/lib/xorg/Xorg                        4MiB |
|    0   N/A  N/A         2598792      C   /opt/conda/bin/python                   524MiB |
+-----------------------------------------------------------------------------------------+
-------------------------------------
2026-01-05 17:01:46
Mon Jan  5 17:01:46 2026       
+-----------------------------------------------------------------------------------------+
| NVIDIA-SMI 580.95.05              Driver Version: 580.95.05      CUDA Version: 13.0     |
+-----------------------------------------+------------------------+----------------------+
| GPU  Name                 Persistence-M | Bus-Id          Disp.A | Volatile Uncorr. ECC |
| Fan  Temp   Perf          Pwr:Usage/Cap |           Memory-Usage | GPU-Util  Compute M. |
|                                         |                        |               MIG M. |
|=========================================+========================+======================|
|   0  NVIDIA A16                     Off |   00000000:00:10.0 Off |                    0 |
|  0%   63C    P0             43W /   62W |     546MiB /  15356MiB |     35%      Default |
|                                         |                        |                  N/A |
+-----------------------------------------+------------------------+----------------------+

+-----------------------------------------------------------------------------------------+
| Processes:                                                                              |
|  GPU   GI   CI              PID   Type   Process name                        GPU Memory |
|        ID   ID                                                               Usage      |
|=========================================================================================|
|    0   N/A  N/A            1147      G   /usr/lib/xorg/Xorg                        4MiB |
|    0   N/A  N/A         2598792      C   /opt/conda/bin/python                   524MiB |
+-----------------------------------------------------------------------------------------+
-------------------------------------
2026-01-05 17:01:48
Mon Jan  5 17:01:48 2026       
+-----------------------------------------------------------------------------------------+
| NVIDIA-SMI 580.95.05              Driver Version: 580.95.05      CUDA Version: 13.0     |
+-----------------------------------------+------------------------+----------------------+
| GPU  Name                 Persistence-M | Bus-Id          Disp.A | Volatile Uncorr. ECC |
| Fan  Temp   Perf          Pwr:Usage/Cap |           Memory-Usage | GPU-Util  Compute M. |
|                                         |                        |               MIG M. |
|=========================================+========================+======================|
|   0  NVIDIA A16                     Off |   00000000:00:10.0 Off |                    0 |
|  0%   63C    P0             43W /   62W |     546MiB /  15356MiB |     36%      Default |
|                                         |                        |                  N/A |
+-----------------------------------------+------------------------+----------------------+

+-----------------------------------------------------------------------------------------+
| Processes:                                                                              |
|  GPU   GI   CI              PID   Type   Process name                        GPU Memory |
|        ID   ID                                                               Usage      |
|=========================================================================================|
|    0   N/A  N/A            1147      G   /usr/lib/xorg/Xorg                        4MiB |
|    0   N/A  N/A         2598792      C   /opt/conda/bin/python                   524MiB |
+-----------------------------------------------------------------------------------------+
-------------------------------------
2026-01-05 17:01:50
Mon Jan  5 17:01:50 2026       
+-----------------------------------------------------------------------------------------+
| NVIDIA-SMI 580.95.05              Driver Version: 580.95.05      CUDA Version: 13.0     |
+-----------------------------------------+------------------------+----------------------+
| GPU  Name                 Persistence-M | Bus-Id          Disp.A | Volatile Uncorr. ECC |
| Fan  Temp   Perf          Pwr:Usage/Cap |           Memory-Usage | GPU-Util  Compute M. |
|                                         |                        |               MIG M. |
|=========================================+========================+======================|
|   0  NVIDIA A16                     Off |   00000000:00:10.0 Off |                    0 |
|  0%   63C    P0             43W /   62W |     546MiB /  15356MiB |     35%      Default |
|                                         |                        |                  N/A |
+-----------------------------------------+------------------------+----------------------+

+-----------------------------------------------------------------------------------------+
| Processes:                                                                              |
|  GPU   GI   CI              PID   Type   Process name                        GPU Memory |
|        ID   ID                                                               Usage      |
|=========================================================================================|
|    0   N/A  N/A            1147      G   /usr/lib/xorg/Xorg                        4MiB |
|    0   N/A  N/A         2598792      C   /opt/conda/bin/python                   524MiB |
+-----------------------------------------------------------------------------------------+
-------------------------------------
2026-01-05 17:01:52
Mon Jan  5 17:01:52 2026       
+-----------------------------------------------------------------------------------------+
| NVIDIA-SMI 580.95.05              Driver Version: 580.95.05      CUDA Version: 13.0     |
+-----------------------------------------+------------------------+----------------------+
| GPU  Name                 Persistence-M | Bus-Id          Disp.A | Volatile Uncorr. ECC |
| Fan  Temp   Perf          Pwr:Usage/Cap |           Memory-Usage | GPU-Util  Compute M. |
|                                         |                        |               MIG M. |
|=========================================+========================+======================|
|   0  NVIDIA A16                     Off |   00000000:00:10.0 Off |                    0 |
|  0%   63C    P0             43W /   62W |     546MiB /  15356MiB |     39%      Default |
|                                         |                        |                  N/A |
+-----------------------------------------+------------------------+----------------------+

+-----------------------------------------------------------------------------------------+
| Processes:                                                                              |
|  GPU   GI   CI              PID   Type   Process name                        GPU Memory |
|        ID   ID                                                               Usage      |
|=========================================================================================|
|    0   N/A  N/A            1147      G   /usr/lib/xorg/Xorg                        4MiB |
|    0   N/A  N/A         2598792      C   /opt/conda/bin/python                   524MiB |
+-----------------------------------------------------------------------------------------+
-------------------------------------
2026-01-05 17:01:54
Mon Jan  5 17:01:54 2026       
+-----------------------------------------------------------------------------------------+
| NVIDIA-SMI 580.95.05              Driver Version: 580.95.05      CUDA Version: 13.0     |
+-----------------------------------------+------------------------+----------------------+
| GPU  Name                 Persistence-M | Bus-Id          Disp.A | Volatile Uncorr. ECC |
| Fan  Temp   Perf          Pwr:Usage/Cap |           Memory-Usage | GPU-Util  Compute M. |
|                                         |                        |               MIG M. |
|=========================================+========================+======================|
|   0  NVIDIA A16                     Off |   00000000:00:10.0 Off |                    0 |
|  0%   63C    P0             42W /   62W |     546MiB /  15356MiB |     33%      Default |
|                                         |                        |                  N/A |
+-----------------------------------------+------------------------+----------------------+

+-----------------------------------------------------------------------------------------+
| Processes:                                                                              |
|  GPU   GI   CI              PID   Type   Process name                        GPU Memory |
|        ID   ID                                                               Usage      |
|=========================================================================================|
|    0   N/A  N/A            1147      G   /usr/lib/xorg/Xorg                        4MiB |
|    0   N/A  N/A         2598792      C   /opt/conda/bin/python                   524MiB |
+-----------------------------------------------------------------------------------------+
-------------------------------------
2026-01-05 17:01:57
Mon Jan  5 17:01:57 2026       
+-----------------------------------------------------------------------------------------+
| NVIDIA-SMI 580.95.05              Driver Version: 580.95.05      CUDA Version: 13.0     |
+-----------------------------------------+------------------------+----------------------+
| GPU  Name                 Persistence-M | Bus-Id          Disp.A | Volatile Uncorr. ECC |
| Fan  Temp   Perf          Pwr:Usage/Cap |           Memory-Usage | GPU-Util  Compute M. |
|                                         |                        |               MIG M. |
|=========================================+========================+======================|
|   0  NVIDIA A16                     Off |   00000000:00:10.0 Off |                    0 |
|  0%   63C    P0             43W /   62W |     546MiB /  15356MiB |     39%      Default |
|                                         |                        |                  N/A |
+-----------------------------------------+------------------------+----------------------+

+-----------------------------------------------------------------------------------------+
| Processes:                                                                              |
|  GPU   GI   CI              PID   Type   Process name                        GPU Memory |
|        ID   ID                                                               Usage      |
|=========================================================================================|
|    0   N/A  N/A            1147      G   /usr/lib/xorg/Xorg                        4MiB |
|    0   N/A  N/A         2598792      C   /opt/conda/bin/python                   524MiB |
+-----------------------------------------------------------------------------------------+
-------------------------------------
2026-01-05 17:01:59
Mon Jan  5 17:01:59 2026       
+-----------------------------------------------------------------------------------------+
| NVIDIA-SMI 580.95.05              Driver Version: 580.95.05      CUDA Version: 13.0     |
+-----------------------------------------+------------------------+----------------------+
| GPU  Name                 Persistence-M | Bus-Id          Disp.A | Volatile Uncorr. ECC |
| Fan  Temp   Perf          Pwr:Usage/Cap |           Memory-Usage | GPU-Util  Compute M. |
|                                         |                        |               MIG M. |
|=========================================+========================+======================|
|   0  NVIDIA A16                     Off |   00000000:00:10.0 Off |                    0 |
|  0%   63C    P0             43W /   62W |     546MiB /  15356MiB |     35%      Default |
|                                         |                        |                  N/A |
+-----------------------------------------+------------------------+----------------------+

+-----------------------------------------------------------------------------------------+
| Processes:                                                                              |
|  GPU   GI   CI              PID   Type   Process name                        GPU Memory |
|        ID   ID                                                               Usage      |
|=========================================================================================|
|    0   N/A  N/A            1147      G   /usr/lib/xorg/Xorg                        4MiB |
|    0   N/A  N/A         2598792      C   /opt/conda/bin/python                   524MiB |
+-----------------------------------------------------------------------------------------+
-------------------------------------
2026-01-05 17:02:01
Mon Jan  5 17:02:01 2026       
+-----------------------------------------------------------------------------------------+
| NVIDIA-SMI 580.95.05              Driver Version: 580.95.05      CUDA Version: 13.0     |
+-----------------------------------------+------------------------+----------------------+
| GPU  Name                 Persistence-M | Bus-Id          Disp.A | Volatile Uncorr. ECC |
| Fan  Temp   Perf          Pwr:Usage/Cap |           Memory-Usage | GPU-Util  Compute M. |
|                                         |                        |               MIG M. |
|=========================================+========================+======================|
|   0  NVIDIA A16                     Off |   00000000:00:10.0 Off |                    0 |
|  0%   63C    P0             43W /   62W |     546MiB /  15356MiB |     39%      Default |
|                                         |                        |                  N/A |
+-----------------------------------------+------------------------+----------------------+

+-----------------------------------------------------------------------------------------+
| Processes:                                                                              |
|  GPU   GI   CI              PID   Type   Process name                        GPU Memory |
|        ID   ID                                                               Usage      |
|=========================================================================================|
|    0   N/A  N/A            1147      G   /usr/lib/xorg/Xorg                        4MiB |
|    0   N/A  N/A         2598792      C   /opt/conda/bin/python                   524MiB |
+-----------------------------------------------------------------------------------------+
-------------------------------------
2026-01-05 17:02:03
Mon Jan  5 17:02:03 2026       
+-----------------------------------------------------------------------------------------+
| NVIDIA-SMI 580.95.05              Driver Version: 580.95.05      CUDA Version: 13.0     |
+-----------------------------------------+------------------------+----------------------+
| GPU  Name                 Persistence-M | Bus-Id          Disp.A | Volatile Uncorr. ECC |
| Fan  Temp   Perf          Pwr:Usage/Cap |           Memory-Usage | GPU-Util  Compute M. |
|                                         |                        |               MIG M. |
|=========================================+========================+======================|
|   0  NVIDIA A16                     Off |   00000000:00:10.0 Off |                    0 |
|  0%   63C    P0             42W /   62W |     546MiB /  15356MiB |     35%      Default |
|                                         |                        |                  N/A |
+-----------------------------------------+------------------------+----------------------+

+-----------------------------------------------------------------------------------------+
| Processes:                                                                              |
|  GPU   GI   CI              PID   Type   Process name                        GPU Memory |
|        ID   ID                                                               Usage      |
|=========================================================================================|
|    0   N/A  N/A            1147      G   /usr/lib/xorg/Xorg                        4MiB |
|    0   N/A  N/A         2598792      C   /opt/conda/bin/python                   524MiB |
+-----------------------------------------------------------------------------------------+
-------------------------------------
2026-01-05 17:02:05
Mon Jan  5 17:02:05 2026       
+-----------------------------------------------------------------------------------------+
| NVIDIA-SMI 580.95.05              Driver Version: 580.95.05      CUDA Version: 13.0     |
+-----------------------------------------+------------------------+----------------------+
| GPU  Name                 Persistence-M | Bus-Id          Disp.A | Volatile Uncorr. ECC |
| Fan  Temp   Perf          Pwr:Usage/Cap |           Memory-Usage | GPU-Util  Compute M. |
|                                         |                        |               MIG M. |
|=========================================+========================+======================|
|   0  NVIDIA A16                     Off |   00000000:00:10.0 Off |                    0 |
|  0%   63C    P0             42W /   62W |     546MiB /  15356MiB |     34%      Default |
|                                         |                        |                  N/A |
+-----------------------------------------+------------------------+----------------------+

+-----------------------------------------------------------------------------------------+
| Processes:                                                                              |
|  GPU   GI   CI              PID   Type   Process name                        GPU Memory |
|        ID   ID                                                               Usage      |
|=========================================================================================|
|    0   N/A  N/A            1147      G   /usr/lib/xorg/Xorg                        4MiB |
|    0   N/A  N/A         2598792      C   /opt/conda/bin/python                   524MiB |
+-----------------------------------------------------------------------------------------+
-------------------------------------
2026-01-05 17:02:08
Mon Jan  5 17:02:08 2026       
+-----------------------------------------------------------------------------------------+
| NVIDIA-SMI 580.95.05              Driver Version: 580.95.05      CUDA Version: 13.0     |
+-----------------------------------------+------------------------+----------------------+
| GPU  Name                 Persistence-M | Bus-Id          Disp.A | Volatile Uncorr. ECC |
| Fan  Temp   Perf          Pwr:Usage/Cap |           Memory-Usage | GPU-Util  Compute M. |
|                                         |                        |               MIG M. |
|=========================================+========================+======================|
|   0  NVIDIA A16                     Off |   00000000:00:10.0 Off |                    0 |
|  0%   63C    P0             42W /   62W |     546MiB /  15356MiB |     36%      Default |
|                                         |                        |                  N/A |
+-----------------------------------------+------------------------+----------------------+

+-----------------------------------------------------------------------------------------+
| Processes:                                                                              |
|  GPU   GI   CI              PID   Type   Process name                        GPU Memory |
|        ID   ID                                                               Usage      |
|=========================================================================================|
|    0   N/A  N/A            1147      G   /usr/lib/xorg/Xorg                        4MiB |
|    0   N/A  N/A         2598792      C   /opt/conda/bin/python                   524MiB |
+-----------------------------------------------------------------------------------------+
-------------------------------------
2026-01-05 17:02:10
Mon Jan  5 17:02:10 2026       
+-----------------------------------------------------------------------------------------+
| NVIDIA-SMI 580.95.05              Driver Version: 580.95.05      CUDA Version: 13.0     |
+-----------------------------------------+------------------------+----------------------+
| GPU  Name                 Persistence-M | Bus-Id          Disp.A | Volatile Uncorr. ECC |
| Fan  Temp   Perf          Pwr:Usage/Cap |           Memory-Usage | GPU-Util  Compute M. |
|                                         |                        |               MIG M. |
|=========================================+========================+======================|
|   0  NVIDIA A16                     Off |   00000000:00:10.0 Off |                    0 |
|  0%   63C    P0             42W /   62W |     546MiB /  15356MiB |     38%      Default |
|                                         |                        |                  N/A |
+-----------------------------------------+------------------------+----------------------+

+-----------------------------------------------------------------------------------------+
| Processes:                                                                              |
|  GPU   GI   CI              PID   Type   Process name                        GPU Memory |
|        ID   ID                                                               Usage      |
|=========================================================================================|
|    0   N/A  N/A            1147      G   /usr/lib/xorg/Xorg                        4MiB |
|    0   N/A  N/A         2598792      C   /opt/conda/bin/python                   524MiB |
+-----------------------------------------------------------------------------------------+
-------------------------------------
2026-01-05 17:02:12
Mon Jan  5 17:02:12 2026       
+-----------------------------------------------------------------------------------------+
| NVIDIA-SMI 580.95.05              Driver Version: 580.95.05      CUDA Version: 13.0     |
+-----------------------------------------+------------------------+----------------------+
| GPU  Name                 Persistence-M | Bus-Id          Disp.A | Volatile Uncorr. ECC |
| Fan  Temp   Perf          Pwr:Usage/Cap |           Memory-Usage | GPU-Util  Compute M. |
|                                         |                        |               MIG M. |
|=========================================+========================+======================|
|   0  NVIDIA A16                     Off |   00000000:00:10.0 Off |                    0 |
|  0%   63C    P0             43W /   62W |     546MiB /  15356MiB |     35%      Default |
|                                         |                        |                  N/A |
+-----------------------------------------+------------------------+----------------------+

+-----------------------------------------------------------------------------------------+
| Processes:                                                                              |
|  GPU   GI   CI              PID   Type   Process name                        GPU Memory |
|        ID   ID                                                               Usage      |
|=========================================================================================|
|    0   N/A  N/A            1147      G   /usr/lib/xorg/Xorg                        4MiB |
|    0   N/A  N/A         2598792      C   /opt/conda/bin/python                   524MiB |
+-----------------------------------------------------------------------------------------+
-------------------------------------
2026-01-05 17:02:14
Mon Jan  5 17:02:14 2026       
+-----------------------------------------------------------------------------------------+
| NVIDIA-SMI 580.95.05              Driver Version: 580.95.05      CUDA Version: 13.0     |
+-----------------------------------------+------------------------+----------------------+
| GPU  Name                 Persistence-M | Bus-Id          Disp.A | Volatile Uncorr. ECC |
| Fan  Temp   Perf          Pwr:Usage/Cap |           Memory-Usage | GPU-Util  Compute M. |
|                                         |                        |               MIG M. |
|=========================================+========================+======================|
|   0  NVIDIA A16                     Off |   00000000:00:10.0 Off |                    0 |
|  0%   63C    P0             42W /   62W |     546MiB /  15356MiB |     35%      Default |
|                                         |                        |                  N/A |
+-----------------------------------------+------------------------+----------------------+

+-----------------------------------------------------------------------------------------+
| Processes:                                                                              |
|  GPU   GI   CI              PID   Type   Process name                        GPU Memory |
|        ID   ID                                                               Usage      |
|=========================================================================================|
|    0   N/A  N/A            1147      G   /usr/lib/xorg/Xorg                        4MiB |
|    0   N/A  N/A         2598792      C   /opt/conda/bin/python                   524MiB |
+-----------------------------------------------------------------------------------------+
-------------------------------------
2026-01-05 17:02:16
Mon Jan  5 17:02:16 2026       
+-----------------------------------------------------------------------------------------+
| NVIDIA-SMI 580.95.05              Driver Version: 580.95.05      CUDA Version: 13.0     |
+-----------------------------------------+------------------------+----------------------+
| GPU  Name                 Persistence-M | Bus-Id          Disp.A | Volatile Uncorr. ECC |
| Fan  Temp   Perf          Pwr:Usage/Cap |           Memory-Usage | GPU-Util  Compute M. |
|                                         |                        |               MIG M. |
|=========================================+========================+======================|
|   0  NVIDIA A16                     Off |   00000000:00:10.0 Off |                    0 |
|  0%   63C    P0             43W /   62W |     546MiB /  15356MiB |     37%      Default |
|                                         |                        |                  N/A |
+-----------------------------------------+------------------------+----------------------+

+-----------------------------------------------------------------------------------------+
| Processes:                                                                              |
|  GPU   GI   CI              PID   Type   Process name                        GPU Memory |
|        ID   ID                                                               Usage      |
|=========================================================================================|
|    0   N/A  N/A            1147      G   /usr/lib/xorg/Xorg                        4MiB |
|    0   N/A  N/A         2598792      C   /opt/conda/bin/python                   524MiB |
+-----------------------------------------------------------------------------------------+
-------------------------------------
2026-01-05 17:02:19
Mon Jan  5 17:02:19 2026       
+-----------------------------------------------------------------------------------------+
| NVIDIA-SMI 580.95.05              Driver Version: 580.95.05      CUDA Version: 13.0     |
+-----------------------------------------+------------------------+----------------------+
| GPU  Name                 Persistence-M | Bus-Id          Disp.A | Volatile Uncorr. ECC |
| Fan  Temp   Perf          Pwr:Usage/Cap |           Memory-Usage | GPU-Util  Compute M. |
|                                         |                        |               MIG M. |
|=========================================+========================+======================|
|   0  NVIDIA A16                     Off |   00000000:00:10.0 Off |                    0 |
|  0%   63C    P0             42W /   62W |     546MiB /  15356MiB |     37%      Default |
|                                         |                        |                  N/A |
+-----------------------------------------+------------------------+----------------------+

+-----------------------------------------------------------------------------------------+
| Processes:                                                                              |
|  GPU   GI   CI              PID   Type   Process name                        GPU Memory |
|        ID   ID                                                               Usage      |
|=========================================================================================|
|    0   N/A  N/A            1147      G   /usr/lib/xorg/Xorg                        4MiB |
|    0   N/A  N/A         2598792      C   /opt/conda/bin/python                   524MiB |
+-----------------------------------------------------------------------------------------+
-------------------------------------
2026-01-05 17:02:21
Mon Jan  5 17:02:21 2026       
+-----------------------------------------------------------------------------------------+
| NVIDIA-SMI 580.95.05              Driver Version: 580.95.05      CUDA Version: 13.0     |
+-----------------------------------------+------------------------+----------------------+
| GPU  Name                 Persistence-M | Bus-Id          Disp.A | Volatile Uncorr. ECC |
| Fan  Temp   Perf          Pwr:Usage/Cap |           Memory-Usage | GPU-Util  Compute M. |
|                                         |                        |               MIG M. |
|=========================================+========================+======================|
|   0  NVIDIA A16                     Off |   00000000:00:10.0 Off |                    0 |
|  0%   63C    P0             43W /   62W |     546MiB /  15356MiB |     38%      Default |
|                                         |                        |                  N/A |
+-----------------------------------------+------------------------+----------------------+

+-----------------------------------------------------------------------------------------+
| Processes:                                                                              |
|  GPU   GI   CI              PID   Type   Process name                        GPU Memory |
|        ID   ID                                                               Usage      |
|=========================================================================================|
|    0   N/A  N/A            1147      G   /usr/lib/xorg/Xorg                        4MiB |
|    0   N/A  N/A         2598792      C   /opt/conda/bin/python                   524MiB |
+-----------------------------------------------------------------------------------------+
-------------------------------------
2026-01-05 17:02:23
Mon Jan  5 17:02:23 2026       
+-----------------------------------------------------------------------------------------+
| NVIDIA-SMI 580.95.05              Driver Version: 580.95.05      CUDA Version: 13.0     |
+-----------------------------------------+------------------------+----------------------+
| GPU  Name                 Persistence-M | Bus-Id          Disp.A | Volatile Uncorr. ECC |
| Fan  Temp   Perf          Pwr:Usage/Cap |           Memory-Usage | GPU-Util  Compute M. |
|                                         |                        |               MIG M. |
|=========================================+========================+======================|
|   0  NVIDIA A16                     Off |   00000000:00:10.0 Off |                    0 |
|  0%   63C    P0             43W /   62W |     546MiB /  15356MiB |     37%      Default |
|                                         |                        |                  N/A |
+-----------------------------------------+------------------------+----------------------+

+-----------------------------------------------------------------------------------------+
| Processes:                                                                              |
|  GPU   GI   CI              PID   Type   Process name                        GPU Memory |
|        ID   ID                                                               Usage      |
|=========================================================================================|
|    0   N/A  N/A            1147      G   /usr/lib/xorg/Xorg                        4MiB |
|    0   N/A  N/A         2598792      C   /opt/conda/bin/python                   524MiB |
+-----------------------------------------------------------------------------------------+
-------------------------------------
2026-01-05 17:02:25
Mon Jan  5 17:02:25 2026       
+-----------------------------------------------------------------------------------------+
| NVIDIA-SMI 580.95.05              Driver Version: 580.95.05      CUDA Version: 13.0     |
+-----------------------------------------+------------------------+----------------------+
| GPU  Name                 Persistence-M | Bus-Id          Disp.A | Volatile Uncorr. ECC |
| Fan  Temp   Perf          Pwr:Usage/Cap |           Memory-Usage | GPU-Util  Compute M. |
|                                         |                        |               MIG M. |
|=========================================+========================+======================|
|   0  NVIDIA A16                     Off |   00000000:00:10.0 Off |                    0 |
|  0%   63C    P0             43W /   62W |     546MiB /  15356MiB |     37%      Default |
|                                         |                        |                  N/A |
+-----------------------------------------+------------------------+----------------------+

+-----------------------------------------------------------------------------------------+
| Processes:                                                                              |
|  GPU   GI   CI              PID   Type   Process name                        GPU Memory |
|        ID   ID                                                               Usage      |
|=========================================================================================|
|    0   N/A  N/A            1147      G   /usr/lib/xorg/Xorg                        4MiB |
|    0   N/A  N/A         2598792      C   /opt/conda/bin/python                   524MiB |
+-----------------------------------------------------------------------------------------+
-------------------------------------
2026-01-05 17:02:27
Mon Jan  5 17:02:28 2026       
+-----------------------------------------------------------------------------------------+
| NVIDIA-SMI 580.95.05              Driver Version: 580.95.05      CUDA Version: 13.0     |
+-----------------------------------------+------------------------+----------------------+
| GPU  Name                 Persistence-M | Bus-Id          Disp.A | Volatile Uncorr. ECC |
| Fan  Temp   Perf          Pwr:Usage/Cap |           Memory-Usage | GPU-Util  Compute M. |
|                                         |                        |               MIG M. |
|=========================================+========================+======================|
|   0  NVIDIA A16                     Off |   00000000:00:10.0 Off |                    0 |
|  0%   63C    P0             43W /   62W |     546MiB /  15356MiB |     39%      Default |
|                                         |                        |                  N/A |
+-----------------------------------------+------------------------+----------------------+

+-----------------------------------------------------------------------------------------+
| Processes:                                                                              |
|  GPU   GI   CI              PID   Type   Process name                        GPU Memory |
|        ID   ID                                                               Usage      |
|=========================================================================================|
|    0   N/A  N/A            1147      G   /usr/lib/xorg/Xorg                        4MiB |
|    0   N/A  N/A         2598792      C   /opt/conda/bin/python                   524MiB |
+-----------------------------------------------------------------------------------------+
-------------------------------------
2026-01-05 17:02:30
Mon Jan  5 17:02:30 2026       
+-----------------------------------------------------------------------------------------+
| NVIDIA-SMI 580.95.05              Driver Version: 580.95.05      CUDA Version: 13.0     |
+-----------------------------------------+------------------------+----------------------+
| GPU  Name                 Persistence-M | Bus-Id          Disp.A | Volatile Uncorr. ECC |
| Fan  Temp   Perf          Pwr:Usage/Cap |           Memory-Usage | GPU-Util  Compute M. |
|                                         |                        |               MIG M. |
|=========================================+========================+======================|
|   0  NVIDIA A16                     Off |   00000000:00:10.0 Off |                    0 |
|  0%   63C    P0             43W /   62W |     546MiB /  15356MiB |     36%      Default |
|                                         |                        |                  N/A |
+-----------------------------------------+------------------------+----------------------+

+-----------------------------------------------------------------------------------------+
| Processes:                                                                              |
|  GPU   GI   CI              PID   Type   Process name                        GPU Memory |
|        ID   ID                                                               Usage      |
|=========================================================================================|
|    0   N/A  N/A            1147      G   /usr/lib/xorg/Xorg                        4MiB |
|    0   N/A  N/A         2598792      C   /opt/conda/bin/python                   524MiB |
+-----------------------------------------------------------------------------------------+
-------------------------------------
2026-01-05 17:02:32
Mon Jan  5 17:02:32 2026       
+-----------------------------------------------------------------------------------------+
| NVIDIA-SMI 580.95.05              Driver Version: 580.95.05      CUDA Version: 13.0     |
+-----------------------------------------+------------------------+----------------------+
| GPU  Name                 Persistence-M | Bus-Id          Disp.A | Volatile Uncorr. ECC |
| Fan  Temp   Perf          Pwr:Usage/Cap |           Memory-Usage | GPU-Util  Compute M. |
|                                         |                        |               MIG M. |
|=========================================+========================+======================|
|   0  NVIDIA A16                     Off |   00000000:00:10.0 Off |                    0 |
|  0%   63C    P0             42W /   62W |     546MiB /  15356MiB |     36%      Default |
|                                         |                        |                  N/A |
+-----------------------------------------+------------------------+----------------------+

+-----------------------------------------------------------------------------------------+
| Processes:                                                                              |
|  GPU   GI   CI              PID   Type   Process name                        GPU Memory |
|        ID   ID                                                               Usage      |
|=========================================================================================|
|    0   N/A  N/A            1147      G   /usr/lib/xorg/Xorg                        4MiB |
|    0   N/A  N/A         2598792      C   /opt/conda/bin/python                   524MiB |
+-----------------------------------------------------------------------------------------+
-------------------------------------
2026-01-05 17:02:34
Mon Jan  5 17:02:34 2026       
+-----------------------------------------------------------------------------------------+
| NVIDIA-SMI 580.95.05              Driver Version: 580.95.05      CUDA Version: 13.0     |
+-----------------------------------------+------------------------+----------------------+
| GPU  Name                 Persistence-M | Bus-Id          Disp.A | Volatile Uncorr. ECC |
| Fan  Temp   Perf          Pwr:Usage/Cap |           Memory-Usage | GPU-Util  Compute M. |
|                                         |                        |               MIG M. |
|=========================================+========================+======================|
|   0  NVIDIA A16                     Off |   00000000:00:10.0 Off |                    0 |
|  0%   63C    P0             43W /   62W |     546MiB /  15356MiB |     35%      Default |
|                                         |                        |                  N/A |
+-----------------------------------------+------------------------+----------------------+

+-----------------------------------------------------------------------------------------+
| Processes:                                                                              |
|  GPU   GI   CI              PID   Type   Process name                        GPU Memory |
|        ID   ID                                                               Usage      |
|=========================================================================================|
|    0   N/A  N/A            1147      G   /usr/lib/xorg/Xorg                        4MiB |
|    0   N/A  N/A         2598792      C   /opt/conda/bin/python                   524MiB |
+-----------------------------------------------------------------------------------------+
-------------------------------------
2026-01-05 17:02:36
Mon Jan  5 17:02:36 2026       
+-----------------------------------------------------------------------------------------+
| NVIDIA-SMI 580.95.05              Driver Version: 580.95.05      CUDA Version: 13.0     |
+-----------------------------------------+------------------------+----------------------+
| GPU  Name                 Persistence-M | Bus-Id          Disp.A | Volatile Uncorr. ECC |
| Fan  Temp   Perf          Pwr:Usage/Cap |           Memory-Usage | GPU-Util  Compute M. |
|                                         |                        |               MIG M. |
|=========================================+========================+======================|
|   0  NVIDIA A16                     Off |   00000000:00:10.0 Off |                    0 |
|  0%   63C    P0             43W /   62W |     546MiB /  15356MiB |     35%      Default |
|                                         |                        |                  N/A |
+-----------------------------------------+------------------------+----------------------+

+-----------------------------------------------------------------------------------------+
| Processes:                                                                              |
|  GPU   GI   CI              PID   Type   Process name                        GPU Memory |
|        ID   ID                                                               Usage      |
|=========================================================================================|
|    0   N/A  N/A            1147      G   /usr/lib/xorg/Xorg                        4MiB |
|    0   N/A  N/A         2598792      C   /opt/conda/bin/python                   524MiB |
+-----------------------------------------------------------------------------------------+
-------------------------------------
2026-01-05 17:02:39
Mon Jan  5 17:02:39 2026       
+-----------------------------------------------------------------------------------------+
| NVIDIA-SMI 580.95.05              Driver Version: 580.95.05      CUDA Version: 13.0     |
+-----------------------------------------+------------------------+----------------------+
| GPU  Name                 Persistence-M | Bus-Id          Disp.A | Volatile Uncorr. ECC |
| Fan  Temp   Perf          Pwr:Usage/Cap |           Memory-Usage | GPU-Util  Compute M. |
|                                         |                        |               MIG M. |
|=========================================+========================+======================|
|   0  NVIDIA A16                     Off |   00000000:00:10.0 Off |                    0 |
|  0%   63C    P0             43W /   62W |     546MiB /  15356MiB |     37%      Default |
|                                         |                        |                  N/A |
+-----------------------------------------+------------------------+----------------------+

+-----------------------------------------------------------------------------------------+
| Processes:                                                                              |
|  GPU   GI   CI              PID   Type   Process name                        GPU Memory |
|        ID   ID                                                               Usage      |
|=========================================================================================|
|    0   N/A  N/A            1147      G   /usr/lib/xorg/Xorg                        4MiB |
|    0   N/A  N/A         2598792      C   /opt/conda/bin/python                   524MiB |
+-----------------------------------------------------------------------------------------+
-------------------------------------
2026-01-05 17:02:41
Mon Jan  5 17:02:41 2026       
+-----------------------------------------------------------------------------------------+
| NVIDIA-SMI 580.95.05              Driver Version: 580.95.05      CUDA Version: 13.0     |
+-----------------------------------------+------------------------+----------------------+
| GPU  Name                 Persistence-M | Bus-Id          Disp.A | Volatile Uncorr. ECC |
| Fan  Temp   Perf          Pwr:Usage/Cap |           Memory-Usage | GPU-Util  Compute M. |
|                                         |                        |               MIG M. |
|=========================================+========================+======================|
|   0  NVIDIA A16                     Off |   00000000:00:10.0 Off |                    0 |
|  0%   63C    P0             43W /   62W |     546MiB /  15356MiB |     35%      Default |
|                                         |                        |                  N/A |
+-----------------------------------------+------------------------+----------------------+

+-----------------------------------------------------------------------------------------+
| Processes:                                                                              |
|  GPU   GI   CI              PID   Type   Process name                        GPU Memory |
|        ID   ID                                                               Usage      |
|=========================================================================================|
|    0   N/A  N/A            1147      G   /usr/lib/xorg/Xorg                        4MiB |
|    0   N/A  N/A         2598792      C   /opt/conda/bin/python                   524MiB |
+-----------------------------------------------------------------------------------------+
-------------------------------------
2026-01-05 17:02:43
Mon Jan  5 17:02:43 2026       
+-----------------------------------------------------------------------------------------+
| NVIDIA-SMI 580.95.05              Driver Version: 580.95.05      CUDA Version: 13.0     |
+-----------------------------------------+------------------------+----------------------+
| GPU  Name                 Persistence-M | Bus-Id          Disp.A | Volatile Uncorr. ECC |
| Fan  Temp   Perf          Pwr:Usage/Cap |           Memory-Usage | GPU-Util  Compute M. |
|                                         |                        |               MIG M. |
|=========================================+========================+======================|
|   0  NVIDIA A16                     Off |   00000000:00:10.0 Off |                    0 |
|  0%   63C    P0             42W /   62W |     546MiB /  15356MiB |     38%      Default |
|                                         |                        |                  N/A |
+-----------------------------------------+------------------------+----------------------+

+-----------------------------------------------------------------------------------------+
| Processes:                                                                              |
|  GPU   GI   CI              PID   Type   Process name                        GPU Memory |
|        ID   ID                                                               Usage      |
|=========================================================================================|
|    0   N/A  N/A            1147      G   /usr/lib/xorg/Xorg                        4MiB |
|    0   N/A  N/A         2598792      C   /opt/conda/bin/python                   524MiB |
+-----------------------------------------------------------------------------------------+
-------------------------------------
2026-01-05 17:02:45
Mon Jan  5 17:02:45 2026       
+-----------------------------------------------------------------------------------------+
| NVIDIA-SMI 580.95.05              Driver Version: 580.95.05      CUDA Version: 13.0     |
+-----------------------------------------+------------------------+----------------------+
| GPU  Name                 Persistence-M | Bus-Id          Disp.A | Volatile Uncorr. ECC |
| Fan  Temp   Perf          Pwr:Usage/Cap |           Memory-Usage | GPU-Util  Compute M. |
|                                         |                        |               MIG M. |
|=========================================+========================+======================|
|   0  NVIDIA A16                     Off |   00000000:00:10.0 Off |                    0 |
|  0%   63C    P0             42W /   62W |     546MiB /  15356MiB |     35%      Default |
|                                         |                        |                  N/A |
+-----------------------------------------+------------------------+----------------------+

+-----------------------------------------------------------------------------------------+
| Processes:                                                                              |
|  GPU   GI   CI              PID   Type   Process name                        GPU Memory |
|        ID   ID                                                               Usage      |
|=========================================================================================|
|    0   N/A  N/A            1147      G   /usr/lib/xorg/Xorg                        4MiB |
|    0   N/A  N/A         2598792      C   /opt/conda/bin/python                   524MiB |
+-----------------------------------------------------------------------------------------+
-------------------------------------
2026-01-05 17:02:47
Mon Jan  5 17:02:47 2026       
+-----------------------------------------------------------------------------------------+
| NVIDIA-SMI 580.95.05              Driver Version: 580.95.05      CUDA Version: 13.0     |
+-----------------------------------------+------------------------+----------------------+
| GPU  Name                 Persistence-M | Bus-Id          Disp.A | Volatile Uncorr. ECC |
| Fan  Temp   Perf          Pwr:Usage/Cap |           Memory-Usage | GPU-Util  Compute M. |
|                                         |                        |               MIG M. |
|=========================================+========================+======================|
|   0  NVIDIA A16                     Off |   00000000:00:10.0 Off |                    0 |
|  0%   63C    P0             43W /   62W |     546MiB /  15356MiB |     35%      Default |
|                                         |                        |                  N/A |
+-----------------------------------------+------------------------+----------------------+

+-----------------------------------------------------------------------------------------+
| Processes:                                                                              |
|  GPU   GI   CI              PID   Type   Process name                        GPU Memory |
|        ID   ID                                                               Usage      |
|=========================================================================================|
|    0   N/A  N/A            1147      G   /usr/lib/xorg/Xorg                        4MiB |
|    0   N/A  N/A         2598792      C   /opt/conda/bin/python                   524MiB |
+-----------------------------------------------------------------------------------------+
-------------------------------------
2026-01-05 17:02:50
Mon Jan  5 17:02:50 2026       
+-----------------------------------------------------------------------------------------+
| NVIDIA-SMI 580.95.05              Driver Version: 580.95.05      CUDA Version: 13.0     |
+-----------------------------------------+------------------------+----------------------+
| GPU  Name                 Persistence-M | Bus-Id          Disp.A | Volatile Uncorr. ECC |
| Fan  Temp   Perf          Pwr:Usage/Cap |           Memory-Usage | GPU-Util  Compute M. |
|                                         |                        |               MIG M. |
|=========================================+========================+======================|
|   0  NVIDIA A16                     Off |   00000000:00:10.0 Off |                    0 |
|  0%   63C    P0             43W /   62W |     546MiB /  15356MiB |     37%      Default |
|                                         |                        |                  N/A |
+-----------------------------------------+------------------------+----------------------+

+-----------------------------------------------------------------------------------------+
| Processes:                                                                              |
|  GPU   GI   CI              PID   Type   Process name                        GPU Memory |
|        ID   ID                                                               Usage      |
|=========================================================================================|
|    0   N/A  N/A            1147      G   /usr/lib/xorg/Xorg                        4MiB |
|    0   N/A  N/A         2598792      C   /opt/conda/bin/python                   524MiB |
+-----------------------------------------------------------------------------------------+
-------------------------------------
2026-01-05 17:02:52
Mon Jan  5 17:02:52 2026       
+-----------------------------------------------------------------------------------------+
| NVIDIA-SMI 580.95.05              Driver Version: 580.95.05      CUDA Version: 13.0     |
+-----------------------------------------+------------------------+----------------------+
| GPU  Name                 Persistence-M | Bus-Id          Disp.A | Volatile Uncorr. ECC |
| Fan  Temp   Perf          Pwr:Usage/Cap |           Memory-Usage | GPU-Util  Compute M. |
|                                         |                        |               MIG M. |
|=========================================+========================+======================|
|   0  NVIDIA A16                     Off |   00000000:00:10.0 Off |                    0 |
|  0%   63C    P0             43W /   62W |     546MiB /  15356MiB |     36%      Default |
|                                         |                        |                  N/A |
+-----------------------------------------+------------------------+----------------------+

+-----------------------------------------------------------------------------------------+
| Processes:                                                                              |
|  GPU   GI   CI              PID   Type   Process name                        GPU Memory |
|        ID   ID                                                               Usage      |
|=========================================================================================|
|    0   N/A  N/A            1147      G   /usr/lib/xorg/Xorg                        4MiB |
|    0   N/A  N/A         2598792      C   /opt/conda/bin/python                   524MiB |
+-----------------------------------------------------------------------------------------+
-------------------------------------
2026-01-05 17:02:54
Mon Jan  5 17:02:54 2026       
+-----------------------------------------------------------------------------------------+
| NVIDIA-SMI 580.95.05              Driver Version: 580.95.05      CUDA Version: 13.0     |
+-----------------------------------------+------------------------+----------------------+
| GPU  Name                 Persistence-M | Bus-Id          Disp.A | Volatile Uncorr. ECC |
| Fan  Temp   Perf          Pwr:Usage/Cap |           Memory-Usage | GPU-Util  Compute M. |
|                                         |                        |               MIG M. |
|=========================================+========================+======================|
|   0  NVIDIA A16                     Off |   00000000:00:10.0 Off |                    0 |
|  0%   63C    P0             43W /   62W |     546MiB /  15356MiB |     38%      Default |
|                                         |                        |                  N/A |
+-----------------------------------------+------------------------+----------------------+

+-----------------------------------------------------------------------------------------+
| Processes:                                                                              |
|  GPU   GI   CI              PID   Type   Process name                        GPU Memory |
|        ID   ID                                                               Usage      |
|=========================================================================================|
|    0   N/A  N/A            1147      G   /usr/lib/xorg/Xorg                        4MiB |
|    0   N/A  N/A         2598792      C   /opt/conda/bin/python                   524MiB |
+-----------------------------------------------------------------------------------------+
-------------------------------------
2026-01-05 17:02:56
Mon Jan  5 17:02:56 2026       
+-----------------------------------------------------------------------------------------+
| NVIDIA-SMI 580.95.05              Driver Version: 580.95.05      CUDA Version: 13.0     |
+-----------------------------------------+------------------------+----------------------+
| GPU  Name                 Persistence-M | Bus-Id          Disp.A | Volatile Uncorr. ECC |
| Fan  Temp   Perf          Pwr:Usage/Cap |           Memory-Usage | GPU-Util  Compute M. |
|                                         |                        |               MIG M. |
|=========================================+========================+======================|
|   0  NVIDIA A16                     Off |   00000000:00:10.0 Off |                    0 |
|  0%   60C    P0             31W /   62W |     546MiB /  15356MiB |      0%      Default |
|                                         |                        |                  N/A |
+-----------------------------------------+------------------------+----------------------+

+-----------------------------------------------------------------------------------------+
| Processes:                                                                              |
|  GPU   GI   CI              PID   Type   Process name                        GPU Memory |
|        ID   ID                                                               Usage      |
|=========================================================================================|
|    0   N/A  N/A            1147      G   /usr/lib/xorg/Xorg                        4MiB |
|    0   N/A  N/A         2598792      C   /opt/conda/bin/python                   524MiB |
+-----------------------------------------------------------------------------------------+
-------------------------------------
2026-01-05 17:02:58
Mon Jan  5 17:02:58 2026       
+-----------------------------------------------------------------------------------------+
| NVIDIA-SMI 580.95.05              Driver Version: 580.95.05      CUDA Version: 13.0     |
+-----------------------------------------+------------------------+----------------------+
| GPU  Name                 Persistence-M | Bus-Id          Disp.A | Volatile Uncorr. ECC |
| Fan  Temp   Perf          Pwr:Usage/Cap |           Memory-Usage | GPU-Util  Compute M. |
|                                         |                        |               MIG M. |
|=========================================+========================+======================|
|   0  NVIDIA A16                     Off |   00000000:00:10.0 Off |                    0 |
|  0%   59C    P0             31W /   62W |     546MiB /  15356MiB |      0%      Default |
|                                         |                        |                  N/A |
+-----------------------------------------+------------------------+----------------------+

+-----------------------------------------------------------------------------------------+
| Processes:                                                                              |
|  GPU   GI   CI              PID   Type   Process name                        GPU Memory |
|        ID   ID                                                               Usage      |
|=========================================================================================|
|    0   N/A  N/A            1147      G   /usr/lib/xorg/Xorg                        4MiB |
|    0   N/A  N/A         2598792      C   /opt/conda/bin/python                   524MiB |
+-----------------------------------------------------------------------------------------+
-------------------------------------
2026-01-05 17:03:00
Mon Jan  5 17:03:00 2026       
+-----------------------------------------------------------------------------------------+
| NVIDIA-SMI 580.95.05              Driver Version: 580.95.05      CUDA Version: 13.0     |
+-----------------------------------------+------------------------+----------------------+
| GPU  Name                 Persistence-M | Bus-Id          Disp.A | Volatile Uncorr. ECC |
| Fan  Temp   Perf          Pwr:Usage/Cap |           Memory-Usage | GPU-Util  Compute M. |
|                                         |                        |               MIG M. |
|=========================================+========================+======================|
|   0  NVIDIA A16                     Off |   00000000:00:10.0 Off |                    0 |
|  0%   59C    P0             31W /   62W |     546MiB /  15356MiB |      0%      Default |
|                                         |                        |                  N/A |
+-----------------------------------------+------------------------+----------------------+

+-----------------------------------------------------------------------------------------+
| Processes:                                                                              |
|  GPU   GI   CI              PID   Type   Process name                        GPU Memory |
|        ID   ID                                                               Usage      |
|=========================================================================================|
|    0   N/A  N/A            1147      G   /usr/lib/xorg/Xorg                        4MiB |
|    0   N/A  N/A         2598792      C   /opt/conda/bin/python                   524MiB |
+-----------------------------------------------------------------------------------------+
-------------------------------------
2026-01-05 17:03:03
Mon Jan  5 17:03:03 2026       
+-----------------------------------------------------------------------------------------+
| NVIDIA-SMI 580.95.05              Driver Version: 580.95.05      CUDA Version: 13.0     |
+-----------------------------------------+------------------------+----------------------+
| GPU  Name                 Persistence-M | Bus-Id          Disp.A | Volatile Uncorr. ECC |
| Fan  Temp   Perf          Pwr:Usage/Cap |           Memory-Usage | GPU-Util  Compute M. |
|                                         |                        |               MIG M. |
|=========================================+========================+======================|
|   0  NVIDIA A16                     Off |   00000000:00:10.0 Off |                    0 |
|  0%   59C    P0             31W /   62W |     546MiB /  15356MiB |      0%      Default |
|                                         |                        |                  N/A |
+-----------------------------------------+------------------------+----------------------+

+-----------------------------------------------------------------------------------------+
| Processes:                                                                              |
|  GPU   GI   CI              PID   Type   Process name                        GPU Memory |
|        ID   ID                                                               Usage      |
|=========================================================================================|
|    0   N/A  N/A            1147      G   /usr/lib/xorg/Xorg                        4MiB |
|    0   N/A  N/A         2598792      C   /opt/conda/bin/python                   524MiB |
+-----------------------------------------------------------------------------------------+
-------------------------------------
2026-01-05 17:03:05
Mon Jan  5 17:03:05 2026       
+-----------------------------------------------------------------------------------------+
| NVIDIA-SMI 580.95.05              Driver Version: 580.95.05      CUDA Version: 13.0     |
+-----------------------------------------+------------------------+----------------------+
| GPU  Name                 Persistence-M | Bus-Id          Disp.A | Volatile Uncorr. ECC |
| Fan  Temp   Perf          Pwr:Usage/Cap |           Memory-Usage | GPU-Util  Compute M. |
|                                         |                        |               MIG M. |
|=========================================+========================+======================|
|   0  NVIDIA A16                     Off |   00000000:00:10.0 Off |                    0 |
|  0%   59C    P0             31W /   62W |     546MiB /  15356MiB |      0%      Default |
|                                         |                        |                  N/A |
+-----------------------------------------+------------------------+----------------------+

+-----------------------------------------------------------------------------------------+
| Processes:                                                                              |
|  GPU   GI   CI              PID   Type   Process name                        GPU Memory |
|        ID   ID                                                               Usage      |
|=========================================================================================|
|    0   N/A  N/A            1147      G   /usr/lib/xorg/Xorg                        4MiB |
|    0   N/A  N/A         2598792      C   /opt/conda/bin/python                   524MiB |
+-----------------------------------------------------------------------------------------+
-------------------------------------
2026-01-05 17:03:07
Mon Jan  5 17:03:07 2026       
+-----------------------------------------------------------------------------------------+
| NVIDIA-SMI 580.95.05              Driver Version: 580.95.05      CUDA Version: 13.0     |
+-----------------------------------------+------------------------+----------------------+
| GPU  Name                 Persistence-M | Bus-Id          Disp.A | Volatile Uncorr. ECC |
| Fan  Temp   Perf          Pwr:Usage/Cap |           Memory-Usage | GPU-Util  Compute M. |
|                                         |                        |               MIG M. |
|=========================================+========================+======================|
|   0  NVIDIA A16                     Off |   00000000:00:10.0 Off |                    0 |
|  0%   58C    P0             31W /   62W |     546MiB /  15356MiB |      0%      Default |
|                                         |                        |                  N/A |
+-----------------------------------------+------------------------+----------------------+

+-----------------------------------------------------------------------------------------+
| Processes:                                                                              |
|  GPU   GI   CI              PID   Type   Process name                        GPU Memory |
|        ID   ID                                                               Usage      |
|=========================================================================================|
|    0   N/A  N/A            1147      G   /usr/lib/xorg/Xorg                        4MiB |
|    0   N/A  N/A         2598792      C   /opt/conda/bin/python                   524MiB |
+-----------------------------------------------------------------------------------------+
-------------------------------------
2026-01-05 17:03:09
Mon Jan  5 17:03:09 2026       
+-----------------------------------------------------------------------------------------+
| NVIDIA-SMI 580.95.05              Driver Version: 580.95.05      CUDA Version: 13.0     |
+-----------------------------------------+------------------------+----------------------+
| GPU  Name                 Persistence-M | Bus-Id          Disp.A | Volatile Uncorr. ECC |
| Fan  Temp   Perf          Pwr:Usage/Cap |           Memory-Usage | GPU-Util  Compute M. |
|                                         |                        |               MIG M. |
|=========================================+========================+======================|
|   0  NVIDIA A16                     Off |   00000000:00:10.0 Off |                    0 |
|  0%   58C    P0             31W /   62W |     546MiB /  15356MiB |      0%      Default |
|                                         |                        |                  N/A |
+-----------------------------------------+------------------------+----------------------+

+-----------------------------------------------------------------------------------------+
| Processes:                                                                              |
|  GPU   GI   CI              PID   Type   Process name                        GPU Memory |
|        ID   ID                                                               Usage      |
|=========================================================================================|
|    0   N/A  N/A            1147      G   /usr/lib/xorg/Xorg                        4MiB |
|    0   N/A  N/A         2598792      C   /opt/conda/bin/python                   524MiB |
+-----------------------------------------------------------------------------------------+
-------------------------------------
2026-01-05 17:03:11
Mon Jan  5 17:03:11 2026       
+-----------------------------------------------------------------------------------------+
| NVIDIA-SMI 580.95.05              Driver Version: 580.95.05      CUDA Version: 13.0     |
+-----------------------------------------+------------------------+----------------------+
| GPU  Name                 Persistence-M | Bus-Id          Disp.A | Volatile Uncorr. ECC |
| Fan  Temp   Perf          Pwr:Usage/Cap |           Memory-Usage | GPU-Util  Compute M. |
|                                         |                        |               MIG M. |
|=========================================+========================+======================|
|   0  NVIDIA A16                     Off |   00000000:00:10.0 Off |                    0 |
|  0%   58C    P0             31W /   62W |     546MiB /  15356MiB |      0%      Default |
|                                         |                        |                  N/A |
+-----------------------------------------+------------------------+----------------------+

+-----------------------------------------------------------------------------------------+
| Processes:                                                                              |
|  GPU   GI   CI              PID   Type   Process name                        GPU Memory |
|        ID   ID                                                               Usage      |
|=========================================================================================|
|    0   N/A  N/A            1147      G   /usr/lib/xorg/Xorg                        4MiB |
|    0   N/A  N/A         2598792      C   /opt/conda/bin/python                   524MiB |
+-----------------------------------------------------------------------------------------+
-------------------------------------
2026-01-05 17:03:13
Mon Jan  5 17:03:13 2026       
+-----------------------------------------------------------------------------------------+
| NVIDIA-SMI 580.95.05              Driver Version: 580.95.05      CUDA Version: 13.0     |
+-----------------------------------------+------------------------+----------------------+
| GPU  Name                 Persistence-M | Bus-Id          Disp.A | Volatile Uncorr. ECC |
| Fan  Temp   Perf          Pwr:Usage/Cap |           Memory-Usage | GPU-Util  Compute M. |
|                                         |                        |               MIG M. |
|=========================================+========================+======================|
|   0  NVIDIA A16                     Off |   00000000:00:10.0 Off |                    0 |
|  0%   58C    P0             31W /   62W |     546MiB /  15356MiB |      0%      Default |
|                                         |                        |                  N/A |
+-----------------------------------------+------------------------+----------------------+

+-----------------------------------------------------------------------------------------+
| Processes:                                                                              |
|  GPU   GI   CI              PID   Type   Process name                        GPU Memory |
|        ID   ID                                                               Usage      |
|=========================================================================================|
|    0   N/A  N/A            1147      G   /usr/lib/xorg/Xorg                        4MiB |
|    0   N/A  N/A         2598792      C   /opt/conda/bin/python                   524MiB |
+-----------------------------------------------------------------------------------------+
-------------------------------------
2026-01-05 17:03:16
Mon Jan  5 17:03:16 2026       
+-----------------------------------------------------------------------------------------+
| NVIDIA-SMI 580.95.05              Driver Version: 580.95.05      CUDA Version: 13.0     |
+-----------------------------------------+------------------------+----------------------+
| GPU  Name                 Persistence-M | Bus-Id          Disp.A | Volatile Uncorr. ECC |
| Fan  Temp   Perf          Pwr:Usage/Cap |           Memory-Usage | GPU-Util  Compute M. |
|                                         |                        |               MIG M. |
|=========================================+========================+======================|
|   0  NVIDIA A16                     Off |   00000000:00:10.0 Off |                    0 |
|  0%   58C    P0             31W /   62W |     546MiB /  15356MiB |      0%      Default |
|                                         |                        |                  N/A |
+-----------------------------------------+------------------------+----------------------+

+-----------------------------------------------------------------------------------------+
| Processes:                                                                              |
|  GPU   GI   CI              PID   Type   Process name                        GPU Memory |
|        ID   ID                                                               Usage      |
|=========================================================================================|
|    0   N/A  N/A            1147      G   /usr/lib/xorg/Xorg                        4MiB |
|    0   N/A  N/A         2598792      C   /opt/conda/bin/python                   524MiB |
+-----------------------------------------------------------------------------------------+
-------------------------------------
2026-01-05 17:03:18
Mon Jan  5 17:03:18 2026       
+-----------------------------------------------------------------------------------------+
| NVIDIA-SMI 580.95.05              Driver Version: 580.95.05      CUDA Version: 13.0     |
+-----------------------------------------+------------------------+----------------------+
| GPU  Name                 Persistence-M | Bus-Id          Disp.A | Volatile Uncorr. ECC |
| Fan  Temp   Perf          Pwr:Usage/Cap |           Memory-Usage | GPU-Util  Compute M. |
|                                         |                        |               MIG M. |
|=========================================+========================+======================|
|   0  NVIDIA A16                     Off |   00000000:00:10.0 Off |                    0 |
|  0%   58C    P0             31W /   62W |     546MiB /  15356MiB |      0%      Default |
|                                         |                        |                  N/A |
+-----------------------------------------+------------------------+----------------------+

+-----------------------------------------------------------------------------------------+
| Processes:                                                                              |
|  GPU   GI   CI              PID   Type   Process name                        GPU Memory |
|        ID   ID                                                               Usage      |
|=========================================================================================|
|    0   N/A  N/A            1147      G   /usr/lib/xorg/Xorg                        4MiB |
|    0   N/A  N/A         2598792      C   /opt/conda/bin/python                   524MiB |
+-----------------------------------------------------------------------------------------+
-------------------------------------
2026-01-05 17:03:20
Mon Jan  5 17:03:20 2026       
+-----------------------------------------------------------------------------------------+
| NVIDIA-SMI 580.95.05              Driver Version: 580.95.05      CUDA Version: 13.0     |
+-----------------------------------------+------------------------+----------------------+
| GPU  Name                 Persistence-M | Bus-Id          Disp.A | Volatile Uncorr. ECC |
| Fan  Temp   Perf          Pwr:Usage/Cap |           Memory-Usage | GPU-Util  Compute M. |
|                                         |                        |               MIG M. |
|=========================================+========================+======================|
|   0  NVIDIA A16                     Off |   00000000:00:10.0 Off |                    0 |
|  0%   57C    P0             31W /   62W |     546MiB /  15356MiB |      0%      Default |
|                                         |                        |                  N/A |
+-----------------------------------------+------------------------+----------------------+

+-----------------------------------------------------------------------------------------+
| Processes:                                                                              |
|  GPU   GI   CI              PID   Type   Process name                        GPU Memory |
|        ID   ID                                                               Usage      |
|=========================================================================================|
|    0   N/A  N/A            1147      G   /usr/lib/xorg/Xorg                        4MiB |
|    0   N/A  N/A         2598792      C   /opt/conda/bin/python                   524MiB |
+-----------------------------------------------------------------------------------------+
-------------------------------------
2026-01-05 17:03:22
Mon Jan  5 17:03:22 2026       
+-----------------------------------------------------------------------------------------+
| NVIDIA-SMI 580.95.05              Driver Version: 580.95.05      CUDA Version: 13.0     |
+-----------------------------------------+------------------------+----------------------+
| GPU  Name                 Persistence-M | Bus-Id          Disp.A | Volatile Uncorr. ECC |
| Fan  Temp   Perf          Pwr:Usage/Cap |           Memory-Usage | GPU-Util  Compute M. |
|                                         |                        |               MIG M. |
|=========================================+========================+======================|
|   0  NVIDIA A16                     Off |   00000000:00:10.0 Off |                    0 |
|  0%   57C    P0             31W /   62W |     546MiB /  15356MiB |      0%      Default |
|                                         |                        |                  N/A |
+-----------------------------------------+------------------------+----------------------+

+-----------------------------------------------------------------------------------------+
| Processes:                                                                              |
|  GPU   GI   CI              PID   Type   Process name                        GPU Memory |
|        ID   ID                                                               Usage      |
|=========================================================================================|
|    0   N/A  N/A            1147      G   /usr/lib/xorg/Xorg                        4MiB |
|    0   N/A  N/A         2598792      C   /opt/conda/bin/python                   524MiB |
+-----------------------------------------------------------------------------------------+
-------------------------------------
2026-01-05 17:03:24
Mon Jan  5 17:03:24 2026       
+-----------------------------------------------------------------------------------------+
| NVIDIA-SMI 580.95.05              Driver Version: 580.95.05      CUDA Version: 13.0     |
+-----------------------------------------+------------------------+----------------------+
| GPU  Name                 Persistence-M | Bus-Id          Disp.A | Volatile Uncorr. ECC |
| Fan  Temp   Perf          Pwr:Usage/Cap |           Memory-Usage | GPU-Util  Compute M. |
|                                         |                        |               MIG M. |
|=========================================+========================+======================|
|   0  NVIDIA A16                     Off |   00000000:00:10.0 Off |                    0 |
|  0%   57C    P0             31W /   62W |     546MiB /  15356MiB |      0%      Default |
|                                         |                        |                  N/A |
+-----------------------------------------+------------------------+----------------------+

+-----------------------------------------------------------------------------------------+
| Processes:                                                                              |
|  GPU   GI   CI              PID   Type   Process name                        GPU Memory |
|        ID   ID                                                               Usage      |
|=========================================================================================|
|    0   N/A  N/A            1147      G   /usr/lib/xorg/Xorg                        4MiB |
|    0   N/A  N/A         2598792      C   /opt/conda/bin/python                   524MiB |
+-----------------------------------------------------------------------------------------+
-------------------------------------
2026-01-05 17:03:26
Mon Jan  5 17:03:26 2026       
+-----------------------------------------------------------------------------------------+
| NVIDIA-SMI 580.95.05              Driver Version: 580.95.05      CUDA Version: 13.0     |
+-----------------------------------------+------------------------+----------------------+
| GPU  Name                 Persistence-M | Bus-Id          Disp.A | Volatile Uncorr. ECC |
| Fan  Temp   Perf          Pwr:Usage/Cap |           Memory-Usage | GPU-Util  Compute M. |
|                                         |                        |               MIG M. |
|=========================================+========================+======================|
|   0  NVIDIA A16                     Off |   00000000:00:10.0 Off |                    0 |
|  0%   57C    P0             31W /   62W |     546MiB /  15356MiB |      0%      Default |
|                                         |                        |                  N/A |
+-----------------------------------------+------------------------+----------------------+

+-----------------------------------------------------------------------------------------+
| Processes:                                                                              |
|  GPU   GI   CI              PID   Type   Process name                        GPU Memory |
|        ID   ID                                                               Usage      |
|=========================================================================================|
|    0   N/A  N/A            1147      G   /usr/lib/xorg/Xorg                        4MiB |
|    0   N/A  N/A         2598792      C   /opt/conda/bin/python                   524MiB |
+-----------------------------------------------------------------------------------------+
-------------------------------------
2026-01-05 17:03:28
Mon Jan  5 17:03:29 2026       
+-----------------------------------------------------------------------------------------+
| NVIDIA-SMI 580.95.05              Driver Version: 580.95.05      CUDA Version: 13.0     |
+-----------------------------------------+------------------------+----------------------+
| GPU  Name                 Persistence-M | Bus-Id          Disp.A | Volatile Uncorr. ECC |
| Fan  Temp   Perf          Pwr:Usage/Cap |           Memory-Usage | GPU-Util  Compute M. |
|                                         |                        |               MIG M. |
|=========================================+========================+======================|
|   0  NVIDIA A16                     Off |   00000000:00:10.0 Off |                    0 |
|  0%   57C    P0             31W /   62W |     546MiB /  15356MiB |      0%      Default |
|                                         |                        |                  N/A |
+-----------------------------------------+------------------------+----------------------+

+-----------------------------------------------------------------------------------------+
| Processes:                                                                              |
|  GPU   GI   CI              PID   Type   Process name                        GPU Memory |
|        ID   ID                                                               Usage      |
|=========================================================================================|
|    0   N/A  N/A            1147      G   /usr/lib/xorg/Xorg                        4MiB |
|    0   N/A  N/A         2598792      C   /opt/conda/bin/python                   524MiB |
+-----------------------------------------------------------------------------------------+
-------------------------------------
2026-01-05 17:03:31
Mon Jan  5 17:03:31 2026       
+-----------------------------------------------------------------------------------------+
| NVIDIA-SMI 580.95.05              Driver Version: 580.95.05      CUDA Version: 13.0     |
+-----------------------------------------+------------------------+----------------------+
| GPU  Name                 Persistence-M | Bus-Id          Disp.A | Volatile Uncorr. ECC |
| Fan  Temp   Perf          Pwr:Usage/Cap |           Memory-Usage | GPU-Util  Compute M. |
|                                         |                        |               MIG M. |
|=========================================+========================+======================|
|   0  NVIDIA A16                     Off |   00000000:00:10.0 Off |                    0 |
|  0%   57C    P0             31W /   62W |     546MiB /  15356MiB |      0%      Default |
|                                         |                        |                  N/A |
+-----------------------------------------+------------------------+----------------------+

+-----------------------------------------------------------------------------------------+
| Processes:                                                                              |
|  GPU   GI   CI              PID   Type   Process name                        GPU Memory |
|        ID   ID                                                               Usage      |
|=========================================================================================|
|    0   N/A  N/A            1147      G   /usr/lib/xorg/Xorg                        4MiB |
|    0   N/A  N/A         2598792      C   /opt/conda/bin/python                   524MiB |
+-----------------------------------------------------------------------------------------+
-------------------------------------
2026-01-05 17:03:33
Mon Jan  5 17:03:33 2026       
+-----------------------------------------------------------------------------------------+
| NVIDIA-SMI 580.95.05              Driver Version: 580.95.05      CUDA Version: 13.0     |
+-----------------------------------------+------------------------+----------------------+
| GPU  Name                 Persistence-M | Bus-Id          Disp.A | Volatile Uncorr. ECC |
| Fan  Temp   Perf          Pwr:Usage/Cap |           Memory-Usage | GPU-Util  Compute M. |
|                                         |                        |               MIG M. |
|=========================================+========================+======================|
|   0  NVIDIA A16                     Off |   00000000:00:10.0 Off |                    0 |
|  0%   57C    P0             31W /   62W |     546MiB /  15356MiB |      0%      Default |
|                                         |                        |                  N/A |
+-----------------------------------------+------------------------+----------------------+

+-----------------------------------------------------------------------------------------+
| Processes:                                                                              |
|  GPU   GI   CI              PID   Type   Process name                        GPU Memory |
|        ID   ID                                                               Usage      |
|=========================================================================================|
|    0   N/A  N/A            1147      G   /usr/lib/xorg/Xorg                        4MiB |
|    0   N/A  N/A         2598792      C   /opt/conda/bin/python                   524MiB |
+-----------------------------------------------------------------------------------------+
-------------------------------------
2026-01-05 17:03:35
Mon Jan  5 17:03:35 2026       
+-----------------------------------------------------------------------------------------+
| NVIDIA-SMI 580.95.05              Driver Version: 580.95.05      CUDA Version: 13.0     |
+-----------------------------------------+------------------------+----------------------+
| GPU  Name                 Persistence-M | Bus-Id          Disp.A | Volatile Uncorr. ECC |
| Fan  Temp   Perf          Pwr:Usage/Cap |           Memory-Usage | GPU-Util  Compute M. |
|                                         |                        |               MIG M. |
|=========================================+========================+======================|
|   0  NVIDIA A16                     Off |   00000000:00:10.0 Off |                    0 |
|  0%   57C    P0             31W /   62W |     546MiB /  15356MiB |      0%      Default |
|                                         |                        |                  N/A |
+-----------------------------------------+------------------------+----------------------+

+-----------------------------------------------------------------------------------------+
| Processes:                                                                              |
|  GPU   GI   CI              PID   Type   Process name                        GPU Memory |
|        ID   ID                                                               Usage      |
|=========================================================================================|
|    0   N/A  N/A            1147      G   /usr/lib/xorg/Xorg                        4MiB |
|    0   N/A  N/A         2598792      C   /opt/conda/bin/python                   524MiB |
+-----------------------------------------------------------------------------------------+
-------------------------------------
2026-01-05 17:03:37
Mon Jan  5 17:03:37 2026       
+-----------------------------------------------------------------------------------------+
| NVIDIA-SMI 580.95.05              Driver Version: 580.95.05      CUDA Version: 13.0     |
+-----------------------------------------+------------------------+----------------------+
| GPU  Name                 Persistence-M | Bus-Id          Disp.A | Volatile Uncorr. ECC |
| Fan  Temp   Perf          Pwr:Usage/Cap |           Memory-Usage | GPU-Util  Compute M. |
|                                         |                        |               MIG M. |
|=========================================+========================+======================|
|   0  NVIDIA A16                     Off |   00000000:00:10.0 Off |                    0 |
|  0%   57C    P0             31W /   62W |     546MiB /  15356MiB |      0%      Default |
|                                         |                        |                  N/A |
+-----------------------------------------+------------------------+----------------------+

+-----------------------------------------------------------------------------------------+
| Processes:                                                                              |
|  GPU   GI   CI              PID   Type   Process name                        GPU Memory |
|        ID   ID                                                               Usage      |
|=========================================================================================|
|    0   N/A  N/A            1147      G   /usr/lib/xorg/Xorg                        4MiB |
|    0   N/A  N/A         2598792      C   /opt/conda/bin/python                   524MiB |
+-----------------------------------------------------------------------------------------+
-------------------------------------
2026-01-05 17:03:39
Mon Jan  5 17:03:39 2026       
+-----------------------------------------------------------------------------------------+
| NVIDIA-SMI 580.95.05              Driver Version: 580.95.05      CUDA Version: 13.0     |
+-----------------------------------------+------------------------+----------------------+
| GPU  Name                 Persistence-M | Bus-Id          Disp.A | Volatile Uncorr. ECC |
| Fan  Temp   Perf          Pwr:Usage/Cap |           Memory-Usage | GPU-Util  Compute M. |
|                                         |                        |               MIG M. |
|=========================================+========================+======================|
|   0  NVIDIA A16                     Off |   00000000:00:10.0 Off |                    0 |
|  0%   57C    P0             31W /   62W |     546MiB /  15356MiB |      0%      Default |
|                                         |                        |                  N/A |
+-----------------------------------------+------------------------+----------------------+

+-----------------------------------------------------------------------------------------+
| Processes:                                                                              |
|  GPU   GI   CI              PID   Type   Process name                        GPU Memory |
|        ID   ID                                                               Usage      |
|=========================================================================================|
|    0   N/A  N/A            1147      G   /usr/lib/xorg/Xorg                        4MiB |
|    0   N/A  N/A         2598792      C   /opt/conda/bin/python                   524MiB |
+-----------------------------------------------------------------------------------------+
-------------------------------------
2026-01-05 17:03:41
Mon Jan  5 17:03:41 2026       
+-----------------------------------------------------------------------------------------+
| NVIDIA-SMI 580.95.05              Driver Version: 580.95.05      CUDA Version: 13.0     |
+-----------------------------------------+------------------------+----------------------+
| GPU  Name                 Persistence-M | Bus-Id          Disp.A | Volatile Uncorr. ECC |
| Fan  Temp   Perf          Pwr:Usage/Cap |           Memory-Usage | GPU-Util  Compute M. |
|                                         |                        |               MIG M. |
|=========================================+========================+======================|
|   0  NVIDIA A16                     Off |   00000000:00:10.0 Off |                    0 |
|  0%   57C    P0             31W /   62W |     546MiB /  15356MiB |      0%      Default |
|                                         |                        |                  N/A |
+-----------------------------------------+------------------------+----------------------+

+-----------------------------------------------------------------------------------------+
| Processes:                                                                              |
|  GPU   GI   CI              PID   Type   Process name                        GPU Memory |
|        ID   ID                                                               Usage      |
|=========================================================================================|
|    0   N/A  N/A            1147      G   /usr/lib/xorg/Xorg                        4MiB |
|    0   N/A  N/A         2598792      C   /opt/conda/bin/python                   524MiB |
+-----------------------------------------------------------------------------------------+
-------------------------------------
2026-01-05 17:03:44
Mon Jan  5 17:03:44 2026       
+-----------------------------------------------------------------------------------------+
| NVIDIA-SMI 580.95.05              Driver Version: 580.95.05      CUDA Version: 13.0     |
+-----------------------------------------+------------------------+----------------------+
| GPU  Name                 Persistence-M | Bus-Id          Disp.A | Volatile Uncorr. ECC |
| Fan  Temp   Perf          Pwr:Usage/Cap |           Memory-Usage | GPU-Util  Compute M. |
|                                         |                        |               MIG M. |
|=========================================+========================+======================|
|   0  NVIDIA A16                     Off |   00000000:00:10.0 Off |                    0 |
|  0%   56C    P0             31W /   62W |     546MiB /  15356MiB |      0%      Default |
|                                         |                        |                  N/A |
+-----------------------------------------+------------------------+----------------------+

+-----------------------------------------------------------------------------------------+
| Processes:                                                                              |
|  GPU   GI   CI              PID   Type   Process name                        GPU Memory |
|        ID   ID                                                               Usage      |
|=========================================================================================|
|    0   N/A  N/A            1147      G   /usr/lib/xorg/Xorg                        4MiB |
|    0   N/A  N/A         2598792      C   /opt/conda/bin/python                   524MiB |
+-----------------------------------------------------------------------------------------+
-------------------------------------
2026-01-05 17:03:46
Mon Jan  5 17:03:46 2026       
+-----------------------------------------------------------------------------------------+
| NVIDIA-SMI 580.95.05              Driver Version: 580.95.05      CUDA Version: 13.0     |
+-----------------------------------------+------------------------+----------------------+
| GPU  Name                 Persistence-M | Bus-Id          Disp.A | Volatile Uncorr. ECC |
| Fan  Temp   Perf          Pwr:Usage/Cap |           Memory-Usage | GPU-Util  Compute M. |
|                                         |                        |               MIG M. |
|=========================================+========================+======================|
|   0  NVIDIA A16                     Off |   00000000:00:10.0 Off |                    0 |
|  0%   57C    P0             31W /   62W |     546MiB /  15356MiB |      0%      Default |
|                                         |                        |                  N/A |
+-----------------------------------------+------------------------+----------------------+

+-----------------------------------------------------------------------------------------+
| Processes:                                                                              |
|  GPU   GI   CI              PID   Type   Process name                        GPU Memory |
|        ID   ID                                                               Usage      |
|=========================================================================================|
|    0   N/A  N/A            1147      G   /usr/lib/xorg/Xorg                        4MiB |
|    0   N/A  N/A         2598792      C   /opt/conda/bin/python                   524MiB |
+-----------------------------------------------------------------------------------------+
-------------------------------------
2026-01-05 17:03:48
Mon Jan  5 17:03:48 2026       
+-----------------------------------------------------------------------------------------+
| NVIDIA-SMI 580.95.05              Driver Version: 580.95.05      CUDA Version: 13.0     |
+-----------------------------------------+------------------------+----------------------+
| GPU  Name                 Persistence-M | Bus-Id          Disp.A | Volatile Uncorr. ECC |
| Fan  Temp   Perf          Pwr:Usage/Cap |           Memory-Usage | GPU-Util  Compute M. |
|                                         |                        |               MIG M. |
|=========================================+========================+======================|
|   0  NVIDIA A16                     Off |   00000000:00:10.0 Off |                    0 |
|  0%   56C    P0             31W /   62W |     546MiB /  15356MiB |      0%      Default |
|                                         |                        |                  N/A |
+-----------------------------------------+------------------------+----------------------+

+-----------------------------------------------------------------------------------------+
| Processes:                                                                              |
|  GPU   GI   CI              PID   Type   Process name                        GPU Memory |
|        ID   ID                                                               Usage      |
|=========================================================================================|
|    0   N/A  N/A            1147      G   /usr/lib/xorg/Xorg                        4MiB |
|    0   N/A  N/A         2598792      C   /opt/conda/bin/python                   524MiB |
+-----------------------------------------------------------------------------------------+
-------------------------------------
2026-01-05 17:03:50
Mon Jan  5 17:03:50 2026       
+-----------------------------------------------------------------------------------------+
| NVIDIA-SMI 580.95.05              Driver Version: 580.95.05      CUDA Version: 13.0     |
+-----------------------------------------+------------------------+----------------------+
| GPU  Name                 Persistence-M | Bus-Id          Disp.A | Volatile Uncorr. ECC |
| Fan  Temp   Perf          Pwr:Usage/Cap |           Memory-Usage | GPU-Util  Compute M. |
|                                         |                        |               MIG M. |
|=========================================+========================+======================|
|   0  NVIDIA A16                     Off |   00000000:00:10.0 Off |                    0 |
|  0%   56C    P0             31W /   62W |     546MiB /  15356MiB |      0%      Default |
|                                         |                        |                  N/A |
+-----------------------------------------+------------------------+----------------------+

+-----------------------------------------------------------------------------------------+
| Processes:                                                                              |
|  GPU   GI   CI              PID   Type   Process name                        GPU Memory |
|        ID   ID                                                               Usage      |
|=========================================================================================|
|    0   N/A  N/A            1147      G   /usr/lib/xorg/Xorg                        4MiB |
|    0   N/A  N/A         2598792      C   /opt/conda/bin/python                   524MiB |
+-----------------------------------------------------------------------------------------+
-------------------------------------
2026-01-05 17:03:52
Mon Jan  5 17:03:52 2026       
+-----------------------------------------------------------------------------------------+
| NVIDIA-SMI 580.95.05              Driver Version: 580.95.05      CUDA Version: 13.0     |
+-----------------------------------------+------------------------+----------------------+
| GPU  Name                 Persistence-M | Bus-Id          Disp.A | Volatile Uncorr. ECC |
| Fan  Temp   Perf          Pwr:Usage/Cap |           Memory-Usage | GPU-Util  Compute M. |
|                                         |                        |               MIG M. |
|=========================================+========================+======================|
|   0  NVIDIA A16                     Off |   00000000:00:10.0 Off |                    0 |
|  0%   56C    P0             31W /   62W |     546MiB /  15356MiB |      0%      Default |
|                                         |                        |                  N/A |
+-----------------------------------------+------------------------+----------------------+

+-----------------------------------------------------------------------------------------+
| Processes:                                                                              |
|  GPU   GI   CI              PID   Type   Process name                        GPU Memory |
|        ID   ID                                                               Usage      |
|=========================================================================================|
|    0   N/A  N/A            1147      G   /usr/lib/xorg/Xorg                        4MiB |
|    0   N/A  N/A         2598792      C   /opt/conda/bin/python                   524MiB |
+-----------------------------------------------------------------------------------------+
-------------------------------------
2026-01-05 17:03:54
Mon Jan  5 17:03:54 2026       
+-----------------------------------------------------------------------------------------+
| NVIDIA-SMI 580.95.05              Driver Version: 580.95.05      CUDA Version: 13.0     |
+-----------------------------------------+------------------------+----------------------+
| GPU  Name                 Persistence-M | Bus-Id          Disp.A | Volatile Uncorr. ECC |
| Fan  Temp   Perf          Pwr:Usage/Cap |           Memory-Usage | GPU-Util  Compute M. |
|                                         |                        |               MIG M. |
|=========================================+========================+======================|
|   0  NVIDIA A16                     Off |   00000000:00:10.0 Off |                    0 |
|  0%   56C    P0             31W /   62W |     546MiB /  15356MiB |      0%      Default |
|                                         |                        |                  N/A |
+-----------------------------------------+------------------------+----------------------+

+-----------------------------------------------------------------------------------------+
| Processes:                                                                              |
|  GPU   GI   CI              PID   Type   Process name                        GPU Memory |
|        ID   ID                                                               Usage      |
|=========================================================================================|
|    0   N/A  N/A            1147      G   /usr/lib/xorg/Xorg                        4MiB |
|    0   N/A  N/A         2598792      C   /opt/conda/bin/python                   524MiB |
+-----------------------------------------------------------------------------------------+
-------------------------------------
2026-01-05 17:03:57
Mon Jan  5 17:03:57 2026       
+-----------------------------------------------------------------------------------------+
| NVIDIA-SMI 580.95.05              Driver Version: 580.95.05      CUDA Version: 13.0     |
+-----------------------------------------+------------------------+----------------------+
| GPU  Name                 Persistence-M | Bus-Id          Disp.A | Volatile Uncorr. ECC |
| Fan  Temp   Perf          Pwr:Usage/Cap |           Memory-Usage | GPU-Util  Compute M. |
|                                         |                        |               MIG M. |
|=========================================+========================+======================|
|   0  NVIDIA A16                     Off |   00000000:00:10.0 Off |                    0 |
|  0%   56C    P0             31W /   62W |     546MiB /  15356MiB |      0%      Default |
|                                         |                        |                  N/A |
+-----------------------------------------+------------------------+----------------------+

+-----------------------------------------------------------------------------------------+
| Processes:                                                                              |
|  GPU   GI   CI              PID   Type   Process name                        GPU Memory |
|        ID   ID                                                               Usage      |
|=========================================================================================|
|    0   N/A  N/A            1147      G   /usr/lib/xorg/Xorg                        4MiB |
|    0   N/A  N/A         2598792      C   /opt/conda/bin/python                   524MiB |
+-----------------------------------------------------------------------------------------+
-------------------------------------
2026-01-05 17:03:59
Mon Jan  5 17:03:59 2026       
+-----------------------------------------------------------------------------------------+
| NVIDIA-SMI 580.95.05              Driver Version: 580.95.05      CUDA Version: 13.0     |
+-----------------------------------------+------------------------+----------------------+
| GPU  Name                 Persistence-M | Bus-Id          Disp.A | Volatile Uncorr. ECC |
| Fan  Temp   Perf          Pwr:Usage/Cap |           Memory-Usage | GPU-Util  Compute M. |
|                                         |                        |               MIG M. |
|=========================================+========================+======================|
|   0  NVIDIA A16                     Off |   00000000:00:10.0 Off |                    0 |
|  0%   56C    P0             31W /   62W |     546MiB /  15356MiB |      0%      Default |
|                                         |                        |                  N/A |
+-----------------------------------------+------------------------+----------------------+

+-----------------------------------------------------------------------------------------+
| Processes:                                                                              |
|  GPU   GI   CI              PID   Type   Process name                        GPU Memory |
|        ID   ID                                                               Usage      |
|=========================================================================================|
|    0   N/A  N/A            1147      G   /usr/lib/xorg/Xorg                        4MiB |
|    0   N/A  N/A         2598792      C   /opt/conda/bin/python                   524MiB |
+-----------------------------------------------------------------------------------------+
-------------------------------------
2026-01-05 17:04:01
Mon Jan  5 17:04:01 2026       
+-----------------------------------------------------------------------------------------+
| NVIDIA-SMI 580.95.05              Driver Version: 580.95.05      CUDA Version: 13.0     |
+-----------------------------------------+------------------------+----------------------+
| GPU  Name                 Persistence-M | Bus-Id          Disp.A | Volatile Uncorr. ECC |
| Fan  Temp   Perf          Pwr:Usage/Cap |           Memory-Usage | GPU-Util  Compute M. |
|                                         |                        |               MIG M. |
|=========================================+========================+======================|
|   0  NVIDIA A16                     Off |   00000000:00:10.0 Off |                    0 |
|  0%   56C    P0             31W /   62W |     546MiB /  15356MiB |      0%      Default |
|                                         |                        |                  N/A |
+-----------------------------------------+------------------------+----------------------+

+-----------------------------------------------------------------------------------------+
| Processes:                                                                              |
|  GPU   GI   CI              PID   Type   Process name                        GPU Memory |
|        ID   ID                                                               Usage      |
|=========================================================================================|
|    0   N/A  N/A            1147      G   /usr/lib/xorg/Xorg                        4MiB |
|    0   N/A  N/A         2598792      C   /opt/conda/bin/python                   524MiB |
+-----------------------------------------------------------------------------------------+
-------------------------------------
2026-01-05 17:04:03
Mon Jan  5 17:04:03 2026       
+-----------------------------------------------------------------------------------------+
| NVIDIA-SMI 580.95.05              Driver Version: 580.95.05      CUDA Version: 13.0     |
+-----------------------------------------+------------------------+----------------------+
| GPU  Name                 Persistence-M | Bus-Id          Disp.A | Volatile Uncorr. ECC |
| Fan  Temp   Perf          Pwr:Usage/Cap |           Memory-Usage | GPU-Util  Compute M. |
|                                         |                        |               MIG M. |
|=========================================+========================+======================|
|   0  NVIDIA A16                     Off |   00000000:00:10.0 Off |                    0 |
|  0%   56C    P0             31W /   62W |     546MiB /  15356MiB |      0%      Default |
|                                         |                        |                  N/A |
+-----------------------------------------+------------------------+----------------------+

+-----------------------------------------------------------------------------------------+
| Processes:                                                                              |
|  GPU   GI   CI              PID   Type   Process name                        GPU Memory |
|        ID   ID                                                               Usage      |
|=========================================================================================|
|    0   N/A  N/A            1147      G   /usr/lib/xorg/Xorg                        4MiB |
|    0   N/A  N/A         2598792      C   /opt/conda/bin/python                   524MiB |
+-----------------------------------------------------------------------------------------+
-------------------------------------
2026-01-05 17:04:05
Mon Jan  5 17:04:05 2026       
+-----------------------------------------------------------------------------------------+
| NVIDIA-SMI 580.95.05              Driver Version: 580.95.05      CUDA Version: 13.0     |
+-----------------------------------------+------------------------+----------------------+
| GPU  Name                 Persistence-M | Bus-Id          Disp.A | Volatile Uncorr. ECC |
| Fan  Temp   Perf          Pwr:Usage/Cap |           Memory-Usage | GPU-Util  Compute M. |
|                                         |                        |               MIG M. |
|=========================================+========================+======================|
|   0  NVIDIA A16                     Off |   00000000:00:10.0 Off |                    0 |
|  0%   56C    P0             31W /   62W |     546MiB /  15356MiB |      0%      Default |
|                                         |                        |                  N/A |
+-----------------------------------------+------------------------+----------------------+

+-----------------------------------------------------------------------------------------+
| Processes:                                                                              |
|  GPU   GI   CI              PID   Type   Process name                        GPU Memory |
|        ID   ID                                                               Usage      |
|=========================================================================================|
|    0   N/A  N/A            1147      G   /usr/lib/xorg/Xorg                        4MiB |
|    0   N/A  N/A         2598792      C   /opt/conda/bin/python                   524MiB |
+-----------------------------------------------------------------------------------------+
-------------------------------------
2026-01-05 17:04:07
Mon Jan  5 17:04:07 2026       
+-----------------------------------------------------------------------------------------+
| NVIDIA-SMI 580.95.05              Driver Version: 580.95.05      CUDA Version: 13.0     |
+-----------------------------------------+------------------------+----------------------+
| GPU  Name                 Persistence-M | Bus-Id          Disp.A | Volatile Uncorr. ECC |
| Fan  Temp   Perf          Pwr:Usage/Cap |           Memory-Usage | GPU-Util  Compute M. |
|                                         |                        |               MIG M. |
|=========================================+========================+======================|
|   0  NVIDIA A16                     Off |   00000000:00:10.0 Off |                    0 |
|  0%   56C    P0             31W /   62W |     546MiB /  15356MiB |      0%      Default |
|                                         |                        |                  N/A |
+-----------------------------------------+------------------------+----------------------+

+-----------------------------------------------------------------------------------------+
| Processes:                                                                              |
|  GPU   GI   CI              PID   Type   Process name                        GPU Memory |
|        ID   ID                                                               Usage      |
|=========================================================================================|
|    0   N/A  N/A            1147      G   /usr/lib/xorg/Xorg                        4MiB |
|    0   N/A  N/A         2598792      C   /opt/conda/bin/python                   524MiB |
+-----------------------------------------------------------------------------------------+
-------------------------------------
2026-01-05 17:04:09
Mon Jan  5 17:04:09 2026       
+-----------------------------------------------------------------------------------------+
| NVIDIA-SMI 580.95.05              Driver Version: 580.95.05      CUDA Version: 13.0     |
+-----------------------------------------+------------------------+----------------------+
| GPU  Name                 Persistence-M | Bus-Id          Disp.A | Volatile Uncorr. ECC |
| Fan  Temp   Perf          Pwr:Usage/Cap |           Memory-Usage | GPU-Util  Compute M. |
|                                         |                        |               MIG M. |
|=========================================+========================+======================|
|   0  NVIDIA A16                     Off |   00000000:00:10.0 Off |                    0 |
|  0%   56C    P0             31W /   62W |     546MiB /  15356MiB |      0%      Default |
|                                         |                        |                  N/A |
+-----------------------------------------+------------------------+----------------------+

+-----------------------------------------------------------------------------------------+
| Processes:                                                                              |
|  GPU   GI   CI              PID   Type   Process name                        GPU Memory |
|        ID   ID                                                               Usage      |
|=========================================================================================|
|    0   N/A  N/A            1147      G   /usr/lib/xorg/Xorg                        4MiB |
|    0   N/A  N/A         2598792      C   /opt/conda/bin/python                   524MiB |
+-----------------------------------------------------------------------------------------+
-------------------------------------
2026-01-05 17:04:12
Mon Jan  5 17:04:12 2026       
+-----------------------------------------------------------------------------------------+
| NVIDIA-SMI 580.95.05              Driver Version: 580.95.05      CUDA Version: 13.0     |
+-----------------------------------------+------------------------+----------------------+
| GPU  Name                 Persistence-M | Bus-Id          Disp.A | Volatile Uncorr. ECC |
| Fan  Temp   Perf          Pwr:Usage/Cap |           Memory-Usage | GPU-Util  Compute M. |
|                                         |                        |               MIG M. |
|=========================================+========================+======================|
|   0  NVIDIA A16                     Off |   00000000:00:10.0 Off |                    0 |
|  0%   56C    P0             31W /   62W |     546MiB /  15356MiB |      0%      Default |
|                                         |                        |                  N/A |
+-----------------------------------------+------------------------+----------------------+

+-----------------------------------------------------------------------------------------+
| Processes:                                                                              |
|  GPU   GI   CI              PID   Type   Process name                        GPU Memory |
|        ID   ID                                                               Usage      |
|=========================================================================================|
|    0   N/A  N/A            1147      G   /usr/lib/xorg/Xorg                        4MiB |
|    0   N/A  N/A         2598792      C   /opt/conda/bin/python                   524MiB |
+-----------------------------------------------------------------------------------------+
-------------------------------------
2026-01-05 17:04:14
Mon Jan  5 17:04:14 2026       
+-----------------------------------------------------------------------------------------+
| NVIDIA-SMI 580.95.05              Driver Version: 580.95.05      CUDA Version: 13.0     |
+-----------------------------------------+------------------------+----------------------+
| GPU  Name                 Persistence-M | Bus-Id          Disp.A | Volatile Uncorr. ECC |
| Fan  Temp   Perf          Pwr:Usage/Cap |           Memory-Usage | GPU-Util  Compute M. |
|                                         |                        |               MIG M. |
|=========================================+========================+======================|
|   0  NVIDIA A16                     Off |   00000000:00:10.0 Off |                    0 |
|  0%   56C    P0             31W /   62W |     546MiB /  15356MiB |      0%      Default |
|                                         |                        |                  N/A |
+-----------------------------------------+------------------------+----------------------+

+-----------------------------------------------------------------------------------------+
| Processes:                                                                              |
|  GPU   GI   CI              PID   Type   Process name                        GPU Memory |
|        ID   ID                                                               Usage      |
|=========================================================================================|
|    0   N/A  N/A            1147      G   /usr/lib/xorg/Xorg                        4MiB |
|    0   N/A  N/A         2598792      C   /opt/conda/bin/python                   524MiB |
+-----------------------------------------------------------------------------------------+
-------------------------------------
2026-01-05 17:04:16
Mon Jan  5 17:04:16 2026       
+-----------------------------------------------------------------------------------------+
| NVIDIA-SMI 580.95.05              Driver Version: 580.95.05      CUDA Version: 13.0     |
+-----------------------------------------+------------------------+----------------------+
| GPU  Name                 Persistence-M | Bus-Id          Disp.A | Volatile Uncorr. ECC |
| Fan  Temp   Perf          Pwr:Usage/Cap |           Memory-Usage | GPU-Util  Compute M. |
|                                         |                        |               MIG M. |
|=========================================+========================+======================|
|   0  NVIDIA A16                     Off |   00000000:00:10.0 Off |                    0 |
|  0%   56C    P0             31W /   62W |     546MiB /  15356MiB |      0%      Default |
|                                         |                        |                  N/A |
+-----------------------------------------+------------------------+----------------------+

+-----------------------------------------------------------------------------------------+
| Processes:                                                                              |
|  GPU   GI   CI              PID   Type   Process name                        GPU Memory |
|        ID   ID                                                               Usage      |
|=========================================================================================|
|    0   N/A  N/A            1147      G   /usr/lib/xorg/Xorg                        4MiB |
|    0   N/A  N/A         2598792      C   /opt/conda/bin/python                   524MiB |
+-----------------------------------------------------------------------------------------+
-------------------------------------
2026-01-05 17:04:18
Mon Jan  5 17:04:18 2026       
+-----------------------------------------------------------------------------------------+
| NVIDIA-SMI 580.95.05              Driver Version: 580.95.05      CUDA Version: 13.0     |
+-----------------------------------------+------------------------+----------------------+
| GPU  Name                 Persistence-M | Bus-Id          Disp.A | Volatile Uncorr. ECC |
| Fan  Temp   Perf          Pwr:Usage/Cap |           Memory-Usage | GPU-Util  Compute M. |
|                                         |                        |               MIG M. |
|=========================================+========================+======================|
|   0  NVIDIA A16                     Off |   00000000:00:10.0 Off |                    0 |
|  0%   56C    P0             31W /   62W |     546MiB /  15356MiB |      0%      Default |
|                                         |                        |                  N/A |
+-----------------------------------------+------------------------+----------------------+

+-----------------------------------------------------------------------------------------+
| Processes:                                                                              |
|  GPU   GI   CI              PID   Type   Process name                        GPU Memory |
|        ID   ID                                                               Usage      |
|=========================================================================================|
|    0   N/A  N/A            1147      G   /usr/lib/xorg/Xorg                        4MiB |
|    0   N/A  N/A         2598792      C   /opt/conda/bin/python                   524MiB |
+-----------------------------------------------------------------------------------------+
-------------------------------------
2026-01-05 17:04:20
Mon Jan  5 17:04:20 2026       
+-----------------------------------------------------------------------------------------+
| NVIDIA-SMI 580.95.05              Driver Version: 580.95.05      CUDA Version: 13.0     |
+-----------------------------------------+------------------------+----------------------+
| GPU  Name                 Persistence-M | Bus-Id          Disp.A | Volatile Uncorr. ECC |
| Fan  Temp   Perf          Pwr:Usage/Cap |           Memory-Usage | GPU-Util  Compute M. |
|                                         |                        |               MIG M. |
|=========================================+========================+======================|
|   0  NVIDIA A16                     Off |   00000000:00:10.0 Off |                    0 |
|  0%   56C    P0             31W /   62W |     546MiB /  15356MiB |      0%      Default |
|                                         |                        |                  N/A |
+-----------------------------------------+------------------------+----------------------+

+-----------------------------------------------------------------------------------------+
| Processes:                                                                              |
|  GPU   GI   CI              PID   Type   Process name                        GPU Memory |
|        ID   ID                                                               Usage      |
|=========================================================================================|
|    0   N/A  N/A            1147      G   /usr/lib/xorg/Xorg                        4MiB |
|    0   N/A  N/A         2598792      C   /opt/conda/bin/python                   524MiB |
+-----------------------------------------------------------------------------------------+
-------------------------------------
2026-01-05 17:04:22
Mon Jan  5 17:04:22 2026       
+-----------------------------------------------------------------------------------------+
| NVIDIA-SMI 580.95.05              Driver Version: 580.95.05      CUDA Version: 13.0     |
+-----------------------------------------+------------------------+----------------------+
| GPU  Name                 Persistence-M | Bus-Id          Disp.A | Volatile Uncorr. ECC |
| Fan  Temp   Perf          Pwr:Usage/Cap |           Memory-Usage | GPU-Util  Compute M. |
|                                         |                        |               MIG M. |
|=========================================+========================+======================|
|   0  NVIDIA A16                     Off |   00000000:00:10.0 Off |                    0 |
|  0%   56C    P0             31W /   62W |     546MiB /  15356MiB |      0%      Default |
|                                         |                        |                  N/A |
+-----------------------------------------+------------------------+----------------------+

+-----------------------------------------------------------------------------------------+
| Processes:                                                                              |
|  GPU   GI   CI              PID   Type   Process name                        GPU Memory |
|        ID   ID                                                               Usage      |
|=========================================================================================|
|    0   N/A  N/A            1147      G   /usr/lib/xorg/Xorg                        4MiB |
|    0   N/A  N/A         2598792      C   /opt/conda/bin/python                   524MiB |
+-----------------------------------------------------------------------------------------+
-------------------------------------
2026-01-05 17:04:25
Mon Jan  5 17:04:25 2026       
+-----------------------------------------------------------------------------------------+
| NVIDIA-SMI 580.95.05              Driver Version: 580.95.05      CUDA Version: 13.0     |
+-----------------------------------------+------------------------+----------------------+
| GPU  Name                 Persistence-M | Bus-Id          Disp.A | Volatile Uncorr. ECC |
| Fan  Temp   Perf          Pwr:Usage/Cap |           Memory-Usage | GPU-Util  Compute M. |
|                                         |                        |               MIG M. |
|=========================================+========================+======================|
|   0  NVIDIA A16                     Off |   00000000:00:10.0 Off |                    0 |
|  0%   56C    P0             31W /   62W |     546MiB /  15356MiB |      0%      Default |
|                                         |                        |                  N/A |
+-----------------------------------------+------------------------+----------------------+

+-----------------------------------------------------------------------------------------+
| Processes:                                                                              |
|  GPU   GI   CI              PID   Type   Process name                        GPU Memory |
|        ID   ID                                                               Usage      |
|=========================================================================================|
|    0   N/A  N/A            1147      G   /usr/lib/xorg/Xorg                        4MiB |
|    0   N/A  N/A         2598792      C   /opt/conda/bin/python                   524MiB |
+-----------------------------------------------------------------------------------------+
-------------------------------------
2026-01-05 17:04:27
Mon Jan  5 17:04:27 2026       
+-----------------------------------------------------------------------------------------+
| NVIDIA-SMI 580.95.05              Driver Version: 580.95.05      CUDA Version: 13.0     |
+-----------------------------------------+------------------------+----------------------+
| GPU  Name                 Persistence-M | Bus-Id          Disp.A | Volatile Uncorr. ECC |
| Fan  Temp   Perf          Pwr:Usage/Cap |           Memory-Usage | GPU-Util  Compute M. |
|                                         |                        |               MIG M. |
|=========================================+========================+======================|
|   0  NVIDIA A16                     Off |   00000000:00:10.0 Off |                    0 |
|  0%   55C    P0             31W /   62W |     546MiB /  15356MiB |      0%      Default |
|                                         |                        |                  N/A |
+-----------------------------------------+------------------------+----------------------+

+-----------------------------------------------------------------------------------------+
| Processes:                                                                              |
|  GPU   GI   CI              PID   Type   Process name                        GPU Memory |
|        ID   ID                                                               Usage      |
|=========================================================================================|
|    0   N/A  N/A            1147      G   /usr/lib/xorg/Xorg                        4MiB |
|    0   N/A  N/A         2598792      C   /opt/conda/bin/python                   524MiB |
+-----------------------------------------------------------------------------------------+
-------------------------------------
2026-01-05 17:04:29
Mon Jan  5 17:04:29 2026       
+-----------------------------------------------------------------------------------------+
| NVIDIA-SMI 580.95.05              Driver Version: 580.95.05      CUDA Version: 13.0     |
+-----------------------------------------+------------------------+----------------------+
| GPU  Name                 Persistence-M | Bus-Id          Disp.A | Volatile Uncorr. ECC |
| Fan  Temp   Perf          Pwr:Usage/Cap |           Memory-Usage | GPU-Util  Compute M. |
|                                         |                        |               MIG M. |
|=========================================+========================+======================|
|   0  NVIDIA A16                     Off |   00000000:00:10.0 Off |                    0 |
|  0%   56C    P0             31W /   62W |     546MiB /  15356MiB |      0%      Default |
|                                         |                        |                  N/A |
+-----------------------------------------+------------------------+----------------------+

+-----------------------------------------------------------------------------------------+
| Processes:                                                                              |
|  GPU   GI   CI              PID   Type   Process name                        GPU Memory |
|        ID   ID                                                               Usage      |
|=========================================================================================|
|    0   N/A  N/A            1147      G   /usr/lib/xorg/Xorg                        4MiB |
|    0   N/A  N/A         2598792      C   /opt/conda/bin/python                   524MiB |
+-----------------------------------------------------------------------------------------+
-------------------------------------
2026-01-05 17:04:31
Mon Jan  5 17:04:31 2026       
+-----------------------------------------------------------------------------------------+
| NVIDIA-SMI 580.95.05              Driver Version: 580.95.05      CUDA Version: 13.0     |
+-----------------------------------------+------------------------+----------------------+
| GPU  Name                 Persistence-M | Bus-Id          Disp.A | Volatile Uncorr. ECC |
| Fan  Temp   Perf          Pwr:Usage/Cap |           Memory-Usage | GPU-Util  Compute M. |
|                                         |                        |               MIG M. |
|=========================================+========================+======================|
|   0  NVIDIA A16                     Off |   00000000:00:10.0 Off |                    0 |
|  0%   56C    P0             31W /   62W |     546MiB /  15356MiB |      0%      Default |
|                                         |                        |                  N/A |
+-----------------------------------------+------------------------+----------------------+

+-----------------------------------------------------------------------------------------+
| Processes:                                                                              |
|  GPU   GI   CI              PID   Type   Process name                        GPU Memory |
|        ID   ID                                                               Usage      |
|=========================================================================================|
|    0   N/A  N/A            1147      G   /usr/lib/xorg/Xorg                        4MiB |
|    0   N/A  N/A         2598792      C   /opt/conda/bin/python                   524MiB |
+-----------------------------------------------------------------------------------------+
-------------------------------------
2026-01-05 17:04:33
Mon Jan  5 17:04:33 2026       
+-----------------------------------------------------------------------------------------+
| NVIDIA-SMI 580.95.05              Driver Version: 580.95.05      CUDA Version: 13.0     |
+-----------------------------------------+------------------------+----------------------+
| GPU  Name                 Persistence-M | Bus-Id          Disp.A | Volatile Uncorr. ECC |
| Fan  Temp   Perf          Pwr:Usage/Cap |           Memory-Usage | GPU-Util  Compute M. |
|                                         |                        |               MIG M. |
|=========================================+========================+======================|
|   0  NVIDIA A16                     Off |   00000000:00:10.0 Off |                    0 |
|  0%   55C    P0             31W /   62W |     546MiB /  15356MiB |      0%      Default |
|                                         |                        |                  N/A |
+-----------------------------------------+------------------------+----------------------+

+-----------------------------------------------------------------------------------------+
| Processes:                                                                              |
|  GPU   GI   CI              PID   Type   Process name                        GPU Memory |
|        ID   ID                                                               Usage      |
|=========================================================================================|
|    0   N/A  N/A            1147      G   /usr/lib/xorg/Xorg                        4MiB |
|    0   N/A  N/A         2598792      C   /opt/conda/bin/python                   524MiB |
+-----------------------------------------------------------------------------------------+
-------------------------------------
2026-01-05 17:04:35
Mon Jan  5 17:04:35 2026       
+-----------------------------------------------------------------------------------------+
| NVIDIA-SMI 580.95.05              Driver Version: 580.95.05      CUDA Version: 13.0     |
+-----------------------------------------+------------------------+----------------------+
| GPU  Name                 Persistence-M | Bus-Id          Disp.A | Volatile Uncorr. ECC |
| Fan  Temp   Perf          Pwr:Usage/Cap |           Memory-Usage | GPU-Util  Compute M. |
|                                         |                        |               MIG M. |
|=========================================+========================+======================|
|   0  NVIDIA A16                     Off |   00000000:00:10.0 Off |                    0 |
|  0%   55C    P0             31W /   62W |     546MiB /  15356MiB |      0%      Default |
|                                         |                        |                  N/A |
+-----------------------------------------+------------------------+----------------------+

+-----------------------------------------------------------------------------------------+
| Processes:                                                                              |
|  GPU   GI   CI              PID   Type   Process name                        GPU Memory |
|        ID   ID                                                               Usage      |
|=========================================================================================|
|    0   N/A  N/A            1147      G   /usr/lib/xorg/Xorg                        4MiB |
|    0   N/A  N/A         2598792      C   /opt/conda/bin/python                   524MiB |
+-----------------------------------------------------------------------------------------+
-------------------------------------
2026-01-05 17:04:37
Mon Jan  5 17:04:38 2026       
+-----------------------------------------------------------------------------------------+
| NVIDIA-SMI 580.95.05              Driver Version: 580.95.05      CUDA Version: 13.0     |
+-----------------------------------------+------------------------+----------------------+
| GPU  Name                 Persistence-M | Bus-Id          Disp.A | Volatile Uncorr. ECC |
| Fan  Temp   Perf          Pwr:Usage/Cap |           Memory-Usage | GPU-Util  Compute M. |
|                                         |                        |               MIG M. |
|=========================================+========================+======================|
|   0  NVIDIA A16                     Off |   00000000:00:10.0 Off |                    0 |
|  0%   55C    P0             31W /   62W |     546MiB /  15356MiB |      0%      Default |
|                                         |                        |                  N/A |
+-----------------------------------------+------------------------+----------------------+

+-----------------------------------------------------------------------------------------+
| Processes:                                                                              |
|  GPU   GI   CI              PID   Type   Process name                        GPU Memory |
|        ID   ID                                                               Usage      |
|=========================================================================================|
|    0   N/A  N/A            1147      G   /usr/lib/xorg/Xorg                        4MiB |
|    0   N/A  N/A         2598792      C   /opt/conda/bin/python                   524MiB |
+-----------------------------------------------------------------------------------------+
-------------------------------------
2026-01-05 17:04:40
Mon Jan  5 17:04:40 2026       
+-----------------------------------------------------------------------------------------+
| NVIDIA-SMI 580.95.05              Driver Version: 580.95.05      CUDA Version: 13.0     |
+-----------------------------------------+------------------------+----------------------+
| GPU  Name                 Persistence-M | Bus-Id          Disp.A | Volatile Uncorr. ECC |
| Fan  Temp   Perf          Pwr:Usage/Cap |           Memory-Usage | GPU-Util  Compute M. |
|                                         |                        |               MIG M. |
|=========================================+========================+======================|
|   0  NVIDIA A16                     Off |   00000000:00:10.0 Off |                    0 |
|  0%   55C    P0             30W /   62W |     546MiB /  15356MiB |      0%      Default |
|                                         |                        |                  N/A |
+-----------------------------------------+------------------------+----------------------+

+-----------------------------------------------------------------------------------------+
| Processes:                                                                              |
|  GPU   GI   CI              PID   Type   Process name                        GPU Memory |
|        ID   ID                                                               Usage      |
|=========================================================================================|
|    0   N/A  N/A            1147      G   /usr/lib/xorg/Xorg                        4MiB |
|    0   N/A  N/A         2598792      C   /opt/conda/bin/python                   524MiB |
+-----------------------------------------------------------------------------------------+
-------------------------------------
2026-01-05 17:04:42
Mon Jan  5 17:04:42 2026       
+-----------------------------------------------------------------------------------------+
| NVIDIA-SMI 580.95.05              Driver Version: 580.95.05      CUDA Version: 13.0     |
+-----------------------------------------+------------------------+----------------------+
| GPU  Name                 Persistence-M | Bus-Id          Disp.A | Volatile Uncorr. ECC |
| Fan  Temp   Perf          Pwr:Usage/Cap |           Memory-Usage | GPU-Util  Compute M. |
|                                         |                        |               MIG M. |
|=========================================+========================+======================|
|   0  NVIDIA A16                     Off |   00000000:00:10.0 Off |                    0 |
|  0%   55C    P0             30W /   62W |     546MiB /  15356MiB |      0%      Default |
|                                         |                        |                  N/A |
+-----------------------------------------+------------------------+----------------------+

+-----------------------------------------------------------------------------------------+
| Processes:                                                                              |
|  GPU   GI   CI              PID   Type   Process name                        GPU Memory |
|        ID   ID                                                               Usage      |
|=========================================================================================|
|    0   N/A  N/A            1147      G   /usr/lib/xorg/Xorg                        4MiB |
|    0   N/A  N/A         2598792      C   /opt/conda/bin/python                   524MiB |
+-----------------------------------------------------------------------------------------+
-------------------------------------
2026-01-05 17:04:44
Mon Jan  5 17:04:44 2026       
+-----------------------------------------------------------------------------------------+
| NVIDIA-SMI 580.95.05              Driver Version: 580.95.05      CUDA Version: 13.0     |
+-----------------------------------------+------------------------+----------------------+
| GPU  Name                 Persistence-M | Bus-Id          Disp.A | Volatile Uncorr. ECC |
| Fan  Temp   Perf          Pwr:Usage/Cap |           Memory-Usage | GPU-Util  Compute M. |
|                                         |                        |               MIG M. |
|=========================================+========================+======================|
|   0  NVIDIA A16                     Off |   00000000:00:10.0 Off |                    0 |
|  0%   55C    P0             31W /   62W |     546MiB /  15356MiB |      0%      Default |
|                                         |                        |                  N/A |
+-----------------------------------------+------------------------+----------------------+

+-----------------------------------------------------------------------------------------+
| Processes:                                                                              |
|  GPU   GI   CI              PID   Type   Process name                        GPU Memory |
|        ID   ID                                                               Usage      |
|=========================================================================================|
|    0   N/A  N/A            1147      G   /usr/lib/xorg/Xorg                        4MiB |
|    0   N/A  N/A         2598792      C   /opt/conda/bin/python                   524MiB |
+-----------------------------------------------------------------------------------------+
-------------------------------------
2026-01-05 17:04:46
Mon Jan  5 17:04:46 2026       
+-----------------------------------------------------------------------------------------+
| NVIDIA-SMI 580.95.05              Driver Version: 580.95.05      CUDA Version: 13.0     |
+-----------------------------------------+------------------------+----------------------+
| GPU  Name                 Persistence-M | Bus-Id          Disp.A | Volatile Uncorr. ECC |
| Fan  Temp   Perf          Pwr:Usage/Cap |           Memory-Usage | GPU-Util  Compute M. |
|                                         |                        |               MIG M. |
|=========================================+========================+======================|
|   0  NVIDIA A16                     Off |   00000000:00:10.0 Off |                    0 |
|  0%   55C    P0             30W /   62W |     546MiB /  15356MiB |      0%      Default |
|                                         |                        |                  N/A |
+-----------------------------------------+------------------------+----------------------+

+-----------------------------------------------------------------------------------------+
| Processes:                                                                              |
|  GPU   GI   CI              PID   Type   Process name                        GPU Memory |
|        ID   ID                                                               Usage      |
|=========================================================================================|
|    0   N/A  N/A            1147      G   /usr/lib/xorg/Xorg                        4MiB |
|    0   N/A  N/A         2598792      C   /opt/conda/bin/python                   524MiB |
+-----------------------------------------------------------------------------------------+
-------------------------------------
2026-01-05 17:04:48
Mon Jan  5 17:04:48 2026       
+-----------------------------------------------------------------------------------------+
| NVIDIA-SMI 580.95.05              Driver Version: 580.95.05      CUDA Version: 13.0     |
+-----------------------------------------+------------------------+----------------------+
| GPU  Name                 Persistence-M | Bus-Id          Disp.A | Volatile Uncorr. ECC |
| Fan  Temp   Perf          Pwr:Usage/Cap |           Memory-Usage | GPU-Util  Compute M. |
|                                         |                        |               MIG M. |
|=========================================+========================+======================|
|   0  NVIDIA A16                     Off |   00000000:00:10.0 Off |                    0 |
|  0%   55C    P0             31W /   62W |     546MiB /  15356MiB |      0%      Default |
|                                         |                        |                  N/A |
+-----------------------------------------+------------------------+----------------------+

+-----------------------------------------------------------------------------------------+
| Processes:                                                                              |
|  GPU   GI   CI              PID   Type   Process name                        GPU Memory |
|        ID   ID                                                               Usage      |
|=========================================================================================|
|    0   N/A  N/A            1147      G   /usr/lib/xorg/Xorg                        4MiB |
|    0   N/A  N/A         2598792      C   /opt/conda/bin/python                   524MiB |
+-----------------------------------------------------------------------------------------+
-------------------------------------
2026-01-05 17:04:50
Mon Jan  5 17:04:50 2026       
+-----------------------------------------------------------------------------------------+
| NVIDIA-SMI 580.95.05              Driver Version: 580.95.05      CUDA Version: 13.0     |
+-----------------------------------------+------------------------+----------------------+
| GPU  Name                 Persistence-M | Bus-Id          Disp.A | Volatile Uncorr. ECC |
| Fan  Temp   Perf          Pwr:Usage/Cap |           Memory-Usage | GPU-Util  Compute M. |
|                                         |                        |               MIG M. |
|=========================================+========================+======================|
|   0  NVIDIA A16                     Off |   00000000:00:10.0 Off |                    0 |
|  0%   56C    P0             31W /   62W |     546MiB /  15356MiB |      0%      Default |
|                                         |                        |                  N/A |
+-----------------------------------------+------------------------+----------------------+

+-----------------------------------------------------------------------------------------+
| Processes:                                                                              |
|  GPU   GI   CI              PID   Type   Process name                        GPU Memory |
|        ID   ID                                                               Usage      |
|=========================================================================================|
|    0   N/A  N/A            1147      G   /usr/lib/xorg/Xorg                        4MiB |
|    0   N/A  N/A         2598792      C   /opt/conda/bin/python                   524MiB |
+-----------------------------------------------------------------------------------------+
-------------------------------------
2026-01-05 17:04:53
Mon Jan  5 17:04:53 2026       
+-----------------------------------------------------------------------------------------+
| NVIDIA-SMI 580.95.05              Driver Version: 580.95.05      CUDA Version: 13.0     |
+-----------------------------------------+------------------------+----------------------+
| GPU  Name                 Persistence-M | Bus-Id          Disp.A | Volatile Uncorr. ECC |
| Fan  Temp   Perf          Pwr:Usage/Cap |           Memory-Usage | GPU-Util  Compute M. |
|                                         |                        |               MIG M. |
|=========================================+========================+======================|
|   0  NVIDIA A16                     Off |   00000000:00:10.0 Off |                    0 |
|  0%   55C    P0             30W /   62W |     546MiB /  15356MiB |      0%      Default |
|                                         |                        |                  N/A |
+-----------------------------------------+------------------------+----------------------+

+-----------------------------------------------------------------------------------------+
| Processes:                                                                              |
|  GPU   GI   CI              PID   Type   Process name                        GPU Memory |
|        ID   ID                                                               Usage      |
|=========================================================================================|
|    0   N/A  N/A            1147      G   /usr/lib/xorg/Xorg                        4MiB |
|    0   N/A  N/A         2598792      C   /opt/conda/bin/python                   524MiB |
+-----------------------------------------------------------------------------------------+
-------------------------------------
2026-01-05 17:04:55
Mon Jan  5 17:04:55 2026       
+-----------------------------------------------------------------------------------------+
| NVIDIA-SMI 580.95.05              Driver Version: 580.95.05      CUDA Version: 13.0     |
+-----------------------------------------+------------------------+----------------------+
| GPU  Name                 Persistence-M | Bus-Id          Disp.A | Volatile Uncorr. ECC |
| Fan  Temp   Perf          Pwr:Usage/Cap |           Memory-Usage | GPU-Util  Compute M. |
|                                         |                        |               MIG M. |
|=========================================+========================+======================|
|   0  NVIDIA A16                     Off |   00000000:00:10.0 Off |                    0 |
|  0%   55C    P0             30W /   62W |     546MiB /  15356MiB |      0%      Default |
|                                         |                        |                  N/A |
+-----------------------------------------+------------------------+----------------------+

+-----------------------------------------------------------------------------------------+
| Processes:                                                                              |
|  GPU   GI   CI              PID   Type   Process name                        GPU Memory |
|        ID   ID                                                               Usage      |
|=========================================================================================|
|    0   N/A  N/A            1147      G   /usr/lib/xorg/Xorg                        4MiB |
|    0   N/A  N/A         2598792      C   /opt/conda/bin/python                   524MiB |
+-----------------------------------------------------------------------------------------+
-------------------------------------
2026-01-05 17:04:57
Mon Jan  5 17:04:57 2026       
+-----------------------------------------------------------------------------------------+
| NVIDIA-SMI 580.95.05              Driver Version: 580.95.05      CUDA Version: 13.0     |
+-----------------------------------------+------------------------+----------------------+
| GPU  Name                 Persistence-M | Bus-Id          Disp.A | Volatile Uncorr. ECC |
| Fan  Temp   Perf          Pwr:Usage/Cap |           Memory-Usage | GPU-Util  Compute M. |
|                                         |                        |               MIG M. |
|=========================================+========================+======================|
|   0  NVIDIA A16                     Off |   00000000:00:10.0 Off |                    0 |
|  0%   55C    P0             31W /   62W |     546MiB /  15356MiB |      0%      Default |
|                                         |                        |                  N/A |
+-----------------------------------------+------------------------+----------------------+

+-----------------------------------------------------------------------------------------+
| Processes:                                                                              |
|  GPU   GI   CI              PID   Type   Process name                        GPU Memory |
|        ID   ID                                                               Usage      |
|=========================================================================================|
|    0   N/A  N/A            1147      G   /usr/lib/xorg/Xorg                        4MiB |
|    0   N/A  N/A         2598792      C   /opt/conda/bin/python                   524MiB |
+-----------------------------------------------------------------------------------------+
-------------------------------------
2026-01-05 17:04:59
Mon Jan  5 17:04:59 2026       
+-----------------------------------------------------------------------------------------+
| NVIDIA-SMI 580.95.05              Driver Version: 580.95.05      CUDA Version: 13.0     |
+-----------------------------------------+------------------------+----------------------+
| GPU  Name                 Persistence-M | Bus-Id          Disp.A | Volatile Uncorr. ECC |
| Fan  Temp   Perf          Pwr:Usage/Cap |           Memory-Usage | GPU-Util  Compute M. |
|                                         |                        |               MIG M. |
|=========================================+========================+======================|
|   0  NVIDIA A16                     Off |   00000000:00:10.0 Off |                    0 |
|  0%   55C    P0             31W /   62W |     546MiB /  15356MiB |      0%      Default |
|                                         |                        |                  N/A |
+-----------------------------------------+------------------------+----------------------+

+-----------------------------------------------------------------------------------------+
| Processes:                                                                              |
|  GPU   GI   CI              PID   Type   Process name                        GPU Memory |
|        ID   ID                                                               Usage      |
|=========================================================================================|
|    0   N/A  N/A            1147      G   /usr/lib/xorg/Xorg                        4MiB |
|    0   N/A  N/A         2598792      C   /opt/conda/bin/python                   524MiB |
+-----------------------------------------------------------------------------------------+
-------------------------------------
2026-01-05 17:05:01
Mon Jan  5 17:05:01 2026       
+-----------------------------------------------------------------------------------------+
| NVIDIA-SMI 580.95.05              Driver Version: 580.95.05      CUDA Version: 13.0     |
+-----------------------------------------+------------------------+----------------------+
| GPU  Name                 Persistence-M | Bus-Id          Disp.A | Volatile Uncorr. ECC |
| Fan  Temp   Perf          Pwr:Usage/Cap |           Memory-Usage | GPU-Util  Compute M. |
|                                         |                        |               MIG M. |
|=========================================+========================+======================|
|   0  NVIDIA A16                     Off |   00000000:00:10.0 Off |                    0 |
|  0%   55C    P0             31W /   62W |     546MiB /  15356MiB |      0%      Default |
|                                         |                        |                  N/A |
+-----------------------------------------+------------------------+----------------------+

+-----------------------------------------------------------------------------------------+
| Processes:                                                                              |
|  GPU   GI   CI              PID   Type   Process name                        GPU Memory |
|        ID   ID                                                               Usage      |
|=========================================================================================|
|    0   N/A  N/A            1147      G   /usr/lib/xorg/Xorg                        4MiB |
|    0   N/A  N/A         2598792      C   /opt/conda/bin/python                   524MiB |
+-----------------------------------------------------------------------------------------+
-------------------------------------
2026-01-05 17:05:03
Mon Jan  5 17:05:03 2026       
+-----------------------------------------------------------------------------------------+
| NVIDIA-SMI 580.95.05              Driver Version: 580.95.05      CUDA Version: 13.0     |
+-----------------------------------------+------------------------+----------------------+
| GPU  Name                 Persistence-M | Bus-Id          Disp.A | Volatile Uncorr. ECC |
| Fan  Temp   Perf          Pwr:Usage/Cap |           Memory-Usage | GPU-Util  Compute M. |
|                                         |                        |               MIG M. |
|=========================================+========================+======================|
|   0  NVIDIA A16                     Off |   00000000:00:10.0 Off |                    0 |
|  0%   55C    P0             31W /   62W |     546MiB /  15356MiB |      0%      Default |
|                                         |                        |                  N/A |
+-----------------------------------------+------------------------+----------------------+

+-----------------------------------------------------------------------------------------+
| Processes:                                                                              |
|  GPU   GI   CI              PID   Type   Process name                        GPU Memory |
|        ID   ID                                                               Usage      |
|=========================================================================================|
|    0   N/A  N/A            1147      G   /usr/lib/xorg/Xorg                        4MiB |
|    0   N/A  N/A         2598792      C   /opt/conda/bin/python                   524MiB |
+-----------------------------------------------------------------------------------------+
-------------------------------------
